YAL001C	YOR110W
YAL003W	YEL034W
YAL003W	YHR064C
YAL011W	YDR190C
YAL011W	YPL235W
YAL013W	YBR095C
YAL013W	YNL097C
YAL013W	YNL330C
YAL013W	YOL004W
YAL013W	YPL139C
YAL021C	YGR134W
YAL021C	YNL288W
YAL021C	YNR052C
YAL024C	YHR158C
YAL026C	YLR447C
YAL027W	YPL022W
YAL043C	YDR301W
YAL043C	YER133W
YAL043C	YJR093C
YAL043C	YKL018W
YAL043C	YKL059C
YAL043C	YKR002W
YAL043C	YMR061W
YAL043C	YOR179C
YAR002C-A	YGL200C
YAR002C-A	YML012W
YAR003W	YBR175W
YAR003W	YBR258C
YAR003W	YKL018W
YAR003W	YPL138C
YAR073W	YGR085C
YAR073W	YHR216W
YAR073W	YJR123W
YAR073W	YML056C
YAR073W	YMR242C
YAR073W	YOR096W
YAR073W	YPL198W
YBL004W	YDL148C
YBL004W	YDL213C
YBL004W	YDR064W
YBL004W	YER082C
YBL004W	YGR090W
YBL004W	YHR148W
YBL004W	YKR060W
YBL004W	YLR129W
YBL004W	YLR197W
YBL004W	YMR093W
YBL004W	YMR229C
YBL004W	YNL132W
YBL004W	YOR096W
YBL004W	YPL217C
YBL004W	YPR144C
YBL018C	YGR030C
YBL018C	YHR062C
YBL018C	YNL282W
YBL026W	YDL098C
YBL026W	YDL160C
YBL026W	YDR378C
YBL026W	YER146W
YBL026W	YGL173C
YBL026W	YGR091W
YBL026W	YHR165C
YBL026W	YJR022W
YBL026W	YLR438C-A
YBL026W	YMR268C
YBL026W	YNL147W
YBL026W	YPR082C
YBL035C	YIR008C
YBL035C	YKL045W
YBL038W	YBR122C
YBL038W	YCR046C
YBL038W	YCR071C
YBL038W	YDR116C
YBL038W	YDR237W
YBL038W	YDR322W
YBL038W	YMR024W
YBL038W	YNL284C
YBL038W	YOR150W
YBL041W	YER012W
YBL041W	YER094C
YBL041W	YFR050C
YBL041W	YJL001W
YBL041W	YML092C
YBL041W	YMR314W
YBL041W	YOR157C
YBL041W	YPR103W
YBL045C	YPR191W
YBL056W	YDR071C
YBL084C	YHR166C
YBL084C	YLR127C
YBL093C	YBR253W
YBL093C	YDL005C
YBL093C	YGL127C
YBL093C	YGL151W
YBL093C	YHR041C
YBL093C	YHR058C
YBL093C	YNR010W
YBL093C	YOL051W
YBL093C	YOR174W
YBL093C	YPR070W
YBL099W	YJR121W
YBL103C	YOL067C
YBR011C	YPL066W
YBR025C	YGL195W
YBR025C	YJR121W
YBR081C	YCL010C
YBR081C	YDR145W
YBR081C	YDR167W
YBR081C	YDR176W
YBR081C	YDR392W
YBR081C	YDR448W
YBR081C	YGL112C
YBR081C	YGR252W
YBR081C	YGR274C
YBR081C	YML015C
YBR081C	YMR236W
YBR081C	YPL011C
YBR084W	YDR471W
YBR084W	YFR031C-A
YBR084W	YHR010W
YBR084W	YLR075W
YBR084W	YLR340W
YBR087W	YNL290W
YBR087W	YOR217W
YBR094W	YEL015W
YBR095C	YNL097C
YBR095C	YNL330C
YBR095C	YOL004W
YBR095C	YPL139C
YBR103W	YDR155C
YBR103W	YGL194C
YBR103W	YIL112W
YBR103W	YKR029C
YBR105C	YGL227W
YBR105C	YIL017C
YBR105C	YMR135C
YBR107C	YBR211C
YBR107C	YDR254W
YBR107C	YDR318W
YBR122C	YCR046C
YBR122C	YCR071C
YBR122C	YDR116C
YBR122C	YDR237W
YBR122C	YDR322W
YBR122C	YHR147C
YBR122C	YMR024W
YBR122C	YOR150W
YBR125C	YDR071C
YBR130C	YGL106W
YBR135W	YBR160W
YBR135W	YDL155W
YBR135W	YKR091W
YBR135W	YMR199W
YBR142W	YDR496C
YBR142W	YGL076C
YBR142W	YGR085C
YBR142W	YLL008W
YBR142W	YLL045C
YBR142W	YMR229C
YBR142W	YMR290C
YBR142W	YNL061W
YBR142W	YOL041C
YBR142W	YPL198W
YBR142W	YPL249C-A
YBR152W	YDL098C
YBR152W	YGR091W
YBR154C	YDL115C
YBR154C	YDL150W
YBR154C	YDR156W
YBR154C	YGR005C
YBR154C	YGR186W
YBR154C	YIL021W
YBR154C	YJL148W
YBR154C	YKR025W
YBR154C	YNL113W
YBR154C	YOR340C
YBR154C	YPR010C
YBR160W	YDL155W
YBR175W	YKL018W
YBR175W	YPL138C
YBR196C	YLR044C
YBR196C	YMR186W
YBR196C	YOL086C
YBR211C	YDR254W
YBR211C	YDR318W
YBR211C	YDR383C
YBR211C	YGR179C
YBR215W	YJR140C
YBR215W	YOR038C
YBR225W	YGL197W
YBR225W	YLR310C
YBR245C	YCR052W
YBR245C	YDR190C
YBR245C	YFR037C
YBR245C	YIL126W
YBR245C	YKR008W
YBR245C	YLR033W
YBR245C	YLR357W
YBR245C	YMR072W
YBR245C	YNL030W
YBR245C	YOL017W
YBR245C	YOR304W
YBR251W	YDR041W
YBR251W	YDR175C
YBR251W	YDR347W
YBR251W	YGR165W
YBR251W	YHL004W
YBR251W	YIL093C
YBR251W	YJR113C
YBR251W	YKL003C
YBR251W	YKL155C
YBR251W	YMR158W
YBR251W	YNL306W
YBR251W	YPL013C
YBR253W	YDL005C
YBR253W	YDR448W
YBR253W	YGL127C
YBR253W	YGL151W
YBR253W	YHR041C
YBR253W	YHR058C
YBR253W	YNR010W
YBR253W	YOL051W
YBR253W	YOR174W
YBR253W	YPR070W
YBR254C	YDR246W
YBR254C	YDR407C
YBR254C	YGR166W
YBR254C	YOR115C
YBR258C	YKL018W
YBR258C	YPL138C
YBR282W	YCR046C
YBR282W	YDR116C
YBR282W	YDR237W
YBR282W	YDR322W
YBR282W	YMR024W
YBR289W	YDR073W
YBR289W	YNR023W
YBR289W	YOR290C
YBR289W	YPR034W
YCL010C	YDR145W
YCL010C	YDR167W
YCL010C	YDR176W
YCL010C	YDR392W
YCL010C	YDR448W
YCL010C	YGL112C
YCL010C	YGR252W
YCL010C	YMR236W
YCL016C	YHR191C
YCL043C	YHR204W
YCR002C	YHR107C
YCR002C	YJR076C
YCR004C	YDR032C
YCR020W-B	YCR052W
YCR020W-B	YFR037C
YCR020W-B	YIL126W
YCR020W-B	YKR008W
YCR020W-B	YLR033W
YCR020W-B	YLR321C
YCR020W-B	YLR357W
YCR020W-B	YPR034W
YCR031C	YDL075W
YCR031C	YDL148C
YCR031C	YDR064W
YCR031C	YDR382W
YCR031C	YDR471W
YCR031C	YER074W
YCR031C	YFR031C-A
YCR031C	YGL076C
YCR031C	YGL103W
YCR031C	YGL147C
YCR031C	YGR085C
YCR031C	YHL001W
YCR031C	YHL015W
YCR031C	YHL033C
YCR031C	YJL190C
YCR031C	YJL191W
YCR031C	YJR123W
YCR031C	YKL180W
YCR031C	YLL045C
YCR031C	YLR075W
YCR031C	YLR287C-A
YCR031C	YLR340W
YCR031C	YLR441C
YCR031C	YLR448W
YCR031C	YMR142C
YCR031C	YMR242C
YCR031C	YNL069C
YCR031C	YNL132W
YCR031C	YNL301C
YCR031C	YOL127W
YCR031C	YOR096W
YCR031C	YOR204W
YCR031C	YOR234C
YCR031C	YPL143W
YCR031C	YPL249C-A
YCR035C	YDL111C
YCR035C	YGR095C
YCR035C	YGR195W
YCR035C	YHR081W
YCR035C	YNL189W
YCR035C	YNL232W
YCR035C	YOL021C
YCR035C	YOL142W
YCR035C	YOR001W
YCR035C	YOR076C
YCR046C	YCR071C
YCR046C	YDR116C
YCR046C	YDR237W
YCR046C	YDR322W
YCR046C	YHR147C
YCR046C	YMR024W
YCR046C	YNL177C
YCR046C	YOR150W
YCR052W	YFR037C
YCR052W	YIL126W
YCR052W	YKR008W
YCR052W	YLR033W
YCR052W	YLR321C
YCR052W	YLR357W
YCR052W	YPR034W
YCR060W	YPL235W
YCR063W	YDL030W
YCR063W	YDL209C
YCR063W	YGL128C
YCR063W	YHR165C
YCR063W	YLL036C
YCR063W	YMR213W
YCR063W	YPR101W
YCR066W	YGL058W
YCR071C	YDR116C
YCR071C	YDR237W
YCR071C	YDR322W
YCR071C	YMR024W
YCR071C	YOR150W
YCR072C	YDR101C
YCR072C	YGR245C
YCR072C	YHR197W
YCR072C	YKL009W
YCR072C	YLR325C
YCR072C	YNL182C
YCR072C	YNR053C
YCR072C	YPR016C
YCR073W-A	YER133W
YCR073W-A	YLR028C
YCR079W	YOR323C
YCR088W	YLR429W
YDL005C	YGL127C
YDL005C	YGL151W
YDL005C	YHR041C
YDL005C	YHR058C
YDL005C	YNR010W
YDL005C	YOL051W
YDL005C	YOR174W
YDL005C	YPR070W
YDL007W	YDL097C
YDL007W	YDR363W-A
YDL007W	YFR010W
YDL007W	YHR027C
YDL007W	YKL145W
YDL007W	YMR314W
YDL007W	YOR259C
YDL013W	YKL145W
YDL013W	YOR259C
YDL018C	YML012W
YDL030W	YDL043C
YDL030W	YDL098C
YDL030W	YDL209C
YDL030W	YDR416W
YDL030W	YGL128C
YDL030W	YGR091W
YDL030W	YHR165C
YDL030W	YLL036C
YDL030W	YLR424W
YDL030W	YMR125W
YDL030W	YMR240C
YDL030W	YMR288W
YDL030W	YPL213W
YDL030W	YPR082C
YDL030W	YPR101W
YDL040C	YPL198W
YDL043C	YHR165C
YDL043C	YMR125W
YDL043C	YMR240C
YDL043C	YMR288W
YDL043C	YPL213W
YDL044C	YLR139C
YDL047W	YFR040W
YDL047W	YGR161C
YDL047W	YKR028W
YDL051W	YGR162W
YDL051W	YPL243W
YDL051W	YPR088C
YDL053C	YHR121W
YDL060W	YDR064W
YDL060W	YER074W
YDL060W	YGR081C
YDL060W	YKL143W
YDL060W	YOR096W
YDL060W	YPL204W
YDL066W	YJL034W
YDL070W	YLR399C
YDL075W	YDR064W
YDL075W	YDR101C
YDL075W	YDR382W
YDL075W	YDR471W
YDL075W	YER074W
YDL075W	YFR031C-A
YDL075W	YGL076C
YDL075W	YGL103W
YDL075W	YGL147C
YDL075W	YGR085C
YDL075W	YGR103W
YDL075W	YHL001W
YDL075W	YJL190C
YDL075W	YJR123W
YDL075W	YKL180W
YDL075W	YLL045C
YDL075W	YLR075W
YDL075W	YLR287C-A
YDL075W	YLR340W
YDL075W	YLR448W
YDL075W	YMR242C
YDL075W	YNL069C
YDL075W	YNL110C
YDL075W	YNL301C
YDL075W	YOL127W
YDL075W	YOR096W
YDL075W	YOR234C
YDL075W	YPL198W
YDL075W	YPL249C-A
YDL075W	YPR067W
YDL081C	YDR382W
YDL084W	YDR381W
YDL087C	YDR240C
YDL087C	YHR165C
YDL087C	YIL061C
YDL087C	YKL012W
YDL087C	YLR298C
YDL087C	YMR125W
YDL097C	YDR363W-A
YDL097C	YFR010W
YDL097C	YHR027C
YDL097C	YKL145W
YDL097C	YOR259C
YDL098C	YDR378C
YDL098C	YGR091W
YDL098C	YHR165C
YDL098C	YMR240C
YDL098C	YMR268C
YDL098C	YMR288W
YDL098C	YNL147W
YDL098C	YPL213W
YDL098C	YPR082C
YDL111C	YGR095C
YDL111C	YGR195W
YDL111C	YHR081W
YDL111C	YNL189W
YDL111C	YNL232W
YDL111C	YOL021C
YDL111C	YOL142W
YDL111C	YOR001W
YDL111C	YOR076C
YDL111C	YPR189W
YDL112W	YKL182W
YDL115C	YGR005C
YDL115C	YGR186W
YDL115C	YIL021W
YDL116W	YGL092W
YDL116W	YJR042W
YDL116W	YKL057C
YDL131W	YDL182W
YDL134C	YDL188C
YDL145C	YDR238C
YDL148C	YDR064W
YDL148C	YER082C
YDL148C	YGR090W
YDL148C	YHR148W
YDL148C	YKR060W
YDL148C	YLR129W
YDL148C	YLR197W
YDL148C	YMR093W
YDL148C	YMR229C
YDL148C	YNL132W
YDL148C	YOR096W
YDL148C	YOR310C
YDL148C	YPL217C
YDL148C	YPR144C
YDL150W	YKR025W
YDL150W	YNL113W
YDL160C	YDR378C
YDL160C	YGL173C
YDL160C	YGR091W
YDL160C	YNL147W
YDL160C	YPR082C
YDL201W	YDR165W
YDL208W	YHR089C
YDL208W	YMR310C
YDL209C	YDR364C
YDL209C	YDR416W
YDL209C	YGL120C
YDL209C	YGL128C
YDL209C	YHR165C
YDL209C	YLL036C
YDL209C	YLR424W
YDL209C	YMR125W
YDL209C	YMR213W
YDL209C	YMR288W
YDL209C	YPL213W
YDL209C	YPR101W
YDL216C	YDR179C
YDL216C	YMR025W
YDL216C	YOL117W
YDR022C	YLR423C
YDR022C	YPL166W
YDR027C	YDR484W
YDR028C	YER133W
YDR028C	YGL115W
YDR036C	YDR041W
YDR036C	YDR175C
YDR036C	YDR347W
YDR036C	YHL004W
YDR036C	YIL093C
YDR036C	YJR113C
YDR036C	YKL155C
YDR036C	YNL306W
YDR041W	YDR175C
YDR041W	YDR347W
YDR041W	YGR165W
YDR041W	YHL004W
YDR041W	YIL093C
YDR041W	YJR113C
YDR041W	YKL155C
YDR041W	YMR158W
YDR041W	YNL306W
YDR041W	YOR204W
YDR041W	YPL013C
YDR064W	YDR382W
YDR064W	YDR471W
YDR064W	YER074W
YDR064W	YER082C
YDR064W	YFR031C-A
YDR064W	YGL103W
YDR064W	YGL120C
YDR064W	YGL147C
YDR064W	YGR085C
YDR064W	YGR090W
YDR064W	YHL001W
YDR064W	YHL015W
YDR064W	YHR148W
YDR064W	YJL190C
YDR064W	YJL191W
YDR064W	YJR123W
YDR064W	YKL180W
YDR064W	YLL045C
YDR064W	YLR075W
YDR064W	YLR129W
YDR064W	YLR197W
YDR064W	YLR264W
YDR064W	YLR287C-A
YDR064W	YLR441C
YDR064W	YLR448W
YDR064W	YMR093W
YDR064W	YMR116C
YDR064W	YMR142C
YDR064W	YMR242C
YDR064W	YNL069C
YDR064W	YNL132W
YDR064W	YNL301C
YDR064W	YOL127W
YDR064W	YOR096W
YDR064W	YOR310C
YDR064W	YPL198W
YDR064W	YPL217C
YDR064W	YPL249C-A
YDR064W	YPR144C
YDR064W	YPR189W
YDR073W	YOR290C
YDR075W	YNL201C
YDR080W	YLR148W
YDR080W	YLR396C
YDR080W	YPL045W
YDR101C	YGL099W
YDR101C	YGL103W
YDR101C	YGR103W
YDR101C	YGR245C
YDR101C	YHR197W
YDR101C	YKL009W
YDR101C	YKR081C
YDR101C	YLL045C
YDR101C	YNL110C
YDR101C	YNL182C
YDR101C	YNR053C
YDR101C	YPL249C-A
YDR101C	YPR016C
YDR116C	YDR237W
YDR116C	YDR322W
YDR116C	YHR147C
YDR116C	YMR024W
YDR116C	YOR150W
YDR121W	YOR304W
YDR121W	YPR175W
YDR137W	YLR039C
YDR141C	YNL297C
YDR145W	YDR167W
YDR145W	YDR176W
YDR145W	YDR392W
YDR145W	YDR448W
YDR145W	YGL112C
YDR145W	YGR252W
YDR145W	YGR274C
YDR145W	YML015C
YDR145W	YML098W
YDR145W	YMR236W
YDR145W	YPL011C
YDR148C	YFL018C
YDR148C	YIL125W
YDR155C	YGL194C
YDR155C	YIL112W
YDR156W	YJL148W
YDR156W	YNL113W
YDR156W	YOR340C
YDR156W	YPR010C
YDR166C	YGL233W
YDR166C	YLR166C
YDR166C	YPR055W
YDR167W	YDR176W
YDR167W	YDR392W
YDR167W	YDR448W
YDR167W	YGL112C
YDR167W	YGR252W
YDR167W	YGR274C
YDR167W	YML015C
YDR167W	YML098W
YDR167W	YMR236W
YDR167W	YPL011C
YDR175C	YDR347W
YDR175C	YGR165W
YDR175C	YHL004W
YDR175C	YIL093C
YDR175C	YJR113C
YDR175C	YKL155C
YDR175C	YMR158W
YDR175C	YNL081C
YDR175C	YNL306W
YDR175C	YPL013C
YDR176W	YDR392W
YDR176W	YDR448W
YDR176W	YGL112C
YDR176W	YGR252W
YDR176W	YGR274C
YDR176W	YMR236W
YDR176W	YPL011C
YDR176W	YPL047W
YDR179C	YMR025W
YDR179C	YOL117W
YDR190C	YER092W
YDR190C	YLR399C
YDR190C	YMR072W
YDR190C	YNL059C
YDR190C	YOR304W
YDR190C	YPL235W
YDR214W	YGL195W
YDR224C	YIL126W
YDR224C	YLR357W
YDR224C	YOR304W
YDR237W	YDR322W
YDR237W	YHR147C
YDR237W	YMR024W
YDR237W	YNL284C
YDR237W	YOR150W
YDR240C	YHR165C
YDR240C	YIL061C
YDR240C	YKL012W
YDR240C	YLR298C
YDR240C	YMR125W
YDR245W	YJL183W
YDR245W	YLR342W
YDR246W	YDR407C
YDR246W	YGR166W
YDR246W	YOR115C
YDR254W	YDR318W
YDR254W	YDR383C
YDR254W	YGR179C
YDR255C	YIL017C
YDR255C	YMR135C
YDR279W	YNL072W
YDR289C	YOR048C
YDR292C	YKL154W
YDR301W	YER133W
YDR301W	YJR093C
YDR301W	YKL018W
YDR301W	YKL059C
YDR301W	YKR002W
YDR301W	YMR061W
YDR311W	YPR056W
YDR318W	YDR383C
YDR318W	YGR179C
YDR322W	YHR147C
YDR322W	YMR024W
YDR322W	YNL284C
YDR322W	YOR150W
YDR325W	YFR031C
YDR347W	YGR165W
YDR347W	YHL004W
YDR347W	YIL093C
YDR347W	YJR113C
YDR347W	YKL155C
YDR347W	YMR158W
YDR347W	YNL306W
YDR347W	YPL013C
YDR357C	YKL061W
YDR359C	YEL018W
YDR359C	YNL136W
YDR359C	YOR244W
YDR363W-A	YFR010W
YDR363W-A	YHR027C
YDR363W-A	YKL145W
YDR363W-A	YOR259C
YDR364C	YDR416W
YDR364C	YLL036C
YDR364C	YPR101W
YDR365C	YJL033W
YDR365C	YNR054C
YDR378C	YER146W
YDR378C	YGL173C
YDR378C	YGR091W
YDR378C	YHR165C
YDR378C	YJR022W
YDR378C	YMR268C
YDR378C	YNL147W
YDR378C	YPR082C
YDR382W	YDR471W
YDR382W	YER074W
YDR382W	YFR031C-A
YDR382W	YGL076C
YDR382W	YGL103W
YDR382W	YGR085C
YDR382W	YHL001W
YDR382W	YJL190C
YDR382W	YJR123W
YDR382W	YKL180W
YDR382W	YLL045C
YDR382W	YLR075W
YDR382W	YLR287C-A
YDR382W	YLR340W
YDR382W	YLR441C
YDR382W	YLR448W
YDR382W	YMR242C
YDR382W	YNL069C
YDR382W	YNL301C
YDR382W	YOL127W
YDR382W	YOR096W
YDR382W	YOR234C
YDR382W	YPL249C-A
YDR383C	YGR179C
YDR388W	YPL249C
YDR392W	YDR448W
YDR392W	YGL112C
YDR392W	YGR252W
YDR392W	YMR236W
YDR398W	YMR093W
YDR407C	YGR166W
YDR407C	YOR115C
YDR416W	YGL120C
YDR416W	YGL128C
YDR416W	YHR165C
YDR416W	YJR050W
YDR416W	YLL036C
YDR416W	YLR424W
YDR416W	YMR213W
YDR416W	YMR288W
YDR416W	YPL213W
YDR416W	YPR101W
YDR422C	YER129W
YDR422C	YGL115W
YDR432W	YMR125W
YDR448W	YGL112C
YDR448W	YGL151W
YDR448W	YGR252W
YDR448W	YGR274C
YDR448W	YHR041C
YDR448W	YHR058C
YDR448W	YML015C
YDR448W	YMR236W
YDR448W	YPL011C
YDR448W	YPR070W
YDR471W	YDR496C
YDR471W	YER074W
YDR471W	YFR031C-A
YDR471W	YGL076C
YDR471W	YGL103W
YDR471W	YGL147C
YDR471W	YGR085C
YDR471W	YHL001W
YDR471W	YHL015W
YDR471W	YHL033C
YDR471W	YJL190C
YDR471W	YJR123W
YDR471W	YKL180W
YDR471W	YKR081C
YDR471W	YLL045C
YDR471W	YLR075W
YDR471W	YLR287C-A
YDR471W	YLR406C
YDR471W	YLR441C
YDR471W	YLR448W
YDR471W	YMR142C
YDR471W	YMR242C
YDR471W	YMR290C
YDR471W	YNL061W
YDR471W	YNL069C
YDR471W	YNL110C
YDR471W	YNL112W
YDR471W	YNL301C
YDR471W	YOL127W
YDR471W	YOR096W
YDR471W	YPL198W
YDR471W	YPL249C-A
YDR490C	YGR086C
YDR496C	YGL076C
YDR496C	YGL111W
YDR496C	YGL173C
YDR496C	YHR088W
YDR496C	YKL009W
YDR496C	YKL014C
YDR496C	YKR081C
YDR496C	YLL008W
YDR496C	YLL045C
YDR496C	YLR002C
YDR496C	YLR197W
YDR496C	YLR276C
YDR496C	YLR449W
YDR496C	YMR229C
YDR496C	YMR242C
YDR496C	YMR290C
YDR496C	YNL061W
YDR496C	YNL110C
YDR496C	YOL127W
YDR496C	YOR206W
YDR496C	YPL198W
YDR496C	YPR016C
YDR498C	YGL098W
YDR498C	YGL145W
YDR498C	YLR440C
YDR498C	YNL258C
YEL003W	YGR078C
YEL003W	YML094W
YEL015W	YNL118C
YEL018W	YNL136W
YEL018W	YOR244W
YEL022W	YER110C
YEL022W	YMR012W
YEL053C	YPR051W
YEL054C	YHR010W
YEL054C	YPL249C-A
YEL054C	YPR102C
YEL056W	YNL030W
YEL056W	YOL054W
YER012W	YER094C
YER012W	YFR050C
YER012W	YJL001W
YER012W	YML092C
YER012W	YMR314W
YER012W	YOR157C
YER012W	YPR103W
YER018C	YIL144W
YER018C	YMR117C
YER018C	YOL069W
YER074W	YFR031C-A
YER074W	YGL076C
YER074W	YGL103W
YER074W	YGL147C
YER074W	YGR085C
YER074W	YGR118W
YER074W	YHL001W
YER074W	YHL033C
YER074W	YJL190C
YER074W	YJR123W
YER074W	YKL180W
YER074W	YLL045C
YER074W	YLR075W
YER074W	YLR287C-A
YER074W	YLR340W
YER074W	YLR441C
YER074W	YLR448W
YER074W	YMR142C
YER074W	YMR242C
YER074W	YNL069C
YER074W	YNL301C
YER074W	YOL127W
YER074W	YOR096W
YER074W	YOR234C
YER074W	YPL198W
YER074W	YPL249C-A
YER081W	YIL074C
YER082C	YGR090W
YER082C	YHR148W
YER082C	YKR060W
YER082C	YLR129W
YER082C	YLR197W
YER082C	YMR093W
YER082C	YNL132W
YER082C	YOR096W
YER082C	YPL217C
YER082C	YPR144C
YER092W	YPL235W
YER094C	YFR050C
YER094C	YJL001W
YER094C	YML092C
YER094C	YMR314W
YER094C	YOR157C
YER094C	YPR103W
YER107C	YJL061W
YER107C	YMR047C
YER110C	YGL195W
YER110C	YJR123W
YER110C	YLR335W
YER110C	YLR441C
YER110C	YNL189W
YER129W	YGL115W
YER133W	YJR093C
YER133W	YKL018W
YER133W	YKL059C
YER133W	YKL193C
YER133W	YKR002W
YER133W	YLR028C
YER133W	YNL233W
YER133W	YPL137C
YER146W	YGL173C
YER146W	YHR165C
YER146W	YJR022W
YER146W	YNL147W
YFL018C	YIL125W
YFR002W	YGL172W
YFR002W	YGR119C
YFR002W	YJL041W
YFR009W	YGL195W
YFR009W	YKL029C
YFR009W	YLR180W
YFR010W	YHR027C
YFR010W	YKL145W
YFR010W	YOR259C
YFR031C-A	YGL076C
YFR031C-A	YGL103W
YFR031C-A	YGL147C
YFR031C-A	YGR085C
YFR031C-A	YHL001W
YFR031C-A	YHL033C
YFR031C-A	YHR010W
YFR031C-A	YJL190C
YFR031C-A	YJL191W
YFR031C-A	YJR123W
YFR031C-A	YKL180W
YFR031C-A	YLL045C
YFR031C-A	YLR075W
YFR031C-A	YLR287C-A
YFR031C-A	YLR340W
YFR031C-A	YLR441C
YFR031C-A	YLR448W
YFR031C-A	YMR142C
YFR031C-A	YMR242C
YFR031C-A	YNL069C
YFR031C-A	YNL301C
YFR031C-A	YOL127W
YFR031C-A	YOR096W
YFR031C-A	YOR204W
YFR031C-A	YPL143W
YFR031C-A	YPL198W
YFR031C-A	YPL249C-A
YFR037C	YIL126W
YFR037C	YKR008W
YFR037C	YLR033W
YFR037C	YLR321C
YFR037C	YLR357W
YFR037C	YMR072W
YFR037C	YNL030W
YFR037C	YOR304W
YFR037C	YPR034W
YFR050C	YJL001W
YFR050C	YML092C
YFR050C	YMR314W
YFR050C	YOR157C
YFR050C	YPR103W
YGL005C	YGL223C
YGL005C	YGR120C
YGL005C	YNL041C
YGL043W	YGR005C
YGL043W	YGR186W
YGL043W	YIL021W
YGL076C	YGL103W
YGL076C	YGL111W
YGL076C	YGL147C
YGL076C	YGR085C
YGL076C	YGR103W
YGL076C	YHL001W
YGL076C	YHL033C
YGL076C	YHR088W
YGL076C	YJL190C
YGL076C	YJR123W
YGL076C	YKL180W
YGL076C	YKR081C
YGL076C	YLL045C
YGL076C	YLR002C
YGL076C	YLR075W
YGL076C	YLR441C
YGL076C	YLR448W
YGL076C	YML056C
YGL076C	YMR142C
YGL076C	YMR242C
YGL076C	YMR290C
YGL076C	YNL069C
YGL076C	YNL132W
YGL076C	YNL301C
YGL076C	YOL041C
YGL076C	YOL127W
YGL076C	YOR096W
YGL076C	YOR206W
YGL076C	YPL198W
YGL076C	YPL249C-A
YGL092W	YJR042W
YGL092W	YKL057C
YGL098W	YGL145W
YGL098W	YLR440C
YGL098W	YNL258C
YGL099W	YHR170W
YGL099W	YLL045C
YGL103W	YGL147C
YGL103W	YGR085C
YGL103W	YGR118W
YGL103W	YHL001W
YGL103W	YHL015W
YGL103W	YHL033C
YGL103W	YHR010W
YGL103W	YJL190C
YGL103W	YJR123W
YGL103W	YKL180W
YGL103W	YKR081C
YGL103W	YLL045C
YGL103W	YLR075W
YGL103W	YLR287C-A
YGL103W	YLR325C
YGL103W	YLR340W
YGL103W	YLR342W
YGL103W	YLR406C
YGL103W	YLR441C
YGL103W	YLR448W
YGL103W	YML072C
YGL103W	YMR142C
YGL103W	YMR242C
YGL103W	YNL069C
YGL103W	YNL110C
YGL103W	YNL301C
YGL103W	YOL127W
YGL103W	YOR096W
YGL103W	YPL198W
YGL103W	YPL249C-A
YGL105W	YGL245W
YGL106W	YHR023W
YGL106W	YLR429W
YGL106W	YOR326W
YGL111W	YGR103W
YGL111W	YHR088W
YGL111W	YHR197W
YGL111W	YKL009W
YGL111W	YLL008W
YGL111W	YLR002C
YGL111W	YLR276C
YGL111W	YMR290C
YGL111W	YNL061W
YGL111W	YNL110C
YGL111W	YOL127W
YGL111W	YOR206W
YGL111W	YPR016C
YGL112C	YGR252W
YGL112C	YGR274C
YGL112C	YHR041C
YGL112C	YML015C
YGL112C	YML098W
YGL112C	YMR236W
YGL112C	YPL011C
YGL112C	YPL047W
YGL112C	YPR070W
YGL120C	YGL128C
YGL120C	YGL173C
YGL120C	YGR159C
YGL120C	YHR165C
YGL120C	YJL190C
YGL120C	YLL036C
YGL120C	YLR197W
YGL120C	YLR424W
YGL120C	YNL132W
YGL120C	YNL224C
YGL120C	YOR096W
YGL120C	YOR310C
YGL120C	YPR101W
YGL127C	YGL151W
YGL127C	YHR041C
YGL127C	YHR058C
YGL127C	YNR010W
YGL127C	YOL051W
YGL127C	YOR174W
YGL127C	YPR070W
YGL128C	YHR165C
YGL128C	YKR022C
YGL128C	YLL036C
YGL128C	YLR424W
YGL128C	YMR213W
YGL128C	YMR288W
YGL128C	YPR101W
YGL145W	YLR440C
YGL145W	YNL258C
YGL147C	YGR085C
YGL147C	YHL001W
YGL147C	YHL015W
YGL147C	YHL033C
YGL147C	YJL190C
YGL147C	YJR123W
YGL147C	YKL009W
YGL147C	YKL180W
YGL147C	YLL045C
YGL147C	YLR340W
YGL147C	YLR406C
YGL147C	YLR448W
YGL147C	YMR242C
YGL147C	YMR290C
YGL147C	YNL069C
YGL147C	YOL127W
YGL147C	YOR096W
YGL147C	YPL198W
YGL147C	YPL249C-A
YGL147C	YPR016C
YGL151W	YHR041C
YGL151W	YHR058C
YGL151W	YNR010W
YGL151W	YOL051W
YGL151W	YOR174W
YGL151W	YPR070W
YGL171W	YHR148W
YGL171W	YLR129W
YGL172W	YGR119C
YGL172W	YJL041W
YGL173C	YGR086C
YGL173C	YGR162W
YGL173C	YML056C
YGL173C	YMR290C
YGL173C	YNL118C
YGL173C	YNL147W
YGL173C	YPR140W
YGL194C	YIL112W
YGL194C	YKR029C
YGL195W	YIL094C
YGL195W	YKL029C
YGL195W	YLR180W
YGL195W	YOR136W
YGL197W	YLR310C
YGL200C	YML012W
YGL200C	YOR016C
YGL207W	YOL054W
YGL213C	YLR398C
YGL213C	YPR189W
YGL223C	YGR120C
YGL223C	YNL041C
YGL227W	YIL017C
YGL227W	YMR135C
YGL233W	YLR166C
YGL240W	YHR166C
YGL240W	YLR127C
YGL245W	YPR010C
YGR005C	YGR186W
YGR005C	YIL021W
YGR017W	YLR410W
YGR020C	YLR447C
YGR020C	YPR036W
YGR030C	YHR062C
YGR078C	YML094W
YGR081C	YMR308C
YGR083C	YJR007W
YGR083C	YPL237W
YGR085C	YHL001W
YGR085C	YHL015W
YGR085C	YHL033C
YGR085C	YJL190C
YGR085C	YJR123W
YGR085C	YKL180W
YGR085C	YKR081C
YGR085C	YLL045C
YGR085C	YLR075W
YGR085C	YLR340W
YGR085C	YLR441C
YGR085C	YLR448W
YGR085C	YMR142C
YGR085C	YMR242C
YGR085C	YMR290C
YGR085C	YNL061W
YGR085C	YNL069C
YGR085C	YNL112W
YGR085C	YNL132W
YGR085C	YNL301C
YGR085C	YOL127W
YGR085C	YOR096W
YGR085C	YOR198C
YGR085C	YOR204W
YGR085C	YOR234C
YGR085C	YPL143W
YGR085C	YPL198W
YGR085C	YPL249C-A
YGR086C	YKL142W
YGR086C	YLR429W
YGR090W	YHR148W
YGR090W	YLR129W
YGR090W	YLR197W
YGR090W	YLR223C
YGR090W	YMR093W
YGR090W	YMR229C
YGR090W	YMR290C
YGR090W	YNL132W
YGR090W	YOR096W
YGR090W	YPL217C
YGR090W	YPR144C
YGR091W	YHR165C
YGR091W	YLR424W
YGR091W	YMR240C
YGR091W	YMR288W
YGR091W	YNL147W
YGR091W	YPL213W
YGR091W	YPR082C
YGR095C	YGR195W
YGR095C	YHR081W
YGR095C	YNL189W
YGR095C	YNL232W
YGR095C	YOL021C
YGR095C	YOL142W
YGR095C	YOR001W
YGR095C	YOR076C
YGR103W	YGR245C
YGR103W	YHR088W
YGR103W	YHR197W
YGR103W	YKL009W
YGR103W	YKR081C
YGR103W	YLL008W
YGR103W	YLL045C
YGR103W	YLR002C
YGR103W	YMR290C
YGR103W	YNL061W
YGR103W	YNL110C
YGR103W	YNL182C
YGR103W	YNR053C
YGR103W	YOL127W
YGR103W	YOR206W
YGR103W	YPL249C-A
YGR103W	YPR016C
YGR118W	YLR287C-A
YGR118W	YLR441C
YGR118W	YOL127W
YGR119C	YJL041W
YGR120C	YNL041C
YGR124W	YPR145W
YGR130C	YMR031C
YGR134W	YJR011C
YGR134W	YNL288W
YGR134W	YNR052C
YGR162W	YJL138C
YGR162W	YJL190C
YGR162W	YMR125W
YGR162W	YOR204W
YGR165W	YHL004W
YGR165W	YIL093C
YGR165W	YJR113C
YGR165W	YKL155C
YGR165W	YMR158W
YGR165W	YNL306W
YGR165W	YPL013C
YGR166W	YOR115C
YGR178C	YHR121W
YGR180C	YJL026W
YGR186W	YIL021W
YGR195W	YHR081W
YGR195W	YNL189W
YGR195W	YNL232W
YGR195W	YOL021C
YGR195W	YOL142W
YGR195W	YOR001W
YGR195W	YOR076C
YGR214W	YLR048W
YGR240C	YLR180W
YGR245C	YHR197W
YGR245C	YKL009W
YGR245C	YNL110C
YGR245C	YNL182C
YGR245C	YNR053C
YGR245C	YPR016C
YGR252W	YHR041C
YGR252W	YMR236W
YGR252W	YPL047W
YGR261C	YJL024C
YGR261C	YPL195W
YGR274C	YML015C
YGR274C	YML098W
YGR274C	YMR236W
YGR274C	YPL011C
YGR283C	YMR310C
YHL001W	YHL033C
YHL001W	YJL190C
YHL001W	YJR123W
YHL001W	YKL180W
YHL001W	YLL045C
YHL001W	YLR075W
YHL001W	YLR287C-A
YHL001W	YLR340W
YHL001W	YLR441C
YHL001W	YLR448W
YHL001W	YMR142C
YHL001W	YMR242C
YHL001W	YNL069C
YHL001W	YOL127W
YHL001W	YOR096W
YHL001W	YPL198W
YHL001W	YPL249C-A
YHL004W	YIL093C
YHL004W	YJR113C
YHL004W	YKL155C
YHL004W	YMR158W
YHL004W	YNL306W
YHL004W	YOR204W
YHL004W	YPL013C
YHL011C	YKL181W
YHL015W	YJL190C
YHL015W	YJR123W
YHL015W	YKL180W
YHL015W	YLR340W
YHL015W	YMR242C
YHL015W	YOR096W
YHL015W	YOR198C
YHL033C	YJL190C
YHL033C	YJR123W
YHL033C	YKL180W
YHL033C	YKR002W
YHL033C	YLL045C
YHL033C	YLR075W
YHL033C	YLR441C
YHL033C	YLR448W
YHL033C	YMR142C
YHL033C	YMR242C
YHL033C	YNL069C
YHL033C	YOL127W
YHL033C	YOR096W
YHL033C	YOR294W
YHL033C	YPL198W
YHR010W	YKL180W
YHR010W	YLL045C
YHR010W	YMR290C
YHR010W	YNL069C
YHR010W	YNR053C
YHR010W	YOL127W
YHR010W	YOR096W
YHR010W	YPL198W
YHR010W	YPL249C-A
YHR010W	YPR189W
YHR023W	YOR326W
YHR023W	YPR188C
YHR027C	YKL145W
YHR027C	YOR259C
YHR041C	YHR058C
YHR041C	YNR010W
YHR041C	YOL051W
YHR041C	YOR174W
YHR041C	YPR070W
YHR058C	YNR010W
YHR058C	YOL051W
YHR058C	YOR174W
YHR058C	YPR070W
YHR062C	YNL282W
YHR064C	YNL209W
YHR081W	YNL232W
YHR081W	YOL021C
YHR081W	YOL142W
YHR081W	YOR001W
YHR081W	YOR076C
YHR085W	YHR197W
YHR085W	YKL009W
YHR085W	YNL182C
YHR085W	YNR053C
YHR088W	YHR197W
YHR088W	YKL009W
YHR088W	YLL008W
YHR088W	YLL045C
YHR088W	YLR002C
YHR088W	YLR449W
YHR088W	YMR290C
YHR088W	YNL061W
YHR088W	YNL110C
YHR088W	YOL127W
YHR088W	YOR206W
YHR088W	YPL198W
YHR088W	YPR016C
YHR107C	YJR076C
YHR118C	YML065W
YHR118C	YPR162C
YHR143W-A	YOR340C
YHR143W-A	YPR010C
YHR148W	YKR060W
YHR148W	YLR129W
YHR148W	YLR197W
YHR148W	YMR093W
YHR148W	YNL075W
YHR148W	YNL132W
YHR148W	YOR096W
YHR148W	YPL217C
YHR148W	YPR144C
YHR165C	YIL061C
YHR165C	YKR022C
YHR165C	YLL036C
YHR165C	YLR424W
YHR165C	YMR125W
YHR165C	YMR213W
YHR165C	YMR240C
YHR165C	YMR288W
YHR165C	YNL147W
YHR165C	YOR159C
YHR165C	YPL213W
YHR165C	YPR082C
YHR165C	YPR101W
YHR166C	YLR102C
YHR166C	YLR127C
YHR179W	YPL171C
YHR197W	YKL009W
YHR197W	YKR081C
YHR197W	YLL008W
YHR197W	YLR002C
YHR197W	YMR290C
YHR197W	YNL061W
YHR197W	YNL110C
YHR197W	YNL182C
YHR197W	YNR053C
YHR197W	YOL127W
YHR197W	YOR206W
YHR197W	YPR016C
YHR208W	YJR148W
YHR216W	YML056C
YHR216W	YMR142C
YHR216W	YOR250C
YIL017C	YMR135C
YIL022W	YJR045C
YIL034C	YIR003W
YIL061C	YKL012W
YIL061C	YLR298C
YIL061C	YMR125W
YIL093C	YJR113C
YIL093C	YKL155C
YIL093C	YMR158W
YIL093C	YNL081C
YIL093C	YNL306W
YIL093C	YPL013C
YIL094C	YOR136W
YIL109C	YPR181C
YIL112W	YKR029C
YIL115C	YJL041W
YIL115C	YJL061W
YIL126W	YKR008W
YIL126W	YLR033W
YIL126W	YLR321C
YIL126W	YLR357W
YIL126W	YOR304W
YIL126W	YPR034W
YIL144W	YMR117C
YIL144W	YOL069W
YIL153W	YNL201C
YIR008C	YKL045W
YIR010W	YJR112W
YJL001W	YML092C
YJL001W	YMR314W
YJL001W	YOR157C
YJL001W	YPR103W
YJL024C	YPL195W
YJL033W	YMR290C
YJL041W	YJL061W
YJL041W	YMR047C
YJL125C	YNL062C
YJL138C	YMR186W
YJL148W	YNL113W
YJL148W	YOR340C
YJL148W	YPR010C
YJL190C	YJL191W
YJL190C	YJR123W
YJL190C	YKL180W
YJL190C	YLL045C
YJL190C	YLR075W
YJL190C	YLR197W
YJL190C	YLR340W
YJL190C	YLR441C
YJL190C	YLR448W
YJL190C	YMR116C
YJL190C	YMR125W
YJL190C	YMR242C
YJL190C	YNL069C
YJL190C	YOL127W
YJL190C	YOR096W
YJL190C	YOR204W
YJL190C	YPL146C
YJL190C	YPL198W
YJL191W	YJR123W
YJL191W	YKL180W
YJL191W	YMR142C
YJL191W	YOR096W
YJL191W	YPR102C
YJR007W	YMR146C
YJR007W	YMR309C
YJR007W	YPL237W
YJR022W	YMR268C
YJR022W	YNL147W
YJR041C	YKL014C
YJR041C	YOL144W
YJR042W	YKL057C
YJR050W	YLL036C
YJR050W	YMR213W
YJR050W	YPR101W
YJR074W	YOR185C
YJR093C	YKL018W
YJR093C	YKL059C
YJR093C	YKR002W
YJR093C	YMR061W
YJR104C	YMR038C
YJR113C	YKL155C
YJR113C	YMR158W
YJR113C	YNL081C
YJR113C	YNL306W
YJR113C	YPL013C
YJR123W	YKL180W
YJR123W	YLL045C
YJR123W	YLR075W
YJR123W	YLR197W
YJR123W	YLR287C-A
YJR123W	YLR340W
YJR123W	YLR441C
YJR123W	YLR448W
YJR123W	YMR093W
YJR123W	YMR116C
YJR123W	YMR142C
YJR123W	YMR242C
YJR123W	YNL069C
YJR123W	YNL132W
YJR123W	YNL301C
YJR123W	YOL127W
YJR123W	YOR096W
YJR123W	YOR204W
YJR123W	YPR189W
YJR140C	YOR038C
YKL003C	YPL013C
YKL009W	YKR081C
YKL009W	YLL008W
YKL009W	YLL045C
YKL009W	YLR002C
YKL009W	YLR406C
YKL009W	YMR290C
YKL009W	YNL061W
YKL009W	YNL110C
YKL009W	YNL182C
YKL009W	YNR053C
YKL009W	YOR206W
YKL009W	YPL198W
YKL009W	YPL249C-A
YKL009W	YPR016C
YKL012W	YLR298C
YKL012W	YMR125W
YKL012W	YOR159C
YKL013C	YLR370C
YKL014C	YMR290C
YKL014C	YNL061W
YKL014C	YOL144W
YKL018W	YKL059C
YKL018W	YKR002W
YKL018W	YLR448W
YKL018W	YMR061W
YKL018W	YOR179C
YKL018W	YPL138C
YKL029C	YMR012W
YKL059C	YKR002W
YKL060C	YLR044C
YKL060C	YOL086C
YKL119C	YLR447C
YKL135C	YLR170C
YKL139W	YML112W
YKL145W	YMR314W
YKL145W	YOR259C
YKL155C	YMR158W
YKL155C	YNL306W
YKL155C	YOR204W
YKL155C	YPL013C
YKL180W	YLL045C
YKL180W	YLR075W
YKL180W	YLR287C-A
YKL180W	YLR340W
YKL180W	YLR406C
YKL180W	YLR441C
YKL180W	YLR448W
YKL180W	YMR142C
YKL180W	YMR242C
YKL180W	YNL069C
YKL180W	YNL132W
YKL180W	YNL301C
YKL180W	YOL127W
YKL180W	YOR096W
YKL180W	YPL143W
YKL180W	YPL198W
YKL180W	YPL249C-A
YKL182W	YLR044C
YKL206C	YLR199C
YKL214C	YMR125W
YKR002W	YMR061W
YKR008W	YLR033W
YKR008W	YLR321C
YKR008W	YLR357W
YKR008W	YPR034W
YKR022C	YLR424W
YKR025W	YNL113W
YKR027W	YMR237W
YKR060W	YLR129W
YKR060W	YLR197W
YKR060W	YMR093W
YKR060W	YNL132W
YKR060W	YOR096W
YKR060W	YPR144C
YKR071C	YPR048W
YKR081C	YLL008W
YKR081C	YLL045C
YKR081C	YLR002C
YKR081C	YLR276C
YKR081C	YMR290C
YKR081C	YNL061W
YKR081C	YNL110C
YKR081C	YNR053C
YKR081C	YOL127W
YKR081C	YOR096W
YKR081C	YOR206W
YKR081C	YOR294W
YKR081C	YPL198W
YKR081C	YPR016C
YLL008W	YLL045C
YLL008W	YLR002C
YLL008W	YLR276C
YLL008W	YMR229C
YLL008W	YMR290C
YLL008W	YNL061W
YLL008W	YNL110C
YLL008W	YOL127W
YLL008W	YOR206W
YLL008W	YPL198W
YLL008W	YPR016C
YLL010C	YOR043W
YLL036C	YLR424W
YLL036C	YMR213W
YLL036C	YMR240C
YLL036C	YMR288W
YLL036C	YPL213W
YLL036C	YPR101W
YLL045C	YLR002C
YLL045C	YLR075W
YLL045C	YLR196W
YLL045C	YLR441C
YLL045C	YLR448W
YLL045C	YMR142C
YLL045C	YMR242C
YLL045C	YMR290C
YLL045C	YNL061W
YLL045C	YNL069C
YLL045C	YNL112W
YLL045C	YNL132W
YLL045C	YNL301C
YLL045C	YOL041C
YLL045C	YOL127W
YLL045C	YOR096W
YLL045C	YOR206W
YLL045C	YPL198W
YLL045C	YPL249C-A
YLL045C	YPR016C
YLR002C	YLR449W
YLR002C	YMR290C
YLR002C	YNL061W
YLR002C	YNL110C
YLR002C	YOL041C
YLR002C	YOL127W
YLR002C	YOR206W
YLR002C	YOR294W
YLR002C	YPL198W
YLR002C	YPR016C
YLR025W	YPR173C
YLR028C	YMR120C
YLR033W	YLR321C
YLR033W	YLR357W
YLR033W	YPR034W
YLR044C	YOL086C
YLR075W	YLR180W
YLR075W	YLR287C-A
YLR075W	YLR340W
YLR075W	YLR441C
YLR075W	YLR448W
YLR075W	YMR142C
YLR075W	YMR242C
YLR075W	YNL069C
YLR075W	YNL112W
YLR075W	YNL132W
YLR075W	YNL301C
YLR075W	YOL127W
YLR075W	YOR096W
YLR075W	YOR234C
YLR075W	YPL198W
YLR075W	YPL249C-A
YLR129W	YLR197W
YLR129W	YMR093W
YLR129W	YNL132W
YLR129W	YPL217C
YLR129W	YPR112C
YLR129W	YPR144C
YLR132C	YPR191W
YLR146C	YPR069C
YLR148W	YLR396C
YLR148W	YPL045W
YLR166C	YPR055W
YLR180W	YMR012W
YLR192C	YMR146C
YLR192C	YMR309C
YLR192C	YOR361C
YLR192C	YPR041W
YLR196W	YOL041C
YLR197W	YLR448W
YLR197W	YMR093W
YLR197W	YMR229C
YLR197W	YMR290C
YLR197W	YNL075W
YLR197W	YNL132W
YLR197W	YOR096W
YLR197W	YOR310C
YLR197W	YPL217C
YLR197W	YPR144C
YLR221C	YOL144W
YLR259C	YNL055C
YLR259C	YNL085W
YLR276C	YMR290C
YLR276C	YNL061W
YLR276C	YOL127W
YLR276C	YOR206W
YLR287C	YLR340W
YLR287C-A	YLR441C
YLR287C-A	YLR448W
YLR287C-A	YMR242C
YLR287C-A	YNL069C
YLR287C-A	YOL127W
YLR298C	YMR125W
YLR321C	YLR357W
YLR321C	YPR034W
YLR325C	YNR053C
YLR325C	YOL127W
YLR325C	YPL249C-A
YLR335W	YNL189W
YLR337C	YOR181W
YLR340W	YLR441C
YLR340W	YLR448W
YLR340W	YMR242C
YLR340W	YNL069C
YLR340W	YNL132W
YLR340W	YNL301C
YLR340W	YOL127W
YLR340W	YPL249C-A
YLR357W	YPR034W
YLR396C	YPL045W
YLR398C	YPR189W
YLR399C	YPL235W
YLR406C	YLR441C
YLR406C	YOL127W
YLR423C	YPL166W
YLR424W	YMR125W
YLR424W	YPL213W
YLR424W	YPR082C
YLR424W	YPR101W
YLR429W	YMR109W
YLR440C	YNL258C
YLR441C	YLR448W
YLR441C	YMR242C
YLR441C	YNL069C
YLR441C	YNL301C
YLR441C	YOL127W
YLR441C	YOR096W
YLR441C	YPL198W
YLR448W	YMR061W
YLR448W	YMR142C
YLR448W	YMR242C
YLR448W	YMR290C
YLR448W	YNL069C
YLR448W	YNL132W
YLR448W	YNL301C
YLR448W	YOL041C
YLR448W	YOL127W
YLR448W	YOR096W
YLR448W	YPL198W
YLR448W	YPL249C-A
YLR449W	YML074C
YLR449W	YMR242C
YLR449W	YMR290C
YLR449W	YNL061W
YLR449W	YOL127W
YLR449W	YOR206W
YLR449W	YPL146C
YLR449W	YPL198W
YML015C	YML098W
YML015C	YMR236W
YML015C	YPL011C
YML056C	YPL198W
YML065W	YPR162C
YML092C	YMR314W
YML092C	YOR157C
YML092C	YPR103W
YML098W	YMR236W
YML102W	YPR018W
YML124C	YMR012W
YMR024W	YNL284C
YMR024W	YOR150W
YMR025W	YOL117W
YMR061W	YOR250C
YMR083W	YOL086C
YMR093W	YNL075W
YMR093W	YNL132W
YMR093W	YOR096W
YMR093W	YPL217C
YMR093W	YPR144C
YMR116C	YOR096W
YMR116C	YPR189W
YMR117C	YOL069W
YMR125W	YMR240C
YMR125W	YNL189W
YMR125W	YNL251C
YMR125W	YPL213W
YMR142C	YMR242C
YMR142C	YNL069C
YMR142C	YNL301C
YMR142C	YOL127W
YMR142C	YOR096W
YMR142C	YOR204W
YMR142C	YPL143W
YMR142C	YPL198W
YMR142C	YPL249C-A
YMR146C	YMR309C
YMR146C	YOR204W
YMR146C	YOR361C
YMR146C	YPR041W
YMR158W	YNL306W
YMR158W	YPL013C
YMR186W	YOL086C
YMR192W	YPL249C
YMR213W	YMR288W
YMR213W	YPR101W
YMR229C	YMR290C
YMR229C	YNL061W
YMR229C	YNL132W
YMR229C	YOL041C
YMR229C	YOR206W
YMR236W	YPL011C
YMR240C	YMR288W
YMR240C	YPL213W
YMR240C	YPR082C
YMR242C	YMR290C
YMR242C	YNL069C
YMR242C	YNL301C
YMR242C	YOL041C
YMR242C	YOL127W
YMR242C	YOR096W
YMR242C	YOR204W
YMR242C	YOR206W
YMR242C	YOR234C
YMR242C	YPL198W
YMR242C	YPL249C-A
YMR268C	YNL147W
YMR268C	YPR082C
YMR288W	YNL286W
YMR288W	YOR159C
YMR288W	YPL213W
YMR288W	YPR082C
YMR288W	YPR101W
YMR290C	YNL061W
YMR290C	YNL069C
YMR290C	YNL110C
YMR290C	YNL132W
YMR290C	YOL041C
YMR290C	YOL127W
YMR290C	YOR096W
YMR290C	YOR206W
YMR290C	YOR294W
YMR290C	YPL198W
YMR290C	YPR016C
YMR308C	YNL189W
YMR309C	YOR204W
YMR309C	YOR361C
YMR309C	YPR041W
YMR314W	YOR157C
YMR314W	YOR259C
YMR314W	YPR103W
YNL021W	YPR179C
YNL030W	YOL054W
YNL037C	YOR136W
YNL049C	YPR181C
YNL055C	YNL085W
YNL056W	YNL099C
YNL059C	YPL235W
YNL061W	YNL110C
YNL061W	YOL041C
YNL061W	YOL127W
YNL061W	YOR206W
YNL061W	YOR294W
YNL061W	YPL198W
YNL061W	YPR016C
YNL069C	YNL301C
YNL069C	YOL127W
YNL069C	YOR096W
YNL069C	YOR204W
YNL069C	YPL143W
YNL069C	YPL198W
YNL069C	YPL249C-A
YNL069C	YPR102C
YNL075W	YPR144C
YNL078W	YOL070C
YNL097C	YNL330C
YNL097C	YOL004W
YNL097C	YPL139C
YNL104C	YOR108W
YNL110C	YNL182C
YNL110C	YOL127W
YNL110C	YOR206W
YNL110C	YPR016C
YNL112W	YOL127W
YNL113W	YOR340C
YNL113W	YPR010C
YNL132W	YOR096W
YNL132W	YOR310C
YNL132W	YPL198W
YNL132W	YPL217C
YNL132W	YPR144C
YNL136W	YOR244W
YNL147W	YPR082C
YNL182C	YNR053C
YNL182C	YPR016C
YNL189W	YNL232W
YNL189W	YOL021C
YNL189W	YOL142W
YNL189W	YOR001W
YNL189W	YOR076C
YNL189W	YOR098C
YNL232W	YOL021C
YNL232W	YOL142W
YNL232W	YOR001W
YNL232W	YOR076C
YNL288W	YNR052C
YNL290W	YOR217W
YNL301C	YOL127W
YNL301C	YOR096W
YNL301C	YOR204W
YNL301C	YOR206W
YNL301C	YPL249C-A
YNL306W	YOR204W
YNL306W	YPL013C
YNL330C	YOL004W
YNL330C	YPL139C
YNR010W	YOL051W
YNR010W	YOR174W
YNR010W	YPR070W
YNR023W	YOR290C
YNR023W	YPR034W
YNR046W	YOL124C
YNR053C	YOL127W
YNR053C	YPL249C-A
YNR053C	YPR016C
YOL004W	YPL139C
YOL021C	YOL142W
YOL021C	YOR001W
YOL021C	YOR076C
YOL041C	YOL127W
YOL041C	YOR206W
YOL041C	YPL198W
YOL051W	YOR174W
YOL051W	YPR070W
YOL127W	YOR096W
YOL127W	YOR206W
YOL127W	YPL143W
YOL127W	YPL198W
YOL127W	YPL249C-A
YOL127W	YPR016C
YOL127W	YPR067W
YOL142W	YOR001W
YOL142W	YOR076C
YOR001W	YOR076C
YOR035C	YOR326W
YOR069W	YOR132W
YOR096W	YOR310C
YOR096W	YPL198W
YOR096W	YPL217C
YOR096W	YPL249C-A
YOR096W	YPR144C
YOR136W	YPL235W
YOR156C	YPR034W
YOR157C	YPR103W
YOR159C	YPL213W
YOR174W	YPR070W
YOR204W	YOR361C
YOR204W	YPL249C-A
YOR204W	YPR041W
YOR206W	YPR016C
YOR290C	YPR034W
YOR340C	YPR010C
YOR361C	YPR041W
YPL143W	YPL249C-A
YPL213W	YPR082C
YPL213W	YPR101W
YPL217C	YPR112C
YPL217C	YPR144C
YPL243W	YPR088C
YPL249C-A	YPR016C
YPR082C	YPR101W
