YAL007C	YML012W
YAL029C	YGL106W
YAL029C	YOR326W
YAL033W	YBL018C
YAL033W	YHR062C
YAL033W	YNL221C
YAL033W	YNL282W
YAL034W-A	YIR010W
YAL035W	YBR031W
YAL035W	YDL014W
YAL035W	YDR091C
YAL035W	YDR418W
YAL035W	YDR429C
YAL035W	YDR496C
YAL035W	YFR031C-A
YAL035W	YGL076C
YAL035W	YJR123W
YAL035W	YMR146C
YAL035W	YMR309C
YAL035W	YOR063W
YAL035W	YOR361C
YAL035W	YPL198W
YAL035W	YPR041W
YAL042W	YML067C
YBL008W	YOR038C
YBL018C	YHR062C
YBL018C	YNL221C
YBL018C	YNL282W
YBL021C	YOR358W
YBL027W	YBR031W
YBL027W	YBR048W
YBL027W	YBR191W
YBL027W	YCR031C
YBL027W	YDL075W
YBL027W	YDL083C
YBL027W	YDR064W
YBL027W	YDR382W
YBL027W	YDR471W
YBL027W	YFR031C-A
YBL027W	YFR032C-A
YBL027W	YGL030W
YBL027W	YGL103W
YBL027W	YGL123W
YBL027W	YGL147C
YBL027W	YHL001W
YBL027W	YHL033C
YBL027W	YIL133C
YBL027W	YJL177W
YBL027W	YJR123W
YBL027W	YKL180W
YBL027W	YLR029C
YBL027W	YLR150W
YBL027W	YLR441C
YBL027W	YML063W
YBL027W	YML073C
YBL027W	YMR242C
YBL027W	YNL069C
YBL027W	YNL096C
YBL027W	YNL301C
YBL027W	YOL040C
YBL027W	YOR063W
YBL027W	YOR096W
YBL027W	YPL090C
YBL027W	YPL249C-A
YBL035C	YIR008C
YBL035C	YKL045W
YBL035C	YNL102W
YBL072C	YBR031W
YBL072C	YBR048W
YBL072C	YBR189W
YBL072C	YBR247C
YBL072C	YCL037C
YBL072C	YCL059C
YBL072C	YCR031C
YBL072C	YDL014W
YBL072C	YDL083C
YBL072C	YDL148C
YBL072C	YDR064W
YBL072C	YDR418W
YBL072C	YDR449C
YBL072C	YDR471W
YBL072C	YFR031C-A
YBL072C	YGL076C
YBL072C	YGL103W
YBL072C	YGL120C
YBL072C	YGL147C
YBL072C	YGR054W
YBL072C	YGR145W
YBL072C	YHL001W
YBL072C	YHL015W
YBL072C	YHL033C
YBL072C	YJL177W
YBL072C	YJR123W
YBL072C	YKL180W
YBL072C	YLR029C
YBL072C	YLR129W
YBL072C	YLR186W
YBL072C	YLR441C
YBL072C	YML063W
YBL072C	YML073C
YBL072C	YMR093W
YBL072C	YMR116C
YBL072C	YMR128W
YBL072C	YMR146C
YBL072C	YMR229C
YBL072C	YMR242C
YBL072C	YMR290C
YBL072C	YNL096C
YBL072C	YNL308C
YBL072C	YOR063W
YBL072C	YOR096W
YBL072C	YOR361C
YBL072C	YPL090C
YBL072C	YPL126W
YBL072C	YPL198W
YBL072C	YPR144C
YBR025C	YGL195W
YBR025C	YJR121W
YBR031W	YBR048W
YBR031W	YBR142W
YBR031W	YBR189W
YBR031W	YBR191W
YBR031W	YCR031C
YBR031W	YDL075W
YBR031W	YDL083C
YBR031W	YDR382W
YBR031W	YDR418W
YBR031W	YDR471W
YBR031W	YDR496C
YBR031W	YFR031C-A
YBR031W	YGL030W
YBR031W	YGL103W
YBR031W	YGL147C
YBR031W	YHL001W
YBR031W	YHL033C
YBR031W	YIL133C
YBR031W	YJL177W
YBR031W	YJR123W
YBR031W	YKL180W
YBR031W	YKR081C
YBR031W	YLR029C
YBR031W	YLR441C
YBR031W	YML063W
YBR031W	YML073C
YBR031W	YMR242C
YBR031W	YMR290C
YBR031W	YNL069C
YBR031W	YNL096C
YBR031W	YNL301C
YBR031W	YOL077C
YBR031W	YOL120C
YBR031W	YOR063W
YBR031W	YOR096W
YBR031W	YPL090C
YBR031W	YPL198W
YBR031W	YPL220W
YBR031W	YPL249C-A
YBR048W	YBR189W
YBR048W	YBR247C
YBR048W	YCL059C
YBR048W	YCR031C
YBR048W	YDL014W
YBR048W	YDL083C
YBR048W	YDL148C
YBR048W	YDR064W
YBR048W	YDR365C
YBR048W	YDR418W
YBR048W	YDR471W
YBR048W	YER025W
YBR048W	YFR031C-A
YBR048W	YGL030W
YBR048W	YGL076C
YBR048W	YHL001W
YBR048W	YHL033C
YBR048W	YIL133C
YBR048W	YJL177W
YBR048W	YJR123W
YBR048W	YKL180W
YBR048W	YLR029C
YBR048W	YLR367W
YBR048W	YLR441C
YBR048W	YML063W
YBR048W	YML073C
YBR048W	YMR229C
YBR048W	YMR242C
YBR048W	YMR290C
YBR048W	YNL069C
YBR048W	YNL096C
YBR048W	YNL308C
YBR048W	YNR054C
YBR048W	YOR063W
YBR048W	YOR096W
YBR048W	YOR204W
YBR048W	YPL090C
YBR048W	YPL198W
YBR048W	YPL217C
YBR060C	YML065W
YBR060C	YNL261W
YBR060C	YPR162C
YBR084W	YDR471W
YBR084W	YFR031C-A
YBR084W	YHR010W
YBR084W	YOR063W
YBR127C	YGR020C
YBR142W	YDL014W
YBR142W	YDR060W
YBR142W	YDR496C
YBR142W	YGL076C
YBR142W	YHR052W
YBR142W	YLR029C
YBR142W	YML073C
YBR142W	YMR229C
YBR142W	YMR290C
YBR142W	YNL061W
YBR142W	YOR063W
YBR142W	YOR272W
YBR142W	YPL198W
YBR142W	YPL249C-A
YBR146W	YBR251W
YBR146W	YDR041W
YBR146W	YDR175C
YBR146W	YER050C
YBR146W	YGL129C
YBR146W	YGR084C
YBR146W	YGR165W
YBR146W	YGR215W
YBR146W	YHL004W
YBR146W	YJR101W
YBR146W	YJR113C
YBR146W	YKL155C
YBR146W	YMR188C
YBR146W	YNL081C
YBR146W	YNR037C
YBR146W	YOR158W
YBR146W	YOR204W
YBR146W	YPL013C
YBR146W	YPL118W
YBR154C	YDL150W
YBR154C	YDR045C
YBR154C	YDR156W
YBR154C	YGL070C
YBR154C	YJL011C
YBR154C	YJL148W
YBR154C	YKL144C
YBR154C	YNL151C
YBR154C	YOL005C
YBR154C	YOR207C
YBR154C	YOR340C
YBR154C	YOR341W
YBR154C	YPL129W
YBR154C	YPR010C
YBR154C	YPR187W
YBR154C	YPR190C
YBR160W	YPL256C
YBR171W	YLR292C
YBR171W	YOR254C
YBR171W	YPL094C
YBR189W	YBR247C
YBR189W	YCL037C
YBR189W	YCR031C
YBR189W	YDL014W
YBR189W	YDL083C
YBR189W	YDL148C
YBR189W	YDR064W
YBR189W	YDR382W
YBR189W	YDR418W
YBR189W	YDR449C
YBR189W	YDR471W
YBR189W	YGL030W
YBR189W	YGL103W
YBR189W	YGL147C
YBR189W	YGR081C
YBR189W	YGR214W
YBR189W	YHL015W
YBR189W	YIL133C
YBR189W	YJR123W
YBR189W	YKL180W
YBR189W	YLR029C
YBR189W	YLR186W
YBR189W	YLR264W
YBR189W	YLR367W
YBR189W	YLR441C
YBR189W	YML056C
YBR189W	YML063W
YBR189W	YML073C
YBR189W	YMR116C
YBR189W	YMR242C
YBR189W	YNL069C
YBR189W	YNL096C
YBR189W	YNL301C
YBR189W	YOL040C
YBR189W	YOR063W
YBR189W	YOR096W
YBR189W	YOR145C
YBR189W	YOR204W
YBR189W	YPL090C
YBR189W	YPL266W
YBR191W	YCR031C
YBR191W	YDL075W
YBR191W	YDL083C
YBR191W	YDR418W
YBR191W	YDR471W
YBR191W	YFR031C-A
YBR191W	YFR032C-A
YBR191W	YGL030W
YBR191W	YGL103W
YBR191W	YGL123W
YBR191W	YGL147C
YBR191W	YHL001W
YBR191W	YHL033C
YBR191W	YJL177W
YBR191W	YJR123W
YBR191W	YKL180W
YBR191W	YLR441C
YBR191W	YML073C
YBR191W	YMR242C
YBR191W	YNL069C
YBR191W	YNL096C
YBR191W	YOR063W
YBR195C	YPR018W
YBR247C	YDL014W
YBR247C	YDL148C
YBR247C	YDR064W
YBR247C	YDR449C
YBR247C	YGR145W
YBR247C	YHR148W
YBR247C	YKL143W
YBR247C	YLR186W
YBR247C	YMR093W
YBR247C	YMR128W
YBR247C	YOR096W
YBR247C	YPL217C
YBR247C	YPL266W
YBR247C	YPR144C
YBR251W	YDR041W
YBR251W	YDR175C
YBR251W	YGL129C
YBR251W	YGR084C
YBR251W	YGR165W
YBR251W	YGR215W
YBR251W	YHL004W
YBR251W	YJR101W
YBR251W	YJR113C
YBR251W	YKL155C
YBR251W	YMR188C
YBR251W	YNR037C
YBR251W	YOR158W
YBR251W	YPL013C
YBR251W	YPL118W
YBR253W	YCR081W
YBR253W	YDR308C
YBR253W	YOR174W
YBR253W	YPL042C
YBR258C	YHR119W
YBR282W	YCR046C
YBR282W	YDR116C
YBR282W	YDR322W
YBR282W	YMR024W
YBR282W	YMR193W
YBR282W	YNL005C
YCL024W	YDR507C
YCL037C	YDL014W
YCL037C	YDL083C
YCL037C	YGL120C
YCL037C	YGR162W
YCL037C	YLR175W
YCL037C	YML056C
YCL037C	YMR230W
YCL037C	YMR290C
YCL037C	YOR096W
YCL054W	YGL111W
YCL054W	YMR290C
YCL054W	YNL061W
YCL054W	YNL110C
YCL054W	YPL093W
YCL059C	YDL014W
YCL059C	YDL148C
YCL059C	YDL213C
YCL059C	YER082C
YCL059C	YGR145W
YCL059C	YHR148W
YCL059C	YLR175W
YCL059C	YLR186W
YCL059C	YMR128W
YCL059C	YMR229C
YCL059C	YMR290C
YCL059C	YNL308C
YCL059C	YPL217C
YCL059C	YPR144C
YCR002C	YDL225W
YCR002C	YJR076C
YCR002C	YLR314C
YCR020C-A	YEL053C
YCR031C	YDL014W
YCR031C	YDL075W
YCR031C	YDL083C
YCR031C	YDL148C
YCR031C	YDR064W
YCR031C	YDR382W
YCR031C	YDR418W
YCR031C	YDR471W
YCR031C	YFR031C-A
YCR031C	YGL030W
YCR031C	YGL076C
YCR031C	YGL103W
YCR031C	YGL123W
YCR031C	YGL147C
YCR031C	YHL001W
YCR031C	YHL015W
YCR031C	YHL033C
YCR031C	YIL133C
YCR031C	YJL177W
YCR031C	YJR123W
YCR031C	YKL180W
YCR031C	YLR029C
YCR031C	YLR150W
YCR031C	YLR441C
YCR031C	YML063W
YCR031C	YML073C
YCR031C	YMR142C
YCR031C	YMR242C
YCR031C	YNL069C
YCR031C	YNL096C
YCR031C	YNL301C
YCR031C	YNL302C
YCR031C	YOR063W
YCR031C	YOR096W
YCR031C	YOR204W
YCR031C	YOR234C
YCR031C	YPL090C
YCR031C	YPL143W
YCR031C	YPL249C-A
YCR035C	YDL111C
YCR035C	YGR158C
YCR035C	YHR081W
YCR035C	YNL232W
YCR035C	YOL021C
YCR035C	YOR001W
YCR046C	YDR116C
YCR046C	YDR322W
YCR046C	YDR462W
YCR046C	YGR220C
YCR046C	YJL063C
YCR046C	YKR006C
YCR046C	YKR085C
YCR046C	YLR312W-A
YCR046C	YMR024W
YCR046C	YMR193W
YCR046C	YNL005C
YCR046C	YOR150W
YCR057C	YDL014W
YCR057C	YDL148C
YCR057C	YDR064W
YCR057C	YDR449C
YCR057C	YER082C
YCR057C	YGR128C
YCR057C	YHR148W
YCR057C	YHR196W
YCR057C	YJL109C
YCR057C	YKR060W
YCR057C	YLR129W
YCR057C	YLR186W
YCR057C	YLR409C
YCR057C	YMR093W
YCR057C	YMR128W
YCR057C	YNL075W
YCR057C	YOR145C
YCR057C	YPL126W
YCR057C	YPL217C
YCR057C	YPL266W
YCR057C	YPR137W
YCR057C	YPR144C
YCR060W	YPL235W
YCR081W	YDR308C
YCR081W	YOR174W
YCR081W	YPL042C
YDL002C	YDR190C
YDL002C	YER092W
YDL002C	YPL129W
YDL002C	YPL235W
YDL014W	YDL083C
YDL014W	YDL148C
YDL014W	YDR060W
YDL014W	YDR064W
YDL014W	YDR449C
YDL014W	YDR496C
YDL014W	YER082C
YDL014W	YGL030W
YDL014W	YGL120C
YDL014W	YGR128C
YDL014W	YGR145W
YDL014W	YHR148W
YDL014W	YIL133C
YDL014W	YJL109C
YDL014W	YKR060W
YDL014W	YLR029C
YDL014W	YLR129W
YDL014W	YLR175W
YDL014W	YLR186W
YDL014W	YLR409C
YDL014W	YML063W
YDL014W	YMR093W
YDL014W	YMR128W
YDL014W	YMR229C
YDL014W	YMR290C
YDL014W	YMR309C
YDL014W	YNL061W
YDL014W	YNL069C
YDL014W	YNL308C
YDL014W	YOL077C
YDL014W	YOR063W
YDL014W	YOR096W
YDL014W	YOR206W
YDL014W	YOR310C
YDL014W	YPL126W
YDL014W	YPL198W
YDL014W	YPL217C
YDL014W	YPR137W
YDL014W	YPR144C
YDL040C	YHR013C
YDL040C	YPL198W
YDL044C	YLR139C
YDL045W-A	YDR175C
YDL045W-A	YJR113C
YDL047W	YFR040W
YDL051W	YDL092W
YDL051W	YGR162W
YDL051W	YML105C
YDL051W	YNL262W
YDL075W	YDL083C
YDL075W	YDR064W
YDL075W	YDR101C
YDL075W	YDR382W
YDL075W	YDR418W
YDL075W	YDR471W
YDL075W	YFR031C-A
YDL075W	YFR032C-A
YDL075W	YGL030W
YDL075W	YGL076C
YDL075W	YGL103W
YDL075W	YGL147C
YDL075W	YGR103W
YDL075W	YHL001W
YDL075W	YIL133C
YDL075W	YJL177W
YDL075W	YJR123W
YDL075W	YKL180W
YDL075W	YLR029C
YDL075W	YLR367W
YDL075W	YML063W
YDL075W	YML073C
YDL075W	YMR242C
YDL075W	YNL069C
YDL075W	YNL096C
YDL075W	YNL110C
YDL075W	YNL301C
YDL075W	YOL040C
YDL075W	YOR063W
YDL075W	YOR096W
YDL075W	YOR234C
YDL075W	YPL090C
YDL075W	YPL198W
YDL075W	YPL220W
YDL075W	YPL249C-A
YDL081C	YDR382W
YDL083C	YDR064W
YDL083C	YDR382W
YDL083C	YDR418W
YDL083C	YDR471W
YDL083C	YEL026W
YDL083C	YER131W
YDL083C	YFR031C-A
YDL083C	YFR032C-A
YDL083C	YGL030W
YDL083C	YGL076C
YDL083C	YGL103W
YDL083C	YGL120C
YDL083C	YGL123W
YDL083C	YGL147C
YDL083C	YHL001W
YDL083C	YHL015W
YDL083C	YHL033C
YDL083C	YIL133C
YDL083C	YJL177W
YDL083C	YJR123W
YDL083C	YKL180W
YDL083C	YLR029C
YDL083C	YLR441C
YDL083C	YML063W
YDL083C	YML073C
YDL083C	YMR142C
YDL083C	YMR230W
YDL083C	YMR242C
YDL083C	YNL069C
YDL083C	YNL096C
YDL083C	YNL301C
YDL083C	YOL040C
YDL083C	YOR063W
YDL083C	YOR096W
YDL083C	YOR204W
YDL083C	YPL249C-A
YDL084W	YDR138W
YDL084W	YML062C
YDL084W	YNL004W
YDL092W	YML105C
YDL098C	YDR378C
YDL098C	YGR091W
YDL098C	YHR165C
YDL098C	YLR147C
YDL098C	YPL213W
YDL102W	YJR006W
YDL111C	YGR158C
YDL111C	YHR081W
YDL111C	YNL232W
YDL111C	YOL021C
YDL111C	YOR001W
YDL111C	YPR189W
YDL131W	YDL182W
YDL145C	YDR238C
YDL145C	YER122C
YDL145C	YFR051C
YDL145C	YNL287W
YDL145C	YPL010W
YDL148C	YDR064W
YDL148C	YDR449C
YDL148C	YER082C
YDL148C	YGR128C
YDL148C	YGR145W
YDL148C	YHR148W
YDL148C	YJL109C
YDL148C	YKR060W
YDL148C	YLR129W
YDL148C	YLR186W
YDL148C	YMR093W
YDL148C	YMR128W
YDL148C	YMR229C
YDL148C	YNL308C
YDL148C	YOR096W
YDL148C	YOR310C
YDL148C	YPL126W
YDL148C	YPL217C
YDL148C	YPR144C
YDL150W	YDR045C
YDL150W	YJL011C
YDL150W	YKL144C
YDL150W	YNL151C
YDL150W	YOR207C
YDL150W	YPR187W
YDL150W	YPR190C
YDL225W	YJR076C
YDL225W	YLR314C
YDR041W	YDR175C
YDR041W	YER050C
YDR041W	YGL129C
YDR041W	YGR084C
YDR041W	YGR165W
YDR041W	YGR215W
YDR041W	YHL004W
YDR041W	YJR101W
YDR041W	YJR113C
YDR041W	YKL155C
YDR041W	YMR188C
YDR041W	YNR037C
YDR041W	YOR158W
YDR041W	YOR204W
YDR041W	YPL013C
YDR041W	YPL118W
YDR045C	YJL011C
YDR045C	YKL144C
YDR045C	YNL151C
YDR045C	YOR207C
YDR045C	YPR190C
YDR060W	YDR087C
YDR060W	YDR496C
YDR060W	YGL076C
YDR060W	YGL111W
YDR060W	YGR103W
YDR060W	YHR052W
YDR060W	YIL133C
YDR060W	YKR081C
YDR060W	YLL034C
YDR060W	YLR002C
YDR060W	YLR029C
YDR060W	YLR276C
YDR060W	YMR229C
YDR060W	YMR290C
YDR060W	YNL061W
YDR060W	YNL301C
YDR060W	YOL077C
YDR060W	YOR063W
YDR060W	YOR206W
YDR060W	YOR272W
YDR060W	YPL093W
YDR064W	YDR382W
YDR064W	YDR418W
YDR064W	YDR449C
YDR064W	YDR471W
YDR064W	YER082C
YDR064W	YFR031C-A
YDR064W	YGL030W
YDR064W	YGL103W
YDR064W	YGL120C
YDR064W	YGL147C
YDR064W	YGR054W
YDR064W	YGR145W
YDR064W	YHL001W
YDR064W	YHL015W
YDR064W	YHR148W
YDR064W	YIL133C
YDR064W	YJL177W
YDR064W	YJR123W
YDR064W	YKL180W
YDR064W	YLR029C
YDR064W	YLR129W
YDR064W	YLR186W
YDR064W	YLR264W
YDR064W	YLR367W
YDR064W	YLR441C
YDR064W	YML026C
YDR064W	YML063W
YDR064W	YML073C
YDR064W	YMR093W
YDR064W	YMR116C
YDR064W	YMR128W
YDR064W	YMR142C
YDR064W	YMR230W
YDR064W	YMR242C
YDR064W	YNL069C
YDR064W	YNL096C
YDR064W	YNL301C
YDR064W	YNL308C
YDR064W	YOL040C
YDR064W	YOR063W
YDR064W	YOR096W
YDR064W	YOR145C
YDR064W	YOR310C
YDR064W	YPL090C
YDR064W	YPL126W
YDR064W	YPL198W
YDR064W	YPL217C
YDR064W	YPL220W
YDR064W	YPL249C-A
YDR064W	YPL266W
YDR064W	YPR144C
YDR064W	YPR189W
YDR087C	YDR496C
YDR087C	YGL111W
YDR087C	YHR052W
YDR087C	YKR081C
YDR087C	YLL034C
YDR087C	YMR290C
YDR087C	YNL061W
YDR087C	YOL077C
YDR087C	YOR206W
YDR087C	YOR272W
YDR087C	YPR016C
YDR091C	YMR146C
YDR091C	YMR309C
YDR091C	YOR096W
YDR091C	YPR041W
YDR101C	YER126C
YDR101C	YGL030W
YDR101C	YGL099W
YDR101C	YGL103W
YDR101C	YGR103W
YDR101C	YHR052W
YDR101C	YHR197W
YDR101C	YKR081C
YDR101C	YNL110C
YDR101C	YOR063W
YDR101C	YPL093W
YDR101C	YPL249C-A
YDR101C	YPR016C
YDR116C	YDR322W
YDR116C	YDR405W
YDR116C	YDR462W
YDR116C	YGR220C
YDR116C	YJL063C
YDR116C	YKR006C
YDR116C	YKR085C
YDR116C	YLR312W-A
YDR116C	YMR024W
YDR116C	YMR193W
YDR116C	YNL005C
YDR116C	YOR150W
YDR138W	YML062C
YDR138W	YNL004W
YDR152W	YGR173W
YDR156W	YJL148W
YDR156W	YOR340C
YDR156W	YOR341W
YDR156W	YPR010C
YDR156W	YPR187W
YDR167W	YMR223W
YDR167W	YPL254W
YDR174W	YJL177W
YDR174W	YMR242C
YDR175C	YGL129C
YDR175C	YGR084C
YDR175C	YGR165W
YDR175C	YGR215W
YDR175C	YHL004W
YDR175C	YJR101W
YDR175C	YJR113C
YDR175C	YKL155C
YDR175C	YMR188C
YDR175C	YNL081C
YDR175C	YNR037C
YDR175C	YOR158W
YDR175C	YPL013C
YDR175C	YPL118W
YDR190C	YER092W
YDR190C	YOR304W
YDR190C	YPL129W
YDR190C	YPL235W
YDR211W	YER025W
YDR211W	YLR291C
YDR211W	YPL237W
YDR211W	YPR010C
YDR228C	YGL044C
YDR228C	YHR216W
YDR228C	YMR061W
YDR228C	YOR250C
YDR235W	YDR240C
YDR235W	YLR147C
YDR238C	YER122C
YDR238C	YFR051C
YDR238C	YNL287W
YDR238C	YPL010W
YDR240C	YHR165C
YDR240C	YLR147C
YDR267C	YIL128W
YDR279W	YNL072W
YDR289C	YOR048C
YDR295C	YNL021W
YDR295C	YPR179C
YDR303C	YFR037C
YDR303C	YKR001C
YDR303C	YLR357W
YDR303C	YMR091C
YDR308C	YOR174W
YDR308C	YPL042C
YDR322W	YDR405W
YDR322W	YDR462W
YDR322W	YGR220C
YDR322W	YJL063C
YDR322W	YKR006C
YDR322W	YKR085C
YDR322W	YLR312W-A
YDR322W	YMR024W
YDR322W	YMR193W
YDR322W	YNL005C
YDR322W	YNL284C
YDR322W	YOR150W
YDR361C	YPL208W
YDR365C	YGR145W
YDR365C	YNR054C
YDR378C	YGR091W
YDR378C	YHR165C
YDR378C	YJL124C
YDR378C	YLR147C
YDR382W	YDR418W
YDR382W	YDR471W
YDR382W	YFR031C-A
YDR382W	YFR032C-A
YDR382W	YGL030W
YDR382W	YGL076C
YDR382W	YGL103W
YDR382W	YHL001W
YDR382W	YIL133C
YDR382W	YJL177W
YDR382W	YJR123W
YDR382W	YKL180W
YDR382W	YLR029C
YDR382W	YLR441C
YDR382W	YML063W
YDR382W	YML073C
YDR382W	YMR242C
YDR382W	YNL069C
YDR382W	YNL096C
YDR382W	YNL301C
YDR382W	YOL039W
YDR382W	YOR063W
YDR382W	YOR096W
YDR382W	YOR234C
YDR382W	YPL220W
YDR382W	YPL249C-A
YDR398W	YEL055C
YDR398W	YGR128C
YDR398W	YHR196W
YDR398W	YJL109C
YDR398W	YMR093W
YDR398W	YPL126W
YDR405W	YKR006C
YDR405W	YMR024W
YDR405W	YNL005C
YDR416W	YGL120C
YDR416W	YHR165C
YDR416W	YLL036C
YDR416W	YPL213W
YDR418W	YDR471W
YDR418W	YFR031C-A
YDR418W	YGL030W
YDR418W	YGL076C
YDR418W	YGL103W
YDR418W	YGL123W
YDR418W	YGL147C
YDR418W	YHL001W
YDR418W	YHL033C
YDR418W	YHR010W
YDR418W	YIL133C
YDR418W	YJL177W
YDR418W	YJR123W
YDR418W	YKL180W
YDR418W	YLR150W
YDR418W	YLR441C
YDR418W	YML063W
YDR418W	YML073C
YDR418W	YMR242C
YDR418W	YNL069C
YDR418W	YOR063W
YDR418W	YOR096W
YDR418W	YPL220W
YDR418W	YPL249C-A
YDR429C	YMR146C
YDR429C	YMR309C
YDR429C	YOR204W
YDR429C	YOR361C
YDR429C	YPR041W
YDR449C	YER082C
YDR449C	YGL171W
YDR449C	YGR128C
YDR449C	YGR145W
YDR449C	YHR148W
YDR449C	YHR196W
YDR449C	YJL109C
YDR449C	YKR060W
YDR449C	YLR129W
YDR449C	YLR186W
YDR449C	YLR409C
YDR449C	YMR093W
YDR449C	YMR128W
YDR449C	YNL075W
YDR449C	YOR096W
YDR449C	YOR145C
YDR449C	YPL126W
YDR449C	YPL217C
YDR449C	YPL266W
YDR449C	YPR137W
YDR449C	YPR144C
YDR462W	YGR220C
YDR462W	YJL063C
YDR462W	YKR006C
YDR462W	YKR085C
YDR462W	YMR024W
YDR462W	YNL005C
YDR462W	YNL284C
YDR462W	YOR150W
YDR471W	YDR496C
YDR471W	YFR031C-A
YDR471W	YFR032C-A
YDR471W	YGL030W
YDR471W	YGL076C
YDR471W	YGL103W
YDR471W	YGL147C
YDR471W	YHL001W
YDR471W	YHL015W
YDR471W	YHL033C
YDR471W	YIL133C
YDR471W	YJL177W
YDR471W	YJR123W
YDR471W	YKL180W
YDR471W	YKR081C
YDR471W	YLR029C
YDR471W	YLR150W
YDR471W	YLR406C
YDR471W	YLR441C
YDR471W	YML063W
YDR471W	YML073C
YDR471W	YMR142C
YDR471W	YMR242C
YDR471W	YMR290C
YDR471W	YNL061W
YDR471W	YNL069C
YDR471W	YNL096C
YDR471W	YNL110C
YDR471W	YNL301C
YDR471W	YOL040C
YDR471W	YOL077C
YDR471W	YOR063W
YDR471W	YOR096W
YDR471W	YPL090C
YDR471W	YPL093W
YDR471W	YPL198W
YDR471W	YPL220W
YDR471W	YPL249C-A
YDR472W	YGR166W
YDR472W	YKR068C
YDR472W	YML077W
YDR472W	YMR218C
YDR472W	YOR115C
YDR489W	YOL146W
YDR496C	YGL030W
YDR496C	YGL076C
YDR496C	YGL111W
YDR496C	YHR052W
YDR496C	YIL133C
YDR496C	YKR081C
YDR496C	YLL034C
YDR496C	YLR002C
YDR496C	YLR029C
YDR496C	YLR175W
YDR496C	YLR276C
YDR496C	YML073C
YDR496C	YMR229C
YDR496C	YMR242C
YDR496C	YMR290C
YDR496C	YNL061W
YDR496C	YNL110C
YDR496C	YOL077C
YDR496C	YOR063W
YDR496C	YOR206W
YDR496C	YOR272W
YDR496C	YPL093W
YDR496C	YPL198W
YDR496C	YPL220W
YDR496C	YPR016C
YEL003W	YGR078C
YEL003W	YLR200W
YEL003W	YML094W
YEL003W	YNL153C
YEL018W	YHR099W
YEL018W	YNL136W
YEL018W	YPR023C
YEL022W	YER110C
YEL022W	YMR012W
YEL054C	YGL030W
YEL054C	YHR010W
YEL054C	YML063W
YEL054C	YOR063W
YEL054C	YPL249C-A
YEL054C	YPR102C
YEL055C	YGR128C
YEL055C	YHR196W
YEL055C	YMR093W
YEL055C	YPL126W
YER007C-A	YJR014W
YER017C	YMR089C
YER025W	YLR215C
YER025W	YLR291C
YER025W	YMR146C
YER025W	YMR309C
YER025W	YPL237W
YER025W	YPR041W
YER050C	YGL129C
YER050C	YOR158W
YER050C	YPL118W
YER081W	YIL074C
YER082C	YGR128C
YER082C	YGR145W
YER082C	YHR148W
YER082C	YHR196W
YER082C	YJL109C
YER082C	YKR060W
YER082C	YLR129W
YER082C	YLR186W
YER082C	YLR409C
YER082C	YMR093W
YER082C	YMR128W
YER082C	YOR096W
YER082C	YPL126W
YER082C	YPL217C
YER082C	YPL266W
YER082C	YPR137W
YER082C	YPR144C
YER092W	YPL129W
YER092W	YPL235W
YER107C	YJL061W
YER110C	YGL195W
YER110C	YJR123W
YER110C	YLR335W
YER110C	YLR441C
YER110C	YPR174C
YER122C	YNL287W
YER126C	YHR197W
YER126C	YKR081C
YER126C	YLR074C
YER126C	YMR290C
YER126C	YNL110C
YER126C	YOR063W
YER126C	YPL093W
YER126C	YPR016C
YER131W	YLR150W
YER151C	YNR051C
YER164W	YGL019W
YER164W	YOR061W
YER165W	YGL120C
YER165W	YGR162W
YER171W	YIL128W
YFL022C	YLR060W
YFL023W	YLR200W
YFL045C	YGL195W
YFL049W	YNR023W
YFR009W	YGL195W
YFR009W	YLR180W
YFR013W	YGL133W
YFR031C-A	YGL030W
YFR031C-A	YGL076C
YFR031C-A	YGL103W
YFR031C-A	YGL123W
YFR031C-A	YGL147C
YFR031C-A	YHL001W
YFR031C-A	YHL033C
YFR031C-A	YHR010W
YFR031C-A	YIL133C
YFR031C-A	YJL177W
YFR031C-A	YJR123W
YFR031C-A	YKL180W
YFR031C-A	YLR029C
YFR031C-A	YLR150W
YFR031C-A	YLR367W
YFR031C-A	YLR441C
YFR031C-A	YML063W
YFR031C-A	YML073C
YFR031C-A	YMR142C
YFR031C-A	YMR242C
YFR031C-A	YNL069C
YFR031C-A	YNL096C
YFR031C-A	YNL301C
YFR031C-A	YNL302C
YFR031C-A	YOL040C
YFR031C-A	YOL120C
YFR031C-A	YOR063W
YFR031C-A	YOR096W
YFR031C-A	YOR204W
YFR031C-A	YPL090C
YFR031C-A	YPL143W
YFR031C-A	YPL198W
YFR031C-A	YPL220W
YFR031C-A	YPL249C-A
YFR032C-A	YGL103W
YFR032C-A	YJL177W
YFR032C-A	YKL046C
YFR032C-A	YLR029C
YFR032C-A	YMR242C
YFR032C-A	YNL096C
YFR032C-A	YOL040C
YFR037C	YGL133W
YFR037C	YKR001C
YFR037C	YLR357W
YFR037C	YMR091C
YFR037C	YOR304W
YFR051C	YNL287W
YFR051C	YPL010W
YGL019W	YLR418C
YGL019W	YOL145C
YGL019W	YOR061W
YGL019W	YOR123C
YGL022W	YJL002C
YGL030W	YGL076C
YGL030W	YGL103W
YGL030W	YGL147C
YGL030W	YGR103W
YGL030W	YHL001W
YGL030W	YHL033C
YGL030W	YHR010W
YGL030W	YHR052W
YGL030W	YIL133C
YGL030W	YJL177W
YGL030W	YJR123W
YGL030W	YKL180W
YGL030W	YLR029C
YGL030W	YLR150W
YGL030W	YLR367W
YGL030W	YLR441C
YGL030W	YML063W
YGL030W	YML073C
YGL030W	YMR142C
YGL030W	YMR242C
YGL030W	YNL069C
YGL030W	YNL110C
YGL030W	YOL077C
YGL030W	YOR063W
YGL030W	YOR096W
YGL030W	YOR204W
YGL030W	YPL093W
YGL030W	YPL220W
YGL030W	YPL249C-A
YGL030W	YPR016C
YGL043W	YGL070C
YGL043W	YOL005C
YGL044C	YMR061W
YGL044C	YOR250C
YGL061C	YKR083C
YGL070C	YOL005C
YGL070C	YPL129W
YGL070C	YPR187W
YGL076C	YGL103W
YGL076C	YGL111W
YGL076C	YGL147C
YGL076C	YGR103W
YGL076C	YHL001W
YGL076C	YHL033C
YGL076C	YIL133C
YGL076C	YJL177W
YGL076C	YJR123W
YGL076C	YKL180W
YGL076C	YKR081C
YGL076C	YLR002C
YGL076C	YLR029C
YGL076C	YLR441C
YGL076C	YML056C
YGL076C	YML063W
YGL076C	YML073C
YGL076C	YMR142C
YGL076C	YMR242C
YGL076C	YMR290C
YGL076C	YNL069C
YGL076C	YNL301C
YGL076C	YOL120C
YGL076C	YOR063W
YGL076C	YOR096W
YGL076C	YOR206W
YGL076C	YPL093W
YGL076C	YPL198W
YGL076C	YPL220W
YGL076C	YPL249C-A
YGL098W	YGL145W
YGL098W	YLR268W
YGL098W	YNL258C
YGL099W	YOR063W
YGL103W	YGL123W
YGL103W	YGL147C
YGL103W	YHL001W
YGL103W	YHL015W
YGL103W	YHL033C
YGL103W	YHR010W
YGL103W	YHR052W
YGL103W	YIL133C
YGL103W	YJL177W
YGL103W	YJR123W
YGL103W	YKL180W
YGL103W	YKR081C
YGL103W	YLR029C
YGL103W	YLR406C
YGL103W	YLR441C
YGL103W	YML063W
YGL103W	YML073C
YGL103W	YMR142C
YGL103W	YMR242C
YGL103W	YNL069C
YGL103W	YNL096C
YGL103W	YNL110C
YGL103W	YNL301C
YGL103W	YNL302C
YGL103W	YOL040C
YGL103W	YOR063W
YGL103W	YOR096W
YGL103W	YPL090C
YGL103W	YPL093W
YGL103W	YPL198W
YGL103W	YPL220W
YGL103W	YPL249C-A
YGL106W	YLR429W
YGL106W	YOR326W
YGL111W	YGR103W
YGL111W	YHR052W
YGL111W	YHR197W
YGL111W	YLL034C
YGL111W	YLR002C
YGL111W	YLR276C
YGL111W	YMR290C
YGL111W	YNL061W
YGL111W	YNL110C
YGL111W	YOL077C
YGL111W	YOR063W
YGL111W	YOR206W
YGL111W	YOR272W
YGL111W	YPL093W
YGL111W	YPR016C
YGL120C	YHR165C
YGL120C	YLL036C
YGL120C	YMR128W
YGL120C	YOR063W
YGL120C	YOR096W
YGL120C	YOR310C
YGL123W	YHL001W
YGL123W	YJL177W
YGL123W	YJR123W
YGL123W	YKL180W
YGL123W	YLR441C
YGL123W	YML073C
YGL123W	YMR242C
YGL123W	YOL040C
YGL123W	YOR063W
YGL129C	YGR084C
YGL129C	YGR165W
YGL129C	YGR215W
YGL129C	YHL004W
YGL129C	YJR101W
YGL129C	YJR113C
YGL129C	YKL155C
YGL129C	YMR188C
YGL129C	YNR037C
YGL129C	YOR158W
YGL129C	YOR204W
YGL129C	YPL013C
YGL129C	YPL118W
YGL133W	YKR001C
YGL133W	YOR304W
YGL145W	YLR268W
YGL145W	YNL258C
YGL147C	YHL001W
YGL147C	YHL015W
YGL147C	YHL033C
YGL147C	YIL133C
YGL147C	YJL177W
YGL147C	YJR123W
YGL147C	YKL180W
YGL147C	YLR029C
YGL147C	YLR406C
YGL147C	YML063W
YGL147C	YML073C
YGL147C	YMR242C
YGL147C	YMR290C
YGL147C	YNL069C
YGL147C	YNL096C
YGL147C	YOL040C
YGL147C	YOR063W
YGL147C	YOR096W
YGL147C	YPL093W
YGL147C	YPL198W
YGL147C	YPL249C-A
YGL147C	YPR016C
YGL171W	YGR145W
YGL171W	YHR148W
YGL171W	YLR129W
YGL171W	YLR186W
YGL195W	YIL094C
YGL195W	YLR180W
YGL195W	YOR136W
YGL245W	YGR264C
YGL245W	YPR010C
YGR020C	YOR332W
YGR054W	YMR290C
YGR054W	YOR063W
YGR078C	YLR200W
YGR078C	YML094W
YGR078C	YNL153C
YGR084C	YGR165W
YGR084C	YGR215W
YGR084C	YHL004W
YGR084C	YJR101W
YGR084C	YJR113C
YGR084C	YKL155C
YGR084C	YMR188C
YGR084C	YNR037C
YGR084C	YOR158W
YGR084C	YPL013C
YGR084C	YPL118W
YGR091W	YHR165C
YGR091W	YJL124C
YGR091W	YLR147C
YGR091W	YPL213W
YGR103W	YHR052W
YGR103W	YHR197W
YGR103W	YKR081C
YGR103W	YLR002C
YGR103W	YLR029C
YGR103W	YMR290C
YGR103W	YNL061W
YGR103W	YNL110C
YGR103W	YOL077C
YGR103W	YOR063W
YGR103W	YOR206W
YGR103W	YOR272W
YGR103W	YPL093W
YGR103W	YPL249C-A
YGR103W	YPR016C
YGR124W	YPR145W
YGR128C	YHR148W
YGR128C	YHR196W
YGR128C	YJL109C
YGR128C	YLR129W
YGR128C	YLR186W
YGR128C	YMR093W
YGR128C	YMR128W
YGR128C	YPL126W
YGR128C	YPL217C
YGR128C	YPR144C
YGR145W	YHR148W
YGR145W	YKR060W
YGR145W	YLR129W
YGR145W	YLR186W
YGR145W	YLR409C
YGR145W	YMR093W
YGR145W	YNR054C
YGR145W	YOR096W
YGR145W	YPL126W
YGR145W	YPL217C
YGR145W	YPR144C
YGR158C	YHR081W
YGR158C	YNL232W
YGR158C	YOL021C
YGR158C	YOR001W
YGR158C	YPR189W
YGR162W	YJL138C
YGR162W	YOR204W
YGR165W	YHL004W
YGR165W	YJR101W
YGR165W	YJR113C
YGR165W	YKL155C
YGR165W	YMR188C
YGR165W	YOR158W
YGR165W	YPL013C
YGR165W	YPL118W
YGR166W	YKR068C
YGR166W	YML077W
YGR166W	YMR218C
YGR166W	YOR115C
YGR200C	YPL086C
YGR214W	YLR048W
YGR215W	YHL004W
YGR215W	YJR101W
YGR215W	YJR113C
YGR215W	YKL155C
YGR215W	YMR188C
YGR215W	YNR037C
YGR215W	YOR158W
YGR215W	YPL118W
YGR220C	YJL063C
YGR220C	YKR006C
YGR220C	YKR085C
YGR220C	YLR312W-A
YGR220C	YMR193W
YGR220C	YNL005C
YGR240C	YLR180W
YGR283C	YMR310C
YHL001W	YHL033C
YHL001W	YIL133C
YHL001W	YJL177W
YHL001W	YJR123W
YHL001W	YKL180W
YHL001W	YLR441C
YHL001W	YML063W
YHL001W	YML073C
YHL001W	YMR142C
YHL001W	YMR242C
YHL001W	YNL069C
YHL001W	YOL040C
YHL001W	YOR063W
YHL001W	YOR096W
YHL001W	YPL090C
YHL001W	YPL198W
YHL001W	YPL220W
YHL001W	YPL249C-A
YHL004W	YJR101W
YHL004W	YJR113C
YHL004W	YKL155C
YHL004W	YMR188C
YHL004W	YNR037C
YHL004W	YOR158W
YHL004W	YOR204W
YHL004W	YPL013C
YHL004W	YPL118W
YHL015W	YJR123W
YHL015W	YKL180W
YHL015W	YML073C
YHL015W	YMR230W
YHL015W	YMR242C
YHL015W	YOL040C
YHL015W	YOR096W
YHL033C	YIL133C
YHL033C	YJL177W
YHL033C	YJR123W
YHL033C	YKL180W
YHL033C	YKR002W
YHL033C	YLR029C
YHL033C	YLR441C
YHL033C	YML063W
YHL033C	YML073C
YHL033C	YMR142C
YHL033C	YMR242C
YHL033C	YNL069C
YHL033C	YOR063W
YHL033C	YOR096W
YHL033C	YPL090C
YHL033C	YPL198W
YHL033C	YPL220W
YHR010W	YHR052W
YHR010W	YKL180W
YHR010W	YLR367W
YHR010W	YMR290C
YHR010W	YNL069C
YHR010W	YOR063W
YHR010W	YOR096W
YHR010W	YPL093W
YHR010W	YPL198W
YHR010W	YPL249C-A
YHR010W	YPR189W
YHR013C	YOR253W
YHR024C	YLR163C
YHR052W	YHR197W
YHR052W	YKR081C
YHR052W	YLL034C
YHR052W	YLR002C
YHR052W	YLR276C
YHR052W	YMR229C
YHR052W	YMR242C
YHR052W	YMR290C
YHR052W	YNL061W
YHR052W	YNL110C
YHR052W	YOL077C
YHR052W	YOR063W
YHR052W	YOR206W
YHR052W	YOR272W
YHR052W	YPL093W
YHR052W	YPR016C
YHR062C	YNL221C
YHR062C	YNL282W
YHR064C	YNL209W
YHR081W	YNL232W
YHR081W	YOL021C
YHR081W	YOR001W
YHR085W	YHR197W
YHR085W	YPL093W
YHR089C	YLR029C
YHR089C	YLR175W
YHR089C	YNL308C
YHR099W	YPL254W
YHR099W	YPR023C
YHR143W-A	YOR340C
YHR143W-A	YPR010C
YHR143W-A	YPR187W
YHR148W	YHR196W
YHR148W	YJL109C
YHR148W	YKR060W
YHR148W	YLR129W
YHR148W	YLR186W
YHR148W	YLR409C
YHR148W	YMR093W
YHR148W	YMR128W
YHR148W	YNL075W
YHR148W	YOR096W
YHR148W	YOR145C
YHR148W	YPL126W
YHR148W	YPL217C
YHR148W	YPR137W
YHR148W	YPR144C
YHR164C	YNL312W
YHR165C	YJL124C
YHR165C	YKR022C
YHR165C	YLL036C
YHR165C	YLR147C
YHR165C	YOR159C
YHR165C	YPL213W
YHR166C	YOR249C
YHR196W	YJL109C
YHR196W	YLR129W
YHR196W	YLR186W
YHR196W	YMR093W
YHR196W	YPL126W
YHR196W	YPL217C
YHR196W	YPR137W
YHR196W	YPR144C
YHR197W	YKR081C
YHR197W	YLL034C
YHR197W	YLR002C
YHR197W	YMR290C
YHR197W	YNL061W
YHR197W	YNL110C
YHR197W	YOL077C
YHR197W	YOR063W
YHR197W	YOR206W
YHR197W	YOR272W
YHR197W	YPL093W
YHR197W	YPR016C
YHR216W	YML056C
YHR216W	YMR142C
YHR216W	YOR250C
YIL022W	YJR045C
YIL094C	YOR136W
YIL098C	YJL180C
YIL133C	YJL177W
YIL133C	YJR123W
YIL133C	YKL180W
YIL133C	YLR029C
YIL133C	YLR441C
YIL133C	YML026C
YIL133C	YML063W
YIL133C	YML073C
YIL133C	YMR142C
YIL133C	YMR242C
YIL133C	YMR290C
YIL133C	YNL069C
YIL133C	YNL096C
YIL133C	YNL301C
YIL133C	YOL077C
YIL133C	YOL120C
YIL133C	YOR063W
YIL133C	YOR096W
YIL133C	YOR204W
YIL133C	YOR206W
YIL133C	YPL143W
YIL133C	YPL198W
YIL133C	YPL249C-A
YIR008C	YKL045W
YIR008C	YNL102W
YJL011C	YKL144C
YJL011C	YNL151C
YJL011C	YOR207C
YJL011C	YPR187W
YJL011C	YPR190C
YJL050W	YOL115W
YJL063C	YKR006C
YJL063C	YKR085C
YJL063C	YLR312W-A
YJL063C	YMR024W
YJL063C	YMR193W
YJL063C	YNL005C
YJL063C	YOR150W
YJL109C	YLR129W
YJL109C	YLR186W
YJL109C	YLR409C
YJL109C	YMR093W
YJL109C	YMR128W
YJL109C	YPL126W
YJL109C	YPL217C
YJL109C	YPR137W
YJL109C	YPR144C
YJL124C	YLR147C
YJL124C	YLR438C-A
YJL148W	YOR340C
YJL148W	YOR341W
YJL148W	YPR010C
YJL148W	YPR187W
YJL177W	YJR123W
YJL177W	YKL180W
YJL177W	YLR029C
YJL177W	YLR150W
YJL177W	YLR441C
YJL177W	YML063W
YJL177W	YML073C
YJL177W	YMR142C
YJL177W	YMR242C
YJL177W	YNL069C
YJL177W	YNL096C
YJL177W	YNL301C
YJL177W	YNL302C
YJL177W	YOL040C
YJL177W	YOR063W
YJL177W	YOR096W
YJL177W	YOR204W
YJL177W	YOR234C
YJL177W	YPL090C
YJL177W	YPL198W
YJL177W	YPL220W
YJL177W	YPL249C-A
YJL208C	YKR079C
YJR005W	YOL062C
YJR041C	YOL144W
YJR045C	YLR203C
YJR075W	YPL050C
YJR076C	YLR314C
YJR101W	YJR113C
YJR101W	YKL155C
YJR101W	YMR188C
YJR101W	YNL081C
YJR101W	YNR037C
YJR101W	YOR158W
YJR101W	YOR204W
YJR101W	YPL013C
YJR101W	YPL118W
YJR113C	YKL155C
YJR113C	YMR188C
YJR113C	YNL081C
YJR113C	YNR037C
YJR113C	YOR158W
YJR113C	YPL013C
YJR113C	YPL118W
YJR123W	YKL180W
YJR123W	YLR029C
YJR123W	YLR441C
YJR123W	YML063W
YJR123W	YML073C
YJR123W	YMR093W
YJR123W	YMR116C
YJR123W	YMR142C
YJR123W	YMR230W
YJR123W	YMR242C
YJR123W	YNL069C
YJR123W	YNL096C
YJR123W	YNL301C
YJR123W	YNL302C
YJR123W	YOL040C
YJR123W	YOR063W
YJR123W	YOR096W
YJR123W	YOR204W
YJR123W	YPL090C
YJR123W	YPL220W
YJR123W	YPL266W
YJR123W	YPR189W
YKL045W	YNL102W
YKL088W	YML016C
YKL088W	YOR061W
YKL143W	YPL266W
YKL144C	YNL151C
YKL144C	YOR207C
YKL144C	YPR187W
YKL144C	YPR190C
YKL155C	YMR188C
YKL155C	YNR037C
YKL155C	YOR158W
YKL155C	YOR204W
YKL155C	YPL013C
YKL155C	YPL118W
YKL180W	YLR029C
YKL180W	YLR406C
YKL180W	YLR441C
YKL180W	YML024W
YKL180W	YML063W
YKL180W	YML073C
YKL180W	YMR142C
YKL180W	YMR242C
YKL180W	YNL069C
YKL180W	YNL096C
YKL180W	YNL301C
YKL180W	YNL302C
YKL180W	YOL040C
YKL180W	YOR063W
YKL180W	YOR096W
YKL180W	YPL143W
YKL180W	YPL198W
YKL180W	YPL220W
YKL180W	YPL249C-A
YKR001C	YLR357W
YKR001C	YMR091C
YKR001C	YOR304W
YKR002W	YLR277C
YKR002W	YMR061W
YKR002W	YPR107C
YKR006C	YKR085C
YKR006C	YLR312W-A
YKR006C	YMR024W
YKR006C	YMR193W
YKR006C	YNL005C
YKR060W	YLR129W
YKR060W	YLR186W
YKR060W	YLR409C
YKR060W	YMR093W
YKR060W	YMR128W
YKR060W	YOR096W
YKR060W	YPL126W
YKR060W	YPR144C
YKR068C	YML077W
YKR068C	YMR218C
YKR068C	YOR115C
YKR081C	YLR002C
YKR081C	YLR029C
YKR081C	YLR276C
YKR081C	YMR290C
YKR081C	YNL061W
YKR081C	YNL110C
YKR081C	YOL077C
YKR081C	YOR063W
YKR081C	YOR096W
YKR081C	YOR206W
YKR081C	YPL093W
YKR081C	YPL198W
YKR081C	YPR016C
YKR085C	YLR312W-A
YKR085C	YMR024W
YKR085C	YMR193W
YKR085C	YNL005C
YKR085C	YOR150W
YLL034C	YLR002C
YLL034C	YMR242C
YLL034C	YMR290C
YLL034C	YNL061W
YLL034C	YOL077C
YLL034C	YOR063W
YLL034C	YOR206W
YLL034C	YOR272W
YLL034C	YPL093W
YLL036C	YLR147C
YLL036C	YPL213W
YLR002C	YLR029C
YLR002C	YMR290C
YLR002C	YNL061W
YLR002C	YNL110C
YLR002C	YOL077C
YLR002C	YOR063W
YLR002C	YOR206W
YLR002C	YOR272W
YLR002C	YPL093W
YLR002C	YPL198W
YLR002C	YPR016C
YLR029C	YLR196W
YLR029C	YML063W
YLR029C	YML073C
YLR029C	YMR229C
YLR029C	YMR242C
YLR029C	YMR290C
YLR029C	YNL069C
YLR029C	YNL096C
YLR029C	YNL301C
YLR029C	YOL040C
YLR029C	YOL077C
YLR029C	YOL120C
YLR029C	YOR063W
YLR029C	YOR096W
YLR029C	YOR204W
YLR029C	YOR206W
YLR029C	YPL090C
YLR029C	YPL093W
YLR029C	YPL198W
YLR029C	YPL220W
YLR044C	YOL086C
YLR074C	YPL093W
YLR129W	YLR186W
YLR129W	YLR409C
YLR129W	YMR093W
YLR129W	YMR128W
YLR129W	YOR145C
YLR129W	YPL126W
YLR129W	YPL217C
YLR129W	YPL266W
YLR129W	YPR112C
YLR129W	YPR137W
YLR129W	YPR144C
YLR147C	YOR159C
YLR147C	YPL213W
YLR150W	YML063W
YLR150W	YML073C
YLR150W	YMR242C
YLR150W	YNL069C
YLR150W	YOR063W
YLR150W	YOR096W
YLR150W	YPL198W
YLR150W	YPL249C-A
YLR175W	YMR229C
YLR175W	YMR290C
YLR175W	YMR310C
YLR175W	YNL308C
YLR175W	YOR063W
YLR180W	YMR012W
YLR186W	YLR409C
YLR186W	YMR093W
YLR186W	YMR128W
YLR186W	YOR096W
YLR186W	YOR145C
YLR186W	YOR310C
YLR186W	YPL126W
YLR186W	YPL217C
YLR186W	YPR137W
YLR186W	YPR144C
YLR196W	YOL077C
YLR200W	YML094W
YLR200W	YNL153C
YLR221C	YOL144W
YLR264W	YNL096C
YLR268W	YNL258C
YLR276C	YMR290C
YLR276C	YNL061W
YLR276C	YOL077C
YLR276C	YOR063W
YLR276C	YOR206W
YLR276C	YPL093W
YLR277C	YMR061W
YLR277C	YPR107C
YLR291C	YPL237W
YLR292C	YOR254C
YLR292C	YPL094C
YLR312W-A	YMR024W
YLR312W-A	YMR193W
YLR312W-A	YNL005C
YLR357W	YMR091C
YLR367W	YML026C
YLR367W	YMR116C
YLR367W	YOR096W
YLR367W	YPL249C-A
YLR398C	YPR189W
YLR406C	YLR441C
YLR406C	YOR063W
YLR407W	YOR061W
YLR409C	YMR093W
YLR409C	YPL126W
YLR409C	YPL217C
YLR409C	YPR137W
YLR409C	YPR144C
YLR418C	YOL145C
YLR418C	YOR061W
YLR418C	YOR123C
YLR441C	YML063W
YLR441C	YML073C
YLR441C	YMR242C
YLR441C	YNL069C
YLR441C	YNL096C
YLR441C	YNL301C
YLR441C	YOL040C
YLR441C	YOR063W
YLR441C	YOR096W
YLR441C	YPL090C
YLR441C	YPL198W
YLR441C	YPL220W
YML024W	YML063W
YML024W	YOR096W
YML024W	YOR204W
YML026C	YOR096W
YML056C	YOR063W
YML056C	YPL198W
YML062C	YNL004W
YML063W	YML073C
YML063W	YMR142C
YML063W	YMR242C
YML063W	YMR290C
YML063W	YNL069C
YML063W	YNL096C
YML063W	YNL301C
YML063W	YOL040C
YML063W	YOL120C
YML063W	YOR063W
YML063W	YOR096W
YML063W	YOR204W
YML063W	YPL090C
YML063W	YPL198W
YML063W	YPL220W
YML063W	YPL249C-A
YML065W	YNL261W
YML065W	YPR162C
YML073C	YMR142C
YML073C	YMR242C
YML073C	YMR290C
YML073C	YNL061W
YML073C	YNL069C
YML073C	YNL096C
YML073C	YNL301C
YML073C	YOL040C
YML073C	YOL120C
YML073C	YOR063W
YML073C	YOR096W
YML073C	YOR204W
YML073C	YOR234C
YML073C	YPL090C
YML073C	YPL093W
YML073C	YPL143W
YML073C	YPL198W
YML073C	YPL220W
YML073C	YPL249C-A
YML077W	YMR218C
YML077W	YOR115C
YML094W	YNL153C
YML124C	YMR012W
YMR024W	YMR193W
YMR024W	YNL005C
YMR024W	YNL284C
YMR024W	YOR150W
YMR061W	YOR250C
YMR078C	YNL290W
YMR083W	YOL086C
YMR093W	YMR128W
YMR093W	YNL075W
YMR093W	YOR096W
YMR093W	YOR145C
YMR093W	YPL126W
YMR093W	YPL217C
YMR093W	YPL266W
YMR093W	YPR137W
YMR093W	YPR144C
YMR116C	YOR096W
YMR116C	YPR189W
YMR128W	YMR229C
YMR128W	YNL075W
YMR128W	YOR096W
YMR128W	YPL126W
YMR128W	YPL217C
YMR128W	YPR137W
YMR128W	YPR144C
YMR142C	YMR242C
YMR142C	YNL069C
YMR142C	YNL301C
YMR142C	YOR063W
YMR142C	YOR096W
YMR142C	YOR204W
YMR142C	YPL090C
YMR142C	YPL143W
YMR142C	YPL198W
YMR142C	YPL249C-A
YMR146C	YMR309C
YMR146C	YOR204W
YMR146C	YOR361C
YMR146C	YPR041W
YMR188C	YNR037C
YMR188C	YOR158W
YMR188C	YPL118W
YMR193W	YNL005C
YMR218C	YOR115C
YMR223W	YPL254W
YMR229C	YMR290C
YMR229C	YNL061W
YMR229C	YOL077C
YMR229C	YOR206W
YMR229C	YOR272W
YMR229C	YPL126W
YMR242C	YMR290C
YMR242C	YNL069C
YMR242C	YNL096C
YMR242C	YNL301C
YMR242C	YNL302C
YMR242C	YOL040C
YMR242C	YOL077C
YMR242C	YOR063W
YMR242C	YOR096W
YMR242C	YOR204W
YMR242C	YOR206W
YMR242C	YOR234C
YMR242C	YPL090C
YMR242C	YPL093W
YMR242C	YPL198W
YMR242C	YPL220W
YMR242C	YPL249C-A
YMR290C	YNL061W
YMR290C	YNL069C
YMR290C	YNL110C
YMR290C	YNL308C
YMR290C	YOL077C
YMR290C	YOL120C
YMR290C	YOR063W
YMR290C	YOR096W
YMR290C	YOR206W
YMR290C	YOR272W
YMR290C	YPL093W
YMR290C	YPL198W
YMR290C	YPL220W
YMR290C	YPR016C
YMR309C	YOR204W
YMR309C	YOR361C
YMR309C	YPR041W
YNL005C	YNL284C
YNL005C	YOR150W
YNL005C	YOR204W
YNL021W	YPR179C
YNL037C	YOR136W
YNL061W	YNL110C
YNL061W	YOL077C
YNL061W	YOR063W
YNL061W	YOR206W
YNL061W	YOR272W
YNL061W	YPL093W
YNL061W	YPL198W
YNL061W	YPL220W
YNL061W	YPR016C
YNL069C	YNL096C
YNL069C	YNL301C
YNL069C	YOL039W
YNL069C	YOL040C
YNL069C	YOL120C
YNL069C	YOR063W
YNL069C	YOR096W
YNL069C	YOR204W
YNL069C	YPL090C
YNL069C	YPL143W
YNL069C	YPL198W
YNL069C	YPL220W
YNL069C	YPL249C-A
YNL069C	YPR102C
YNL075W	YPL126W
YNL075W	YPR137W
YNL075W	YPR144C
YNL096C	YNL301C
YNL096C	YOL040C
YNL096C	YOR063W
YNL096C	YOR096W
YNL096C	YPL090C
YNL096C	YPL146C
YNL110C	YOL077C
YNL110C	YOR063W
YNL110C	YOR206W
YNL110C	YOR272W
YNL110C	YPL093W
YNL110C	YPR016C
YNL136W	YPR023C
YNL151C	YOR207C
YNL151C	YPR187W
YNL151C	YPR190C
YNL221C	YNL282W
YNL232W	YOL021C
YNL232W	YOR001W
YNL261W	YPR162C
YNL262W	YPR175W
YNL287W	YPL010W
YNL290W	YOR144C
YNL290W	YOR217W
YNL301C	YOL120C
YNL301C	YOR063W
YNL301C	YOR096W
YNL301C	YOR204W
YNL301C	YOR206W
YNL301C	YPL090C
YNL301C	YPL249C-A
YNL330C	YOL004W
YNL330C	YPR023C
YNR023W	YPL129W
YNR037C	YOR158W
YNR037C	YPL118W
YOL004W	YPR023C
YOL005C	YPL129W
YOL005C	YPR187W
YOL021C	YOR001W
YOL040C	YOR063W
YOL040C	YOR096W
YOL040C	YPL090C
YOL077C	YOR063W
YOL077C	YOR206W
YOL077C	YOR272W
YOL077C	YPL093W
YOL077C	YPL198W
YOL086C	YOR133W
YOL120C	YOR063W
YOL120C	YOR206W
YOL120C	YPL143W
YOL120C	YPL198W
YOL145C	YOR061W
YOL145C	YOR123C
YOR061W	YOR123C
YOR063W	YOR096W
YOR063W	YOR206W
YOR063W	YOR272W
YOR063W	YPL090C
YOR063W	YPL093W
YOR063W	YPL143W
YOR063W	YPL198W
YOR063W	YPL220W
YOR063W	YPL249C-A
YOR063W	YPR016C
YOR063W	YPR189W
YOR096W	YOR310C
YOR096W	YPL090C
YOR096W	YPL126W
YOR096W	YPL198W
YOR096W	YPL217C
YOR096W	YPL220W
YOR096W	YPL249C-A
YOR096W	YPR144C
YOR136W	YPL235W
YOR145C	YPL126W
YOR145C	YPL266W
YOR158W	YPL013C
YOR158W	YPL118W
YOR159C	YPL213W
YOR174W	YPL042C
YOR204W	YOR361C
YOR204W	YPL090C
YOR204W	YPL118W
YOR204W	YPL249C-A
YOR204W	YPR041W
YOR206W	YOR272W
YOR206W	YPL093W
YOR206W	YPR016C
YOR207C	YPR187W
YOR207C	YPR190C
YOR254C	YPL094C
YOR272W	YPL093W
YOR272W	YPL198W
YOR310C	YPL126W
YOR310C	YPR137W
YOR340C	YOR341W
YOR340C	YPR010C
YOR340C	YPR187W
YOR341W	YPR010C
YOR341W	YPR187W
YOR361C	YPR041W
YPL013C	YPL118W
YPL090C	YPL198W
YPL093W	YPL198W
YPL093W	YPL249C-A
YPL093W	YPR016C
YPL093W	YPR102C
YPL126W	YPL217C
YPL126W	YPL266W
YPL126W	YPR137W
YPL126W	YPR144C
YPL129W	YPL235W
YPL129W	YPR187W
YPL143W	YPL249C-A
YPL198W	YPL220W
YPL217C	YPR112C
YPL217C	YPR137W
YPL217C	YPR144C
YPL220W	YPR102C
YPL249C-A	YPR016C
YPL259C	YPR029C
YPL266W	YPR144C
YPR010C	YPR187W
YPR137W	YPR144C
YPR187W	YPR190C
