YMR056C	YNR056C
YMR056C	YJL124C
YMR056C	YER171W
YNL331C	YDL243C
YNL331C	YNL189W
YBL074C	YDR283C
YBL074C	YHR165C
YBR236C	YDL140C
YBR236C	YML010W
YJR108W	YDL130W
YER045C	YGR247W
YER045C	YGR123C
YNR016C	YER179W
YNR016C	YIL061C
YNR016C	YDR398W
YLR131C	YPR086W
YLR131C	YNL157W
YLR304C	YNL192W
YLR304C	YBR136W
YLR304C	YER171W
YLR304C	YAR007C
YLR304C	YOL094C
YLR304C	YOL006C
YAL054C	YNL189W
YAL054C	YLR049C
YLR153C	YBR055C
YLR153C	YPR165W
YLR153C	YIL061C
YLR359W	YOR098C
YLR359W	YOR361C
YLR359W	YGL100W
YMR120C	YBR055C
YMR120C	YOR212W
YMR300C	YAL012W
YMR300C	YMR235C
YGL234W	YOL094C
YGL234W	YKL166C
YGL234W	YOR298W
YGR061C	YBR055C
YMR083W	YML058W
YGL256W	YER133W
YGL256W	YKL108W
YGL256W	YLR146C
YDR226W	YPL031C
YDR226W	YDL043C
YDR226W	YDR177W
YDR216W	YDL029W
YDR216W	YGR252W
YDR216W	YGR123C
YDR216W	YPR086W
YDR216W	YGR274C
YDL239C	YPL255W
YDL239C	YML042W
YDL239C	YLR098C
YDL239C	YNL225C
YDL239C	YPL049C
YDL239C	YDR273W
YDL239C	YAL042W
YDL239C	YAR018C
YDL239C	YDR176W
YDL239C	YOR373W
YDL239C	YDL030W
YDL239C	YNL201C
YDL239C	YOR127W
YDL239C	YKL042W
YDL239C	YCL032W
YDL239C	YNR012W
YDL239C	YAL028W
YDL239C	YLR072W
YMR064W	YDR034C
YOR023C	YDL030W
YOR023C	YJL187C
YOR023C	YCR082W
YLR109W	YGL090W
YLR109W	YDL200C
YLR109W	YDR369C
YLR109W	YJL141C
YDL175C	YOR204W
YDL175C	YJL124C
YDL175C	YCR077C
YDL175C	YNL189W
YDL175C	YOL115W
YBR059C	YPR033C
YBR059C	YGL213C
YBR059C	YCL032W
YBR059C	YML014W
YBR059C	YER144C
YBR059C	YMR144W
YDR264C	YDL226C
YDR264C	YPL242C
YDR264C	YOR101W
YDR264C	YKL178C
YDR264C	YOR212W
YDR264C	YOR043W
YDR264C	YNL154C
YOR335C	YNL135C
YOR335C	YBR055C
YER073W	YEL042W
YER073W	YPR086W
YBR110W	YBR290W
YBR110W	YEL063C
YBR110W	YHL048W
YBR110W	YGR060W
YBR110W	YPL076W
YBR110W	YLL061W
YBR110W	YEL017C-A
YBR110W	YPL274W
YBR110W	YJR010C-A
YBR110W	YLR372W
YBR110W	YLL028W
YBR110W	YPR156C
YBR110W	YDL015C
YBR110W	YGR105W
YBR110W	YBR159W
YBR110W	YDR307W
YBR110W	YKL065C
YBR110W	YHR140W
YPL227C	YBR290W
YPL227C	YEL063C
YPL227C	YHR123W
YPL227C	YGR060W
YPL227C	YIL097W
YPL227C	YCR024C-A
YPL227C	YEL017C-A
YPL227C	YPL274W
YPL227C	YBR171W
YPL227C	YPR198W
YPL227C	YJR010C-A
YPL227C	YHR140W
YOL130W	YGL025C
YOL130W	YNL086W
YML035C	YLR465C
YBR231C	YNR030W
YBR231C	YGL070C
YPR180W	YER136W
YPR180W	YJL001W
YPR180W	YDR510W
YPR180W	YDR390C
YCL050C	YJR022W
YDR530C	YLR295C
YNL172W	YOR249C
YNL172W	YGL240W
YOR249C	YLR102C
YOR249C	YGL240W
YLR102C	YNL176C
YBR286W	YPL200W
YBR286W	YGL100W
YMR159C	YPL149W
YMR159C	YOR098C
YMR159C	YDR510W
YMR159C	YOR212W
YMR159C	YFL040W
YPL149W	YAL012W
YKL135C	YPR029C
YKL135C	YPL259C
YKL135C	YHL019C
YKL135C	YGL206C
YKL135C	YPR010C
YKL135C	YNL189W
YPR029C	YPL259C
YPR029C	YHL019C
YPR029C	YDL153C
YPR029C	YFR043C
YPL259C	YCL059C
YPL259C	YLR196W
YPL259C	YOL010W
YPL259C	YLR329W
YPL259C	YPR016C
YPL259C	YOR187W
YHL019C	YFR045W
YOL062C	YJR058C
YOL062C	YFL045C
YBL019W	YEL009C
YNL094W	YJL020C
YNL094W	YLL050C
YNL094W	YDR155C
YNL094W	YJR082C
YNL094W	YBR133C
YNL094W	YDR162C
YNL094W	YHR179W
YNL094W	YMR105C
YNL094W	YDR235W
YNL094W	YCR009C
YNL094W	YDR388W
YNL094W	YBL106C
YNL094W	YJL187C
YNL094W	YHR016C
YDR441C	YDR084C
YLL052C	YMR094W
YIL062C	YKL013C
YIL062C	YNR035C
YIL062C	YBR234C
YIL062C	YDL029W
YIL062C	YJR065C
YKL013C	YNR035C
YKL013C	YBR234C
YKL013C	YDL029W
YKL013C	YJR065C
YKL013C	YMR109W
YKL013C	YDR063W
YNR035C	YBR234C
YNR035C	YDL029W
YNR035C	YJR065C
YBR234C	YDL029W
YBR234C	YJR065C
YBR234C	YMR109W
YBR234C	YML069W
YBR234C	YLR453C
YBR234C	YER022W
YBR234C	YHR064C
YBR234C	YNL040W
YNR019W	YDL006W
YNR019W	YBR159W
YDL192W	YDL137W
YDL192W	YPR176C
YDL192W	YLR078C
YDL192W	YMR094W
YDL192W	YAL026C
YDL192W	YDL200C
YDL192W	YGR130C
YDL137W	YDR007W
YDL137W	YGR052W
YOL058W	YDR388W
YOL058W	YNL189W
YJL071W	YER069W
YML099C	YCL040W
YML099C	YMR043W
YML099C	YML014W
YML099C	YDR207C
YDR173C	YDL017W
YDR173C	YMR043W
YPL051W	YER044C
YPL051W	YKR030W
YPL051W	YPR086W
YPL051W	YKL206C
YGL148W	YOL107W
YHR137W	YMR152W
YHR129C	YOR098C
YHR129C	YJR008W
YDL029W	YJR065C
YDL029W	YNL271C
YDL029W	YBR202W
YDL029W	YBR208C
YDL029W	YGL016W
YDL029W	YMR109W
YDL029W	YAL015C
YDL029W	YAR007C
YDL029W	YIL066C
YDL029W	YOR259C
YDL029W	YDR190C
YDL029W	YHR030C
YDL029W	YDR523C
YDL029W	YNL189W
YDL029W	YOR212W
YJR065C	YMR109W
YJR065C	YNR053C
YJR065C	YPR086W
YPR201W	YGR174C
YPR201W	YDR039C
YPR201W	YAL007C
YPR201W	YOR016C
YPR201W	YBR159W
YPR201W	YDR506C
YDL100C	YGR189C
YDL100C	YML101C
YDL100C	YHR128W
YDL100C	YML048W
YDL100C	YHL004W
YDL100C	YKL062W
YDL100C	YER083C
YDL100C	YIL162W
YDL100C	YDR513W
YDL100C	YDR259C
YDL100C	YDR415C
YDL100C	YKR100C
YDR101C	YLR074C
YDR101C	YPR017C
YDR101C	YAL007C
YDR101C	YNL110C
YDR101C	YER126C
YDR101C	YDR192C
YDR101C	YKR081C
YDR101C	YGR245C
YJL115W	YIL070C
YJL115W	YPL153C
YJL115W	YGR180C
YJL115W	YMR200W
YJL115W	YOR213C
YNL159C	YER022W
YNL008C	YNL083W
YKL052C	YDR016C
YPR145W	YHR113W
YGR124W	YDR034C
YGR124W	YKL137W
YLR155C	YLR295C
YGL017W	YJL098W
YPR049C	YDR228C
YPR185W	YGR120C
YPR185W	YHR128W
YPR185W	YNL086W
YBR128C	YDL185W
YBR128C	YPL120W
YFR021W	YNL242W
YFR021W	YNR058W
YFR021W	YGL190C
YFR021W	YDR034C
YFR021W	YER162C
YFR021W	YBL103C
YFR021W	YFR040W
YFR021W	YLR222C
YFR021W	YML059C
YNL242W	YJR022W
YNR007C	YBL078C
YNR007C	YMR047C
YDL149W	YPR041W
YDL149W	YLR065C
YDR384C	YNR060W
YDR384C	YBR199W
YDR384C	YPR156C
YNL315C	YBL099W
YNL315C	YJR121W
YNL315C	YDL165W
YJL180C	YLR295C
YJL180C	YBL099W
YLR295C	YBL099W
YLR295C	YJR121W
YLR295C	YIL124W
YLR295C	YMR138W
YLR295C	YIL111W
YLR295C	YDL045C
YLR295C	YHR128W
YLR295C	YJL044C
YLR295C	YGR187C
YLR295C	YJL100W
YLR295C	YBR193C
YLR295C	YMR177W
YLR295C	YIL050W
YLR295C	YKL127W
YLR295C	YOR145C
YLR295C	YJL001W
YLR295C	YIL117C
YLR295C	YJL078C
YLR295C	YJL166W
YLR295C	YDL081C
YLR295C	YGL048C
YLR295C	YGR009C
YLR295C	YML058W
YLR295C	YDR510W
YLR295C	YPR182W
YLR295C	YPR086W
YLR295C	YJR009C
YLR295C	YDR007W
YLR295C	YML007W
YLR295C	YAR060C
YLR295C	YDL118W
YLR295C	YDL233W
YLR295C	YDR445C
YLR295C	YFR043C
YLR295C	YGL010W
YLR295C	YGR035C
YLR295C	YGR122W
YLR295C	YGR153W
YLR295C	YHR127W
YLR295C	YHR138C
YLR295C	YHR140W
YLR295C	YNL263C
YLR295C	YIL059C
YLR295C	YIL157C
YLR295C	YMR152W
YLR295C	YIR036C
YLR295C	YJR037W
YLR295C	YJR083C
YLR295C	YJR100C
YLR295C	YJR141W
YLR295C	YKL088W
YLR295C	YLR168C
YLR295C	YML079W
YLR295C	YMR090W
YLR295C	YMR144W
YLR295C	YOL008W
YLR295C	YOL050C
YPL271W	YBL099W
YPL271W	YJR121W
YDL004W	YBL099W
YDL004W	YJR121W
YML081C-A	YBL099W
YML081C-A	YPR020W
YML081C-A	YJR121W
YBL099W	YPR020W
YBL099W	YJR121W
YBL099W	YDR298C
YBL099W	Q0130
YBL099W	YDR322C-A
YPR020W	YJR121W
YPR020W	YER048C
YPR020W	YPR194C
YPR020W	YPR086W
YJR121W	YDR298C
YJR121W	Q0130
YJR121W	YLR453C
YJR121W	YDR322C-A
YJR121W	YBR271W
YML116W	YDR034C
YML116W	YBL107C
YNL259C	YDR270W
YKL004W	YFL062W
YKL004W	YGR295C
YKL004W	YHL048W
YKL004W	YBR044C
YKL004W	YCR061W
YOR011W	YIR009W
YBL078C	YOR100C
YBL078C	YLR093C
YMR068W	YNL006W
YMR068W	YKL203C
YMR068W	YNL047C
YNL101W	YER026C
YNL101W	YGR060W
YNL101W	YPL076W
YNL101W	YML048W
YNL101W	YHL003C
YNL101W	YDL212W
YNL101W	YIL016W
YNL101W	YKL154W
YNL101W	YLR372W
YNL101W	YDL015C
YNL101W	YBR159W
YNL101W	YKL065C
YNL101W	YHR140W
YNL101W	YPR028W
YIL140W	YEL063C
YIL140W	YJL129C
YOR134W	YDR192C
YBR068C	YDL212W
YBR068C	YBL089W
YBR068C	YJR001W
YJL020C	YDR155C
YJL020C	YLR258W
YJL020C	YMR032W
YJL020C	YMR109W
YJL020C	YGR048W
YJL020C	YDL129W
YPL255W	YNL188W
YPL255W	YHL004W
YPL255W	YEL062W
YPL255W	YBR270C
YPL255W	YLR392C
YLR399C	YDL070W
YLR399C	YDR328C
YLR399C	YOR338W
YDL070W	YER133W
YNL039W	YGR246C
YNL039W	YOL115W
YER155C	YBL038W
YER155C	YNL201C
YER155C	YDL059C
YER155C	YOL087C
YPR176C	YJL031C
YKR068C	YDR108W
YKR068C	YGR166W
YKR068C	YMR218C
YKR068C	YDR246W
YKR068C	YOR115C
YJR053W	YLR078C
YJR053W	YMR055C
YJR053W	YMR001C
YJR053W	YMR319C
YJR053W	YGL121C
YJR053W	YNL238W
YJR053W	YLR389C
YOR198C	YKR030W
YOR198C	YLR453C
YDR299W	YDL017W
YDR299W	YGR145W
YDR299W	YCL059C
YDR299W	YGR090W
YGR282C	YKR026C
YGR282C	YDL042C
YER016W	YFR050C
YER016W	YML085C
YNR056C	YDR456W
YJR089W	YGR140W
YJR089W	YDL017W
YJR089W	YDR328C
YJR089W	YDR415C
YDR099W	YLR267W
YDR099W	YPR030W
YDR099W	YBL043W
YDR099W	YDR062W
YDR099W	YNL293W
YDR099W	YGR123C
YDR099W	YAL017W
YDR099W	YLR453C
YDR099W	YLR177W
YBL098W	YDL226C
YNL271C	YDL126C
YNL271C	YDR021W
YNL271C	YCL027W
YNL271C	YMR032W
YNL271C	YMR109W
YNL271C	YOR122C
YNL271C	YPR165W
YNL271C	YML109W
YNL233W	YER133W
YNL233W	YGR014W
YNL233W	YBL061C
YIL159W	YCL027W
YIL159W	YMR032W
YIL159W	YMR109W
YIL159W	YOR122C
YIL159W	YLL017W
YBL085W	YMR032W
YBL085W	YNL078W
YBL085W	YJR056C
YBL085W	YML109W
YLR267W	YDR281C
YLR267W	YDR328C
YLR078C	YMR047C
YLR078C	YMR257C
YLR078C	YMR297W
YLR078C	YFR051C
YLR078C	YPL218W
YLR078C	YIL109C
YLR078C	YDR238C
YLR078C	YDR189W
YLR078C	YIL162W
YLR078C	YFL038C
YLL015W	YJR022W
YLR015W	YBR272C
YLR015W	YDL140C
YLR015W	YDR469W
YLR015W	YHR119W
YLR015W	YBR258C
YLR015W	YAR003W
YLR015W	YBR175W
YBR290W	YPL132W
YBR290W	YOR016C
YBR290W	YPL076W
YBR290W	YML048W
YBR290W	YKL008C
YBR290W	YCR024C-A
YBR290W	YLR018C
YBR290W	YDL212W
YBR290W	YIL016W
YBR290W	YLR372W
YBR290W	YPR156C
YBR290W	YDL015C
YBR290W	YBR159W
YBR290W	YPL087W
YBR290W	YKL065C
YBR290W	YLR004C
YBR290W	YPR028W
YPR171W	YDR388W
YPR171W	YHR016C
YMR055C	YPL040C
YMR055C	YGR153W
YGL174W	YMR012W
YGL174W	YLR016C
YLR074C	YLL050C
YLR074C	YDR155C
YLR074C	YDR174W
YLR074C	YDR225W
YLR074C	YDR224C
YLR074C	YNL182C
YLR074C	YDL051W
YLR074C	YIL070C
YLR074C	YPL013C
YLR074C	YKL009W
YLR074C	YNR053C
YLR074C	YOL041C
YLR074C	YNL175C
YLR074C	YNL110C
YLR074C	YGR103W
YLR074C	YER126C
YLR074C	YER006W
YLR074C	YHR179W
YLR074C	YLR196W
YLR074C	YNL002C
YLR074C	YKR081C
YLR074C	YDR175C
YLR074C	YIL093C
YLR074C	YGR245C
YLR074C	YPR016C
YLR074C	YBL044W
YLR074C	YCR072C
YLR074C	YFL006W
YLR074C	YGL068W
YCR063W	YHR165C
YGR262C	YLR438W
YGR262C	YLR216C
YGR262C	YHR011W
YGR262C	YLR174W
YGR262C	YML056C
YGR262C	YJR072C
YGR262C	YDL147W
YGR262C	YBL039C
YGR262C	YML036W
YGR262C	YMR226C
YCL014W	YPR119W
YCL014W	YBL038W
YCL014W	YPR086W
YCR038C	YDR532C
YCR038C	YDL065C
YCR038C	YHR119W
YLR353W	YMR047C
YLR353W	YBR027C
YGR041W	YPL251W
YLR226W	YBR135W
YLR226W	YPR161C
YER159C	YDR397C
YDR423C	YMR047C
YNL288W	YDL165W
YNL288W	YCR093W
YNL288W	YNR052C
YNL288W	YER022W
YNL288W	YPR086W
YKR036C	YIL142W
YKR036C	YJL014W
YKR036C	YCR093W
YKR036C	YLR206W
YKR036C	YHR001W
YKR036C	YPL042C
YKR036C	YDR212W
YFL029C	YPR161C
YFL029C	YPR054W
YEL063C	YMR264W
YEL063C	YBL040C
YEL063C	YAL007C
YEL063C	YOR016C
YEL063C	YNL125C
YEL063C	YMR292W
YEL063C	YPL076W
YEL063C	YML048W
YEL063C	YGR057C
YEL063C	YGR014W
YEL063C	YCR024C-A
YEL063C	YDL212W
YEL063C	YIL016W
YEL063C	YJR010C-A
YEL063C	YKL154W
YEL063C	YLR372W
YEL063C	YAR027W
YEL063C	YPL139C
YEL063C	YBR159W
YEL063C	YCR061W
YEL063C	YKL065C
YEL063C	YHL042W
YEL063C	YHR140W
YEL063C	YOR161C
YEL063C	YOR345C
YPL111W	YPL160W
YPL111W	YMR235C
YPL111W	YNL189W
YLR438W	YLL019C
YLR438W	YPL022W
YLR438W	YPR165W
YLR438W	YHL025W
YLR438W	YPL150W
YML042W	YMR038C
YML042W	YGL187C
YML042W	YDL065C
YML042W	YDR244W
YML042W	YLR014C
YML042W	YNL189W
YMR280C	YJL089W
YGR036C	YDR318W
YJR060W	YGR140W
YJR060W	YMR094W
YJR060W	YDR318W
YJR060W	YIR017C
YJR060W	YNL103W
YJR060W	YPL153C
YGR140W	YMR094W
YPL215W	YJR042W
YPL215W	YDL043C
YPL215W	YIL061C
YGR174C	YDL054C
YGR174C	YLL028W
YGR174C	YOL115W
YBR120C	YJR082C
YBR120C	YKR026C
YKL208W	YPR086W
YLR220W	YOR085W
YLR220W	YER029C
YPR025C	YOR173W
YPR025C	YPL031C
YPR025C	YER171W
YPR025C	YBR081C
YPR025C	YPR016C
YMR038C	YER083C
YIL142W	YGL190C
YIL142W	YDR142C
YIL142W	YDR075W
YIL142W	YLR196W
YIL142W	YLL011W
YIL142W	YOR212W
YIL142W	YDR212W
YIL142W	YOR230W
YIL142W	YBL049W
YJL014W	YGL190C
YJL014W	YDR142C
YJL014W	YDR075W
YJL014W	YLR196W
YJL014W	YER173W
YJL014W	YLL011W
YJL014W	YOR212W
YJL014W	YOR230W
YJL014W	YBL049W
YDL143W	YKR026C
YLR110C	YLR453C
YBR131W	YML001W
YJR076C	YMR012W
YJR076C	YGL049C
YJR076C	YNL088W
YJR076C	YML109W
YOR074C	YPR086W
YOR257W	YNL188W
YOR257W	YHR102W
YOR257W	YDR356W
YDR054C	YFL009W
YDR054C	YDL132W
YDR054C	YGL070C
YDR054C	YDR328C
YDR054C	YIL148W
YDL165W	YCR093W
YDL165W	YGR014W
YDL165W	YGL127C
YDL165W	YPL042C
YDL165W	YLR125W
YDR168W	YJR032W
YDR168W	YKL139W
YDR168W	YPL240C
YCR093W	YNR052C
YCR093W	YPL235W
YCR093W	YPL042C
YCR093W	YGR274C
YCR093W	YPL011C
YCR093W	YMR005W
YCR093W	YJL141C
YDR364C	YAL032C
YBR202W	YIL150C
YDL126C	YKL213C
YDL126C	YDR037W
YDL126C	YGL246C
YDL126C	YDR028C
YDL126C	YBL103C
YDL126C	YIL148W
YDL126C	YGR048W
YFL009W	YDL132W
YFL009W	YJL194W
YFL009W	YDR328C
YDL132W	YDL017W
YDL132W	YOR080W
YDL132W	YGR087C
YDL132W	YEL060C
YDL132W	YDL006W
YDL132W	YDR139C
YDL132W	YDR328C
YDL132W	YBR280C
YDL132W	YDR274C
YDL132W	YDR306C
YDL132W	YJL149W
YDL132W	YLR352W
YDL132W	YGL249W
YGL190C	YOR349W
YGL190C	YJR138W
YGL190C	YMR109W
YGL190C	YGR240C
YGL190C	YDR212W
YGL190C	YAL016W
YGL190C	YNL154C
YGL190C	YDR381W
YGL190C	YMR273C
YGL190C	YML109W
YMR001C	YDR052C
YMR001C	YIL026C
YMR001C	YJL019W
YMR001C	YDR386W
YMR001C	YNL175C
YMR001C	YNL189W
YMR001C	YJL187C
YJL194W	YBL023C
YJL194W	YNL261W
YJL194W	YDR196C
YDL017W	YDR052C
YDL017W	YDL160C
YDL017W	YBL023C
YDL017W	YGR087C
YDL017W	YKL039W
YDL017W	YNL113W
YDL017W	YPL218W
YDL017W	YBR126C
YDL017W	YIL148W
YDL017W	YCR022C
YDL017W	YCR050C
YDL017W	YEL023C
YDL017W	YOR006C
YLR245C	YNL189W
YPL228W	YDL140C
YLR115W	YER133W
YLR115W	YKR002W
YLR115W	YDR228C
YLR115W	YAL043C
YLR115W	YGR156W
YLR115W	YDR195W
YLR115W	YMR061W
YLR115W	YDL140C
YLR115W	YNL222W
YLR115W	YDL094C
YLR115W	YHL035C
YLR098C	YDR034C
YGL206C	YKR026C
YGL206C	YHR108W
YGL206C	YPL106C
YGL206C	YBR169C
YGL206C	YHR161C
YPL008W	YOL150C
YER026C	YGR060W
YER026C	YPL076W
YER026C	YPL274W
YER026C	YLR292C
YER026C	YJR010C-A
YER026C	YDR307W
YER026C	YHL042W
YER026C	YHR140W
YER026C	YIL171W
YNL192W	YHR082C
YBR038W	YHR123W
YBR038W	YPL020C
YBR038W	YCL022C
YJL099W	YPL242C
YJL099W	YER031C
YOR349W	YER007W
YOR349W	YFL037W
YMR138W	YBR284W
YDR022C	YGL237C
YDR022C	YGL070C
YNR001C	YER022W
YCR005C	YJL042W
YCR005C	YPL245W
YIL035C	YOL145C
YIL035C	YDL031W
YIL035C	YNL112W
YIL035C	YGR145W
YIL035C	YIL131C
YIL035C	YML074C
YIL035C	YMR172W
YIL035C	YDR225W
YIL035C	YDR116C
YIL035C	YLR002C
YIL035C	YOL041C
YIL035C	YGR103W
YIL035C	YER006W
YIL035C	YDR228C
YIL035C	YML069W
YIL035C	YLR196W
YIL035C	YIL118W
YIL035C	YJL080C
YIL035C	YLR403W
YIL035C	YLR197W
YIL035C	YKL108W
YIL035C	YER161C
YIL035C	YHR066W
YIL035C	YPR016C
YIL035C	YJL069C
YIL035C	YGR090W
YIL035C	YGL104C
YIL035C	YOR229W
YIL035C	YHL035C
YIL035C	YPL110C
YIL035C	YDR381W
YLR133W	YJR022W
YLR133W	YMR139W
YBR135W	YPR119W
YBR135W	YDL155W
YBR135W	YLR210W
YBR135W	YPR120C
YBR135W	YOR080W
YBR135W	YBR252W
YBR135W	YKR091W
YBR135W	YAR027W
YNL298W	YGR014W
YNL298W	YOR127W
YNL298W	YML109W
YPR119W	YNL135C
YPR119W	YDR386W
YPR119W	YJL187C
YPR119W	YER111C
YPR119W	YIL148W
YPR119W	YDR412W
YPR119W	YHR035W
YPR119W	YNR022C
YDL155W	YDR034C
YPR120C	YDR122W
YPR120C	YER105C
YPR120C	YNL309W
YGL215W	YMR047C
YGL215W	YPL031C
YAL040C	YJL157C
YAL040C	YJL013C
YOR250C	YDR228C
YOR250C	YMR061W
YOR250C	YBL075C
YMR012W	YJL157C
YMR012W	YER133W
YMR012W	YBR136W
YMR012W	YAL015C
YMR012W	YDL043C
YMR012W	YBR055C
YMR012W	YER171W
YMR012W	YIR001C
YMR012W	YGR274C
YMR012W	YOL006C
YMR012W	YCR084C
YMR012W	YBL039C
YMR012W	YDR266C
YMR012W	YGR067C
YOL016C	YGL127C
YML057W	YKL190W
YML057W	YNL037C
YML057W	YHR082C
YML057W	YNL290W
YML057W	YNL047C
YKL190W	YGL070C
YNL225C	YOR373W
YNL225C	YKL042W
YLL050C	YJL005W
YLL050C	YOR080W
YLL050C	YPR033C
YLL050C	YGL241W
YLL050C	YLR453C
YLL050C	YFR016C
YLL050C	YGL179C
YGR120C	YPR105C
YGR120C	YNL041C
YGR120C	YMR025W
YGR120C	YNL086W
YGR120C	YNR025C
YGR120C	YFL038C
YPR105C	YLR315W
YPR105C	YIL144W
YPR105C	YGL145W
YNL051W	YJR082C
YNL041C	YJL191W
YNL041C	YIL144W
YGL005C	YLR453C
YNR041C	YLR222C
YBL045C	YMR047C
YBL045C	YDR388W
YBL045C	YLR442C
YBL045C	YPR054W
YBL045C	YIL061C
YBL045C	YDR339C
YGL263W	YDL116W
YGL263W	YJR020W
YFL062W	YCR075C
YFL062W	YMR306W
YFL062W	YML048W
YFL062W	YIL016W
YFL062W	YLR372W
YFL062W	YBR159W
YFL062W	YDR307W
YFL062W	YJL059W
YJR161C	YJL219W
YJR161C	YBR159W
YGR295C	YML048W
YGR295C	YDR034C
YGR295C	YDL212W
YGR295C	YLR372W
YGR295C	YDL128W
YGR295C	YBR159W
YDL248W	YFL004W
YHL048W	YMR264W
YHL048W	YOR016C
YHL048W	YPL076W
YHL048W	YML048W
YHL048W	YKL008C
YHL048W	YHL003C
YHL048W	YGL129C
YHL048W	YDL212W
YHL048W	YIL016W
YHL048W	YKL154W
YHL048W	YPL092W
YHL048W	YLR372W
YHL048W	YPR156C
YHL048W	YDL015C
YHL048W	YAR023C
YHL048W	YAR033W
YHL048W	YBR159W
YHL048W	YCR061W
YHL048W	YKL065C
YHL048W	YHR140W
YHL048W	YKR088C
YHL048W	YPR028W
YHL048W	YOR378W
YKL219W	YLL061W
YPL132W	YDR178W
YML129C	YAR028W
YGL187C	YDL067C
YGL187C	YBR133C
YGL187C	YGL213C
YIL111W	YAR027W
YIL111W	YHL017W
YLR395C	YFR008W
YDL067C	YDR318W
YOR303W	YJR109C
YJR109C	YBL039C
YGR247W	YOR327C
YDR155C	YIL112W
YDR155C	YOR319W
YDR155C	YOL068C
YDR155C	YDL200C
YDR155C	YPL235W
YDR155C	YDR510W
YDR155C	YOR290C
YDR155C	YCR033W
YDR155C	YNL157W
YLR216C	YPL240C
YLR216C	YIR037W
YLR216C	YKL057C
YLR216C	YNR032W
YLR216C	YKL117W
YLR216C	YHR030C
YLR216C	YDR523C
YLR216C	YKL166C
YLR216C	YDR353W
YLR216C	YDR398W
YLR216C	YOR154W
YLR216C	YOR220W
YJR032W	YPL240C
YNR028W	YJR082C
YNR028W	YGL127C
YNR028W	YIL023C
YNR028W	YNL187W
YJL172W	YCL008C
YJL172W	YIL148W
YOR100C	YGR240C
YGR189C	YDR034C
YLR213C	YIL061C
YOR031W	YGR035C
YMR025W	YNR052C
YMR025W	YER137C
YPL200W	YOR035C
YPR030W	YGR087C
YPR030W	YOR043W
YDR256C	YMR314W
YDR256C	YNL189W
YMR094W	YPL240C
YMR094W	YDR034C
YMR094W	YDR328C
YMR094W	YOR359W
YMR078C	YNL290W
YMR078C	YOL094C
YMR078C	YLL040C
YPR135W	YOR080W
YPR135W	YNL102W
YPR135W	YLR416C
YPL181W	YBR112C
YPL181W	YGR252W
YPL181W	YDR176W
YPL181W	YDR388W
YPL181W	YPL139C
YKL139W	YJL006C
YKL139W	YCL011C
YKL139W	YNL004W
YKL139W	YLR403W
YKL139W	YBR169C
YMR180C	YNL154C
YPR124W	YCR021C
YPR124W	YNL029C
YPR124W	YDL128W
YPR124W	YBR159W
YPR124W	YKL065C
YCR054C	YMR032W
YOL145C	YJR138W
YOL145C	YOR326W
YOL145C	YBR279W
YOL145C	YDL140C
YOL145C	YML010W
YMR264W	YGR060W
YMR264W	YPL076W
YMR264W	YLR018C
YMR264W	YJR010C-A
YMR264W	YOR045W
YMR264W	YLL028W
YMR264W	YAR027W
YMR264W	YGL104C
YMR264W	YHL042W
YDR482C	YGL028C
YDR482C	YAL016W
YCL007C	YER071C
YJR048W	YNL334C
YOR037W	YPR086W
YBR112C	YIL061C
YBR112C	YCR084C
YJL005W	YBR140C
YJL005W	YBL038W
YJL005W	YNL098C
YAL012W	YBR055C
YAL012W	YMR101C
YGR155W	YGL237C
YGR155W	YIL066C
YGR155W	YLR442C
YGR155W	YER161C
YGR155W	YNL189W
YGR155W	YGL081W
YIR032C	YBR126C
YIR023W	YNL314W
YIR023W	YJR066W
YNL314W	YJR066W
YBR301W	YMR047C
YDR052C	YOR178C
YDR052C	YBL023C
YDR052C	YPL153C
YDL031W	YOR080W
YDL031W	YNL110C
YDL031W	YGR103W
YDL031W	YKR081C
YDL031W	YHR066W
YDL031W	YPR016C
YNL112W	YBL032W
YNL112W	YMR080C
YHR144C	YJL090C
YOL149W	YDL160C
YOL149W	YJL124C
YOL149W	YER112W
YOL149W	YJR022W
YOL149W	YMR047C
YOR173W	YHR152W
YOR173W	YJL141C
YPL194W	YER173W
YPL194W	YOL094C
YOR204W	YDR192C
YOR204W	YDR388W
YDL160C	YJL124C
YDL160C	YCR077C
YDL160C	YNR052C
YDL160C	YDR170C
YDL160C	YER140W
YMR316W	YDR189W
YOR080W	YBR247C
YOR080W	YML074C
YOR080W	YBL023C
YOR080W	YOL041C
YOR080W	YPL012W
YOR080W	YGL100W
YOR080W	YDR328C
YOR080W	YHR030C
YOR080W	YHR066W
YOR080W	YHR064C
YOR080W	YPR016C
YOR080W	YKL014C
YOR080W	YJL141C
YHR011W	YDR075W
YHR011W	YJL069C
YHR011W	YIL063C
YPR082C	YBR055C
YPR082C	YLR147C
YPR082C	YPR182W
YPL049C	YBL017C
YPL049C	YNL189W
YLR129W	YLR222C
YLR129W	YJL069C
YLR129W	YGR090W
YPL265W	YLR222C
YPL265W	YHL042W
YDR403W	YKR053C
YER179W	YPR183W
YER179W	YFL016C
YER179W	YBR073W
YER179W	YCR027C
YER179W	YOR191W
YER179W	YPL235W
YER179W	YNL189W
YER179W	YNL013C
YER179W	YOR285W
YHR164C	YDR499W
YHR164C	YKL113C
YHR164C	YAR007C
YIL150C	YBL023C
YIL150C	YGL201C
YKL213C	YPR010C
YKL213C	YOR341W
YDR069C	YDL147W
YDR069C	YER022W
YDR069C	YAR003W
YDR141C	YCR077C
YJL090C	YDL116W
YJL090C	YHR179W
YJL090C	YKL108W
YJL090C	YNL189W
YBR278W	YDR121W
YLR172C	YOL042W
YPR183W	YDL226C
YPR183W	YOR285W
YLL018C	YBR055C
YLL018C	YOR282W
YAL026C	YAL053W
YAL026C	YPL146C
YMR276W	YDR427W
YMR276W	YOR117W
YMR276W	YIL148W
YPR017C	YJR022W
YPR017C	YGR103W
YPR017C	YFL038C
YPR017C	YER031C
YDL219W	YGL070C
YBR180W	YDR034C
YBR180W	YHR042W
YBR208C	YJL098W
YBR252W	YNL189W
YBR252W	YLL037W
YPR023C	YFL024C
YPR023C	YNL189W
YPR023C	YHR099W
YEL018W	YFL024C
YJR082C	YFL021W
YJR082C	YNL004W
YJR082C	YDL154W
YJR082C	YPR173C
YJR082C	YOL129W
YJR082C	YDR066C
YJR082C	YJR001W
YJR082C	YPR096C
YKL172W	YNL175C
YKL172W	YKR081C
YKL172W	YHR066W
YLR284C	YNL189W
YBL001C	YDR510W
YBL001C	YNL189W
YLR390W	YDR145W
YHL030W	YDR062W
YHL030W	YER171W
YHL030W	YHR200W
YHL030W	YFR004W
YHL030W	YDL147W
YHL030W	YDR388W
YBR176W	YGL070C
YBR176W	YGL127C
YBR176W	YNL189W
YER176W	YER122C
YFR027W	YIL026C
YBR033W	YNL228W
YMR212C	YJL137C
YNL327W	YIL148W
YFL048C	YKL154W
YFL048C	YLR372W
YFL048C	YBR159W
YFL048C	YKL065C
YBR247C	YNL075W
YBR247C	YCL059C
YBR247C	YJR002W
YBR247C	YOR056C
YBR247C	YPR144C
YBR247C	YOL010W
YBR247C	YPL012W
YBR247C	YLR180W
YBR247C	YIL061C
YBR247C	YLL011W
YBR247C	YGR090W
YGR145W	YCL059C
YGR145W	YDL213C
YGR145W	YGR090W
YLR206W	YBL106C
YLL038C	YPL242C
YFL024C	YJL098W
YFL024C	YHR099W
YFL024C	YDR359C
YFL024C	YNL107W
YHR123W	YGR060W
YHR123W	YEL017W
YHR123W	YLR372W
YHR123W	YBR159W
YHR123W	YKL065C
YBL040C	YGR060W
YBL040C	YJR010C-A
YBL040C	YOL020W
YBL040C	YPR156C
YPL028W	YBR055C
YPL028W	YPR165W
YPL028W	YPL026C
YPL028W	YGR223C
YML126C	YLR180W
YGR175C	YGR060W
YGR175C	YDR086C
YGR175C	YNL311C
YNL280C	YDL153C
YGR060W	YAL007C
YGR060W	YOR016C
YGR060W	YPL076W
YGR060W	YML048W
YGR060W	YDR343C
YGR060W	YKL008C
YGR060W	YHL003C
YGR060W	YEL017C-A
YGR060W	YDL212W
YGR060W	YIL016W
YGR060W	YJR010C-A
YGR060W	YLL005C
YGR060W	YKL154W
YGR060W	YLR372W
YGR060W	YLL028W
YGR060W	YJL129C
YGR060W	YDL015C
YGR060W	YAR027W
YGR060W	YGR105W
YGR060W	YBR159W
YGR060W	YKL065C
YGR060W	YHR140W
YGR060W	YKR088C
YGR060W	YPR028W
YER044C	YDR034C
YLR056W	YHR128W
YLR056W	YLR292C
YLR056W	YLL028W
YLR056W	YBR159W
YLR056W	YOL099C
YML008C	YLR292C
YML008C	YJR010C-A
YML008C	YPL020C
YML008C	YCL023C
YML008C	YDL089W
YML130C	YML067C
YML130C	YAL042W
YML130C	YDR021W
YML130C	YLR208W
YAR002C-A	YAL007C
YAR002C-A	YML012W
YAR002C-A	YGR132C
YAL007C	YML012W
YAL007C	YPL076W
YAL007C	YER110C
YAL007C	YDL054C
YAL007C	YDR087C
YAL007C	YHR140W
YOR016C	YPL076W
YOR016C	YDL054C
YOR016C	YPL274W
YOR016C	YPR198W
YOR016C	YJR010C-A
YOR016C	YMR149W
YOR016C	YBR069C
YOR016C	YLL028W
YOR016C	YPR156C
YOR016C	YDL015C
YOR016C	YGL104C
YOR016C	YDR307W
YOR016C	YHL042W
YOR016C	YHR140W
YCR075C	YDR456W
YML012W	YGL142C
YML012W	YLR208W
YML012W	YIL109C
YML067C	YAL042W
YML067C	YML048W
YML067C	YIL016W
YML067C	YJR010C-A
YML067C	YKL154W
YML067C	YAR028W
YML067C	YBR159W
YML067C	YLR004C
YNL125C	YPL076W
YNL125C	YLR196W
YNL125C	YDL153C
YNL125C	YMR149W
YNL125C	YAR027W
YMR219W	YDR227W
YDR363W	YDL042C
YOL017W	YOL051W
YOL017W	YDL042C
YGR098C	YGR163W
YGR098C	YDR388W
YLR233C	YLR318W
YLR233C	YOR319W
YLR233C	YGL201C
YLR233C	YJL019W
YLR233C	YDR194C
YLR233C	YLR196W
YLR233C	YKR081C
YLR233C	YPL012W
YLR233C	YDR087C
YLR233C	YKL014C
YLR233C	YAL028W
YLR318W	YIL009C-A
YOR317W	YKR026C
YOR317W	YBR064W
YFR019W	YOL135C
YDL045C	YGL127C
YDL166C	YCL059C
YDL166C	YLR208W
YDL166C	YLR222C
YJL157C	YPL022W
YJL157C	YNL189W
YJL157C	YOR212W
YJL157C	YEL016C
YMR052W	YLR453C
YMR052W	YDL133W
YMR052W	YFR008W
YMR029C	YLR238W
YLR377C	YNL189W
YJL155C	YER112W
YPR062W	YNL189W
YER056C	YER120W
YOR388C	YER022W
YOR388C	YBL039C
YMR319C	YGR252W
YMR319C	YLR248W
YMR319C	YIL061C
YMR319C	YJL164C
YMR319C	YLR222C
YMR319C	YLR238W
YPR104C	YKR026C
YPR104C	YDR174W
YPR104C	YDR225W
YPR104C	YDR510W
YHR038W	YMR047C
YHR038W	YPR086W
YIL131C	YKR026C
YIL131C	YDR224C
YIL131C	YIR002C
YIL131C	YDR087C
YIL131C	YPL237W
YIL131C	YGR017W
YIL131C	YMR144W
YER109C	YGL070C
YIL134W	YDR532C
YIL134W	YCR061W
YNL135C	YER136W
YNL135C	YDR174W
YNL135C	YOR319W
YNL135C	YDR037W
YNL135C	YIL149C
YNL135C	YDR464W
YNL135C	YLR005W
YNL135C	YHR064C
YNL135C	YKL203C
YNL135C	YDR341C
YNL135C	YMR087W
YML074C	YER133W
YML074C	YDR386W
YML074C	YIL061C
YLR449W	YER133W
YLR449W	YIL050W
YLR449W	YJL023C
YLR449W	YLR196W
YLR449W	YLR453C
YLR449W	YKR081C
YLR449W	YER041W
YKL220C	YCR021C
YDR373W	YGR082W
YFL022C	YKR026C
YMR222C	YIL016W
YBR207W	YEL022W
YBR207W	YER110C
YBR207W	YGR152C
YER145C	YDR456W
YER145C	YJL001W
YER145C	YDR307W
YPL262W	YPR165W
YPL262W	YMR291W
YAL035W	YER142C
YAL035W	YOR361C
YAL035W	YIR001C
YAL035W	YPR041W
YAL034C	YER110C
YAL034C	YGR274C
YAL022C	YBR159W
YAL022C	YGL132W
YAL022C	YHR140W
YHR128W	YHR152W
YHR128W	YNR012W
YCL027W	YNL075W
YCL027W	YPL242C
YCL027W	YMR047C
YCL027W	YAL017W
YCL027W	YGR070W
YCL027W	YML058W
YCL027W	YBL071C
YCL027W	YKL105C
YCL027W	YKR023W
YCL027W	YNL058C
YIL097W	YCL039W
YIL097W	YOR117W
YIL097W	YBL049W
YPR136C	YDR034C
YLR068W	YFL021W
YBR179C	YDR142C
YOR178C	YER133W
YOR178C	YLR258W
YOR178C	YIL045W
YOR178C	YOL054W
YOR178C	YDR006C
YMR250W	YJL124C
YOL051W	YPL248C
YOL051W	YDL005C
YOL051W	YHR058C
YOL051W	YOL135C
YOL051W	YBR193C
YOL051W	YGL025C
YOL051W	YBL093C
YOL051W	YDL140C
YOL051W	YER022W
YOL051W	YGR104C
YOL051W	YBR253W
YOL051W	YKL028W
YOL051W	YKR062W
YLR081W	YKR026C
YPL248C	YOR358W
YPL248C	YDR296W
YPL248C	YOR259C
YPL248C	YGL048C
YPL248C	YER022W
YPL248C	YGR104C
YPL248C	YBR253W
YPL248C	YPL042C
YPL248C	YPR086W
YBR018C	YKL108W
YBR018C	YHR030C
YBR018C	YPR054W
YER027C	YJL089W
YKR039W	YDL212W
YKR039W	YBR159W
YMR307W	YMR047C
YMR307W	YLR442C
YOL030W	YJR055W
YOL030W	YAR027W
YOL030W	YJR003C
YFL021W	YJR066W
YIR013C	YJL102W
YCL011C	YDR138W
YCL011C	YLR432W
YCL011C	YDL213C
YCL011C	YNL189W
YCL011C	YDL084W
YCL011C	YNL253W
YCL011C	YDR381W
YNL062C	YOR361C
YNL062C	YPR086W
YDR211W	YKR026C
YDR211W	YNL265C
YDR211W	YJL080C
YDR211W	YAL009W
YDR211W	YPL237W
YFR009W	YER171W
YFR009W	YDR170C
YDR283C	YPL240C
YDR283C	YBR055C
YDR283C	YOR308C
YDR283C	YLR409C
YDR283C	YNL213C
YKR026C	YHL032C
YKR026C	YLR432W
YKR026C	YNL265C
YKR026C	YJL124C
YKR026C	YGL122C
YKR026C	YJR072C
YKR026C	YKR046C
YKR026C	YBL030C
YKR026C	YPL237W
YKR026C	YJR019C
YKR026C	YEL051W
YKR026C	YAL002W
YKR026C	YBR270C
YKR026C	YER186C
YKR026C	YMR241W
YEL009C	YPL038W
YEL009C	YDR176W
YEL009C	YER022W
YEL009C	YPL042C
YEL009C	YGR274C
YEL009C	YHR145C
YGR252W	YBR081C
YGR252W	YBR253W
YGR252W	YHR099W
YGR252W	YMR223W
YGR252W	YOR225W
YPL075W	YNL216W
YDL226C	YDL153C
YDL226C	YJL151C
YDL226C	YOR327C
YDL226C	YOL129W
YDL226C	YGL161C
YDL226C	YKR088C
YDL226C	YKL126W
YOR120W	YBR055C
YEL042W	YEL017W
YEL042W	YPR193C
YEL042W	YJL152W
YOR375C	YJL124C
YDL215C	YLR432W
YDL215C	YPR048W
YER136W	YIR009W
YER136W	YMR047C
YER136W	YOR089C
YER136W	YFL038C
YER136W	YER031C
YER136W	YGL210W
YER136W	YKR014C
YER136W	YML001W
YOR355W	YJL092W
YOR355W	YNL201C
YOR355W	YLR305C
YOR355W	YPR048W
YOR355W	YDR207C
YOR355W	YNL154C
YJR031C	YFR037C
YEL022W	YDR062W
YJR040W	YAR027W
YMR255W	YGL122C
YMR255W	YDR192C
YMR255W	YHR016C
YCL039W	YMR135C
YCL039W	YMR047C
YCL039W	YDL185W
YCL039W	YPL139C
YCL039W	YBR105C
YCL039W	YIL017C
YCL039W	YBL049W
YMR135C	YPL153C
YMR135C	YBL049W
YNL153C	YLR212C
YNL153C	YDR207C
YER133W	YMR311C
YER133W	YLR258W
YER133W	YHR158C
YER133W	YJL042W
YER133W	YGR103W
YER133W	YGL111W
YER133W	YIR006C
YER133W	YKR002W
YER133W	YAL043C
YER133W	YLR263W
YER133W	YDR195W
YER133W	YDR028C
YER133W	YPL237W
YER133W	YOR179C
YER133W	YAL014C
YER133W	YDR412W
YMR311C	YPL031C
YMR311C	YML016C
YMR311C	YDR436W
YER107C	YMR047C
YER107C	YDR192C
YER107C	YDR300C
YER107C	YNL189W
YJL137C	YLR258W
YCL040W	YNL189W
YER122C	YJL030W
YER122C	YDR238C
YHR183W	YDL200C
YHR183W	YPL126W
YHR183W	YHR030C
YHR183W	YER161C
YGR256W	YPL126W
YDL022W	YPL022W
YGL121C	YDL200C
YGL121C	YCR077C
YGR216C	YDR456W
YGR216C	YCR101C
YPL076W	YML048W
YPL076W	YGL077C
YPL076W	YNL238W
YPL076W	YKL008C
YPL076W	YJL062W
YPL076W	YDL153C
YPL076W	YBR171W
YPL076W	YDL212W
YPL076W	YIL016W
YPL076W	YJR010C-A
YPL076W	YKL154W
YPL076W	YLR372W
YPL076W	YGL104C
YPL076W	YAR033W
YPL076W	YBR159W
YPL076W	YKL065C
YPL076W	YFL054C
YPL076W	YHL042W
YPL076W	YHR140W
YPL076W	YLR004C
YPL076W	YPR028W
YKL152C	YMR109W
YKL152C	YHR165C
YKL152C	YDL090C
YKR067W	YFR051C
YKL026C	YFL051C
YOL151W	YLR196W
YOL151W	YGR111W
YPL059W	YMR032W
YPL059W	YNL047C
YML048W	YHR096C
YML048W	YJL214W
YML048W	YJL219W
YML048W	YLL061W
YML048W	YEL017C-A
YML048W	YLR018C
YML048W	YPL274W
YML048W	YPR198W
YML048W	YJR010C-A
YML048W	YLR372W
YML048W	YMR149W
YML048W	YBR069C
YML048W	YLL028W
YML048W	YPR156C
YML048W	YDL015C
YML048W	YGL104C
YML048W	YJL012C
YML048W	YJL222W
YML048W	YBR159W
YML048W	YDR307W
YML048W	YHL042W
YML048W	YHR140W
YLR293C	YOR185C
YLR293C	YER110C
YLR293C	YJL041W
YLR293C	YER009W
YLR293C	YAR002W
YLR293C	YFR034C
YLR293C	YMR235C
YLR293C	YER161C
YLR293C	YNL189W
YLR293C	YIL063C
YOR185C	YGL016W
YOR185C	YER009W
YOR185C	YMR235C
YLR258W	YLR273C
YLR258W	YIL045W
YGR163W	YPL235W
YGR163W	YCR015C
YEL017W	YGR121C
YEL017W	YOL020W
YGL084C	YJL012C
YGL084C	YHL042W
YGL084C	YNL058C
YPL189W	YCR021C
YPL189W	YDR086C
YPL189W	YFL026W
YPL189W	YBR159W
YPL249C	YDR388W
YJL044C	YMR218C
YJL110C	YER112W
YJL110C	YCR014C
YJL110C	YJR066W
YJR069C	YDR192C
YJR069C	YGL127C
YLR256W	YPL240C
YLR256W	YCL037C
YGL237C	YOR358W
YGL237C	YFR001W
YGL237C	YIL070C
YGL237C	YER002W
YGL237C	YER126C
YGL237C	YEL055C
YGL237C	YER043C
YGL237C	YKR028W
YGL237C	YPR016C
YGL237C	YGR146C
YGL237C	YNL063W
YGL237C	YPL166W
YGL237C	YPR085C
YGL237C	YDR381W
YKL109W	YOR358W
YOR358W	YGR236C
YPL001W	YLL022C
YPL001W	YBR272C
YPL001W	YBL023C
YPL001W	YOR361C
YBL032W	YML105C
YBL032W	YPL237W
YBL032W	YGL049C
YBL032W	YFR012W
YPL127C	YER142C
YPL127C	YDR386W
YPL127C	YPL153C
YLL022C	YBR272C
YOR038C	YDR225W
YOR038C	YOR290C
YOR038C	YBR289W
YLR450W	YLR207W
YCL066W	YMR043W
YCL066W	YLR378C
YDR174W	YDL213C
YDR174W	YBR233W
YDR174W	YIL013C
YDR174W	YNL189W
YDR174W	YKR092C
YDR174W	YAL027W
YMR032W	YOR098C
YMR032W	YER144C
YMR032W	YNL152W
YLR113W	YMR172W
YLR113W	YOR208W
YLR113W	YLR248W
YLR113W	YDR359C
YLR113W	YGR058W
YDR158W	YBR055C
YDR158W	YCR030C
YJR139C	YDR388W
YIL072W	YLR263W
YIL112W	YOL068C
YIL112W	YCR033W
YIL112W	YMR273C
YPR193C	YNL189W
YPR193C	YCL032W
YDR138W	YBR279W
YDR138W	YEL060C
YDR138W	YDL140C
YDR138W	YNL189W
YDR138W	YDL084W
YDR138W	YBR175W
YJL092W	YIR009W
YJL092W	YGL122C
YJL092W	YFL045C
YJL092W	YDR510W
YDR399W	YDL130W
YDR399W	YNL189W
YNL004W	YBR270C
YLR207W	YPL022W
YLR207W	YEL031W
YOR319W	YJR022W
YOR319W	YPR188C
YOR319W	YML049C
YOR319W	YHR209W
YKL101W	YBR133C
YBR133C	YDL154W
YBR133C	YBR055C
YBR133C	YJL187C
YBR272C	YOL054W
YBR272C	YDR427W
YBR272C	YOR117W
YBR272C	YGL048C
YBR272C	YGL004C
YJL159W	YBL044W
YJL159W	YBR064W
YJL159W	YNL321W
YCR021C	YLR453C
YCR021C	YDL153C
YCR021C	YJL068C
YDR171W	YNL216W
YDR171W	YNL007C
YDR171W	YBR069C
YPL240C	YGR123C
YPL240C	YKL117W
YPL240C	YDR328C
YOL068C	YCR033W
YOR025W	YLR403W
YDR225W	YDR224C
YDR225W	YGL241W
YDR225W	YGR103W
YDR225W	YOL054W
YDR225W	YOR207C
YDR225W	YMR061W
YDR225W	YPR190C
YDR225W	YLR442C
YDR225W	YGL127C
YDR225W	YER022W
YDR225W	YLR222C
YBL003C	YOL054W
YBL003C	YPL153C
YDR224C	YDL200C
YDR224C	YDL213C
YDR224C	YOL054W
YDR224C	YIL066C
YDR224C	YLR442C
YDR224C	YBR289W
YDR224C	YPR041W
YPR033C	YFR004W
YOL012C	YJL019W
YGL141W	YKL021C
YER039C	YGL070C
YNL318C	YML019W
YNL318C	YCR061W
YHR096C	YDL095W
YHR096C	YLL020C
YDR343C	YOL100W
YDR343C	YER171W
YJL214W	YLR093C
YJL214W	YPR198W
YJL214W	YLR372W
YJL214W	YBR159W
YJL214W	YHR140W
YJL219W	YAR028W
YJL219W	YBR159W
YKL189W	YHR102W
YKL189W	YFL016C
YKL189W	YDL065C
YIR037W	YMR047C
YBR157C	YGL070C
YLR099C	YDR349C
YNL037C	YAL015C
YNL037C	YDR388W
YNL037C	YHR030C
YNL037C	YDR523C
YLR223C	YOR247W
YLR223C	YCL032W
YJL057C	YMR129W
YMR108W	YDL059C
YLR355C	YDR499W
YLR355C	YDR388W
YLR355C	YLR442C
YLR355C	YHR030C
YAR073W	YDL213C
YAR073W	YOL115W
YLR432W	YER142C
YLR432W	YNL175C
YLR432W	YDL213C
YLR432W	YBR055C
YLR432W	YDR469W
YLR432W	YOL115W
YML056C	YER142C
YML056C	YOL115W
YJR094C	YMR139W
YJR094C	YER022W
YJR094C	YDR207C
YGL192W	YCL055W
YCR046C	YDL049C
YJR138W	YER112W
YJR138W	YBL038W
YJR138W	YBR126C
YMR150C	YHR078W
YIL154C	YCR077C
YNL075W	YJR002W
YNL106C	YPR188C
YNL106C	YCL028W
YNL106C	YER104W
YNL106C	YKR028W
YNL106C	YPR173C
YOR109W	YJL124C
YNL182C	YNL110C
YNL182C	YGR245C
YNL182C	YNL189W
YNL182C	YPR016C
YNL182C	YCR072C
YPL242C	YLR428C
YBR140C	YNL098C
YBR140C	YMR139W
YOL081W	YMR139W
YHR079C	YDR532C
YHR079C	YIL061C
YHR079C	YPR086W
YIL026C	YER110C
YIL026C	YMR313C
YLL027W	YDL213C
YLL027W	YGL189C
YER180C	YGL070C
YER019W	YPR065W
YER019W	YER104W
YER019W	YER022W
YPL040C	YJL100W
YNL265C	YDR300C
YNL265C	YPL237W
YNL265C	YGR194C
YPL135W	YCL017C
YOR304W	YDL002C
YKL217W	YIL166C
YNL227C	YJR022W
YNL227C	YKL166C
YNL227C	YNL093W
YPL125W	YMR047C
YPL125W	YER161C
YGL016W	YMR047C
YGL016W	YOR098C
YGL016W	YDR388W
YGL016W	YKL058W
YER110C	YDR062W
YER110C	YMR047C
YER110C	YDR192C
YER110C	YAR002W
YER110C	YDR170C
YER110C	YBR069C
YER110C	YML007W
YPR141C	YJR112W
YPR141C	YOL069W
YCL055W	YGL036W
YHR158C	YAL024C
YHR158C	YLR453C
YHR158C	YAL011W
YHR158C	YJL187C
YHR158C	YAL016W
YNL238W	YDL212W
YNL238W	YLR372W
YNL238W	YLL028W
YHR102W	YLR315W
YHR102W	YFR004W
YHR102W	YHR030C
YDR122W	YNL035C
YAR018C	YIL061C
YAR018C	YBL106C
YAR018C	YHR064C
YCR091W	YNR047W
YBL063W	YIL061C
YDL049C	YBR226C
YLL019C	YOL054W
YLL019C	YDL185W
YLL019C	YBR126C
YDR532C	YKL194C
YDR532C	YER022W
YER038C	YDR034C
YER038C	YML023C
YLR317W	YNL140C
YOR336W	YER022W
YCL059C	YGL201C
YCL059C	YJR002W
YCL059C	YPL126W
YCL059C	YPR144C
YCL059C	YDL213C
YCL059C	YPR137W
YCL059C	YLR197W
YCL059C	YLL011W
YCL059C	YDR457W
YCL059C	YLR409C
YDR037W	YJL124C
YDR037W	YBR055C
YDR037W	YDR388W
YHR082C	YNL201C
YHR082C	YAL016W
YBR205W	YDR170C
YBR205W	YFL038C
YBR205W	YHR016C
YNL029C	YPR041W
YIL085C	YLR325C
YKL008C	YHL003C
YKL008C	YIL016W
YKL008C	YJR010C-A
YKL008C	YLR372W
YKL008C	YPR048W
YKL008C	YDL015C
YKL008C	YNL107W
YKL008C	YBR159W
YKL008C	YKL065C
YKL008C	YKL174C
YKL008C	YMR298W
YHL003C	YMR047C
YHL003C	YJR010C-A
YHL003C	YMR149W
YHL003C	YMR298W
YKR063C	YLR403W
YDR062W	YLR180W
YDR499W	YBR136W
YDR499W	YCL028W
YDL051W	YPR016C
YKL073W	YDL200C
YKL073W	YHR030C
YKL073W	YOL087C
YGL090W	YDR369C
YHR156C	YJR010W
YHR156C	YHR165C
YHR156C	YMR235C
YFR001W	YDR386W
YFR001W	YPR016C
YFL018C	YJR051W
YFL018C	YDR388W
YPL060W	YGR052W
YOR142W	YER171W
YJL124C	YER112W
YJL124C	YJR022W
YJL124C	YOR147W
YJL124C	YMR080C
YJL124C	YIL048W
YJL124C	YCR077C
YJL124C	YCR024C-A
YJL124C	YEL060C
YJL124C	YNL163C
YJL124C	YBR214W
YJL124C	YDR422C
YJL124C	YPL016W
YJL124C	YIL042C
YJL124C	YLR003C
YJL124C	YNL276C
YER112W	YJR022W
YER112W	YDR386W
YER112W	YCR077C
YER112W	YDL043C
YER112W	YDR289C
YER112W	YDR238C
YER112W	YER029C
YER112W	YLR275W
YER112W	YLR147C
YER112W	YBR289W
YER112W	YOR219C
YER112W	YKL209C
YER112W	YDR082W
YER112W	YBR126C
YER112W	YIL029C
YER112W	YLL032C
YJR022W	YCR020C-A
YJR022W	YNR053C
YJR022W	YCR077C
YJR022W	YDR228C
YJR022W	YDR473C
YJR022W	YBR055C
YJR022W	YHR165C
YJR022W	YDL111C
YJR022W	YGL028C
YJR022W	YOL031C
YJR022W	YOR076C
YJR022W	YER029C
YJR022W	YLR147C
YJR022W	YOR308C
YJR022W	YBR044C
YJR022W	YPR016C
YJR022W	YEL023C
YJR022W	YGL117W
YJR022W	YHR035W
YJR022W	YNL050C
YGR057C	YIL109C
YNL006W	YER022W
YNL006W	YJR066W
YNL006W	YKL203C
YNL006W	YFR039C
YAL024C	YIR009W
YAL024C	YAL016W
YPR073C	YPL082C
YDR034C	YDL247W
YDR034C	YHL004W
YDR034C	YDL085W
YDR034C	YDL065C
YDR034C	YIL045W
YDR034C	YAR007C
YDR034C	YER043C
YDR034C	YGL169W
YDR034C	YDR259C
YDR034C	YBR144C
YDR034C	YCR095C
YDR034C	YDR131C
YDR034C	YFR046C
YDR034C	YGR111W
YDR034C	YJL185C
YDR034C	YLR063W
YDR034C	YMR187C
YDR034C	YPL114W
YDR034C	YIR026C
YBR115C	YGL154C
YJL030W	YGR014W
YJL030W	YER105C
YJL030W	YGL229C
YJL013C	YGR014W
YJL013C	YGL229C
YER142C	YIR002C
YER142C	YOL041C
YER142C	YOR207C
YER142C	YPR190C
YER142C	YGL049C
YER142C	YGR090W
YKL021C	YGR103W
YKL021C	YPR016C
YDR060W	YPL024W
YDR060W	YOL041C
YDR060W	YNL110C
YDR060W	YGR103W
YDR060W	YNL002C
YDR060W	YKR081C
YDR060W	YDR382W
YDR060W	YPL012W
YDR060W	YHR066W
YDR060W	YML124C
YIL070C	YOR326W
YIL070C	YGR103W
YIL070C	YOL054W
YIL070C	YKL108W
YIL070C	YIL061C
YBL091C	YNL290W
YNR017W	YGR181W
YNR017W	YIL022W
YDL054C	YMR013C
YDL054C	YDL212W
YDL054C	YLR372W
YDL054C	YBR159W
YDL054C	YDR307W
YDL054C	YER140W
YKL221W	YMR047C
YPR046W	YFR008W
YMR043W	YER022W
YMR043W	YLR082C
YDR318W	YDL061C
YDR318W	YDR328C
YDR318W	YER029C
YDR318W	YDR478W
YDR318W	YHR152W
YDR318W	YNL189W
YDR318W	YDL026W
YDR318W	YDL050C
YDR318W	YDL053C
YDR318W	YDL096C
YDR318W	YDL118W
YDR318W	YDL162C
YDR318W	YDR542W
YDR318W	YEL068C
YDR318W	YFL015C
YDR318W	YGL239C
YDR318W	YGR146C
YDR318W	YHL042W
YDR318W	YLL037W
YBL023C	YBR126C
YGL201C	YDR427W
YGL201C	YER161C
YGL201C	YDL185W
YFL016C	YIL061C
YFL016C	YHL045W
YPL270W	YOR327C
YPL270W	YGL104C
YGR100W	YLR453C
YGL197W	YBR225W
YBR136W	YIR009W
YBR136W	YPL153C
YBR136W	YAR007C
YBR136W	YPR010C
YDL005C	YHR058C
YDL005C	YOL135C
YDL005C	YBR193C
YDL005C	YGL025C
YDL005C	YDL153C
YDL005C	YER022W
YDL005C	YGR104C
YDL005C	YBR253W
YDL005C	YNL189W
YDL005C	YBR169C
YDL005C	YPL042C
YDL005C	YML007W
YHR058C	YOL135C
YHR058C	YBL093C
YHR058C	YGL127C
YHR058C	YER022W
YHR058C	YBR253W
YHR058C	YPR086W
YOL135C	YBR193C
YOL135C	YBL093C
YOL135C	YGL127C
YOL135C	YER022W
YOL135C	YGR104C
YOL135C	YBR253W
YOL135C	YNL189W
YOL135C	YFR008W
YOL135C	YIL077C
YBR193C	YMR047C
YBR193C	YBL093C
YBR193C	YGL127C
YBR193C	YER022W
YBR193C	YGR104C
YBR193C	YBR253W
YBR193C	YPR086W
YGR121C	YOR321W
YGR121C	YHR140W
YPR138C	YBR067C
YNL210W	YKL142W
YNL210W	YNL090W
YNL210W	YER022W
YNL210W	YDR247W
YIR017C	YNL103W
YIR017C	YJR112W
YIR017C	YGL127C
YIR017C	YDR306C
YIR017C	YLR437C
YPL038W	YNL103W
YJR010W	YNL189W
YNL103W	YIL148W
YBR213W	YMR206W
YGR249W	YOL063C
YGR249W	YHL004W
YGR249W	YKL057C
YGR249W	YNL189W
YGR249W	YBR175W
YGR249W	YBR162C
YGR249W	YBR270C
YDL200C	YLL011W
YDL200C	YGR184C
YDR296W	YNL185C
YOR231W	YIL014W
YOR231W	YHR030C
YOR231W	YLR313C
YNL076W	YBR126C
YGL106W	YHR023W
YGL106W	YOR326W
YPR188C	YHR023W
YMR167W	YLR035C
YMR167W	YOL043C
YMR167W	YNL082W
YLR035C	YMR206W
YKR095W	YBR253W
YLL006W	YLR372W
YLL006W	YKL174C
YLL061W	YDL212W
YLL061W	YIL016W
YLL061W	YLR372W
YLL061W	YBR159W
YLL061W	YKL065C
YBR098W	YDR386W
YBR098W	YHR016C
YER001W	YCR061W
YKL201C	YGR274C
YPL050C	YMR088C
YJR131W	YDR235W
YOR274W	YER010C
YPL082C	YKR001C
YIR002C	YAR007C
YIR002C	YIL158W
YJR160C	YBR171W
YJR160C	YLR372W
YJR002W	YDL153C
YJR002W	YGR090W
YMR224C	YDL154W
YMR224C	YDR369C
YDR405W	YNL185C
YHL004W	YNL306W
YHL004W	YMR158W
YHL004W	YNL137C
YHL004W	YDL116W
YHL004W	YOR243C
YHL004W	YNR037C
YHL004W	YKL155C
YHL004W	YGL129C
YHL004W	YIL093C
YHL004W	YJR101W
YHL004W	YJR113C
YHL004W	YOR212W
YBL038W	YKR085C
YBL038W	YOR150W
YBL038W	YDR462W
YBL038W	YDR322W
YBL038W	YLR439W
YBL038W	YJL063C
YBL038W	YDR164C
YBL038W	YOR290C
YBL038W	YGR033C
YNL185C	YDR116C
YNL185C	YDR322W
YNL185C	YLR439W
YDR116C	YJL041W
YOR150W	YDR172W
YDR322W	YJL041W
YLR439W	YIL061C
YJL063C	YJL041W
YJL063C	YHL024W
YPL013C	YMR047C
YKR052C	YNL275W
YKL009W	YER126C
YKL009W	YPR016C
YKL009W	YEL041W
YGR014W	YIL144W
YGR014W	YAR027W
YPL104W	YOR386W
YKR030W	YBL106C
YKR030W	YER031C
YKR030W	YHR016C
YDL154W	YGL025C
YDL154W	YER173W
YDL154W	YIL144W
YNL073W	YER022W
YIR009W	YPR182W
YIR009W	YBR152W
YIR009W	YPL016W
YIR009W	YHR099W
YIR009W	YLR456W
YIR009W	YNL165W
YLR116W	YER013W
YLR116W	YHR165C
YLR116W	YBR172C
YLR116W	YPL016W
YLR116W	YJR066W
YLR116W	YPL105C
YOL116W	YIL117C
YNR049C	YDR164C
YDR194C	YNL175C
YDR194C	YDL213C
YDR268W	YLR453C
YDR268W	YOR308C
YPL097W	YPR086W
YKR080W	YLR147C
YDL044C	YDL116W
YDL044C	YDL030W
YDL044C	YDR505C
YDL044C	YER144C
YDR386W	YOL041C
YDR386W	YER006W
YDR386W	YDL043C
YDR386W	YLR196W
YDR386W	YPL153C
YDR386W	YKR081C
YDR386W	YDR388W
YDR386W	YCL032W
YDR386W	YPL129W
YDR386W	YIL148W
YDR386W	YGR090W
YDR386W	YER078C
YDR386W	YMR226C
YDR386W	YPL108W
YDR386W	YDR381W
YHR023W	YOR326W
YHR023W	YIL061C
YHR023W	YPR032W
YHR023W	YGR274C
YOR326W	YJR112W
YOR326W	YOR098C
YOR326W	YDR142C
YOR326W	YMR139W
YOR326W	YDL111C
YOR326W	YLR180W
YOR326W	YOR035C
YOR326W	YGR195W
YOR326W	YNL304W
YMR109W	YBL093C
YMR109W	YDR388W
YMR109W	YOR247W
YMR109W	YGR192C
YGL122C	YDR192C
YGL122C	YDR505C
YMR080C	YLR363C
YMR080C	YDL147W
YMR080C	YOR076C
YMR080C	YIL061C
YMR080C	YDR172W
YPL126W	YDL043C
YPL126W	YLR196W
YPL126W	YJL069C
YPL126W	YGR090W
YGR232W	YHR200W
YGR232W	YGL048C
YGR232W	YDR088C
YGR232W	YPR086W
YGR232W	YGL004C
YLR457C	YPR086W
YDR162C	YDL006W
YHR042W	YAL067C
YHR042W	YPL092W
YHR042W	YBR044C
YHR042W	YHR140W
YDL085W	YGR139W
YCL017C	YBL106C
YDR176W	YGL013C
YDR176W	YBR081C
YDR176W	YER022W
YDR176W	YPR086W
YDR176W	YGR274C
YDR176W	YIL144W
YDR176W	YDR457W
YDR176W	YHR099W
YDR176W	YJR080C
YOL042W	YER022W
YBR212W	YDL167C
YLR138W	YCR061W
YLR138W	YHL010C
YDL002C	YFR037C
YDL002C	YPL235W
YDL002C	YKR001C
YDR456W	YIR022W
YDR456W	YIL030C
YDR456W	YPL092W
YDR456W	YLR372W
YDR456W	YHL042W
YDR456W	YIL171W
YNL078W	YMR047C
YNL078W	YMR139W
YNL078W	YNR012W
YNL078W	YOL070C
YDR383C	YLR315W
YDR383C	YNL189W
YLR315W	YLR453C
YJR112W	YOL069W
YJR112W	YGL093W
YJR112W	YIL144W
YOR056C	YOL054W
YLR002C	YDR329C
YLR002C	YKR081C
YLR002C	YPR016C
YPR144C	YLR453C
YPR144C	YGR090W
YNR053C	YER126C
YNR053C	YCR077C
YNR053C	YDL043C
YNR053C	YHR165C
YNR053C	YDL030W
YNR053C	YKR081C
YNR053C	YGR245C
YNR053C	YER029C
YNR053C	YOR308C
YNR053C	YPR016C
YNR053C	YLR456W
YOL041C	YDL213C
YOL041C	YER161C
YNL175C	YGR103W
YNL110C	YGR103W
YNL110C	YGL111W
YNL110C	YER126C
YNL110C	YER006W
YNL110C	YLL034C
YNL110C	YNL002C
YNL110C	YHR088W
YNL110C	YKR081C
YNL110C	YPL012W
YNL110C	YGR245C
YNL110C	YPR016C
YER002W	YPR016C
YDL213C	YGR103W
YDL213C	YER006W
YDL213C	YEL055C
YDL213C	YLR196W
YDL213C	YKR081C
YDL213C	YPL012W
YDL213C	YNL189W
YDL213C	YPR016C
YDL213C	YHR099W
YDL213C	YKL014C
YDL213C	YGL068W
YDL213C	YGR150C
YDL213C	YGR198W
YDL213C	YDR381W
YGR103W	YER006W
YGR103W	YKR081C
YGR103W	YDR087C
YGR103W	YGR245C
YGR103W	YNL189W
YGR103W	YHR066W
YGR103W	YPR041W
YGR103W	YPR016C
YGR103W	YPR143W
YGR103W	YIR026C
YOL144W	YMR047C
YJR072C	YER173W
YJR072C	YLR243W
YEL062W	YOR138C
YOR209C	YCL076W
YNL251C	YDR172W
YGL111W	YHR088W
YGL111W	YKR081C
YGL111W	YHR066W
YER126C	YER006W
YER126C	YNL002C
YER126C	YER083C
YER126C	YKR081C
YER126C	YGR245C
YER126C	YPR016C
YER126C	YCR072C
YPL233W	YBR069C
YJL041W	YER009W
YJL041W	YMR047C
YJL041W	YDR159W
YJR062C	YDL185W
YJR062C	YOR332W
YER009W	YGL092W
YER009W	YOR098C
YER009W	YNL189W
YER009W	YIL063C
YAL015C	YEL060C
YAL015C	YDL059C
YAL015C	YMR146C
YOL043C	YCL032W
YOL069W	YER099C
YOL069W	YKL042W
YOL069W	YIL144W
YOL069W	YEL043W
YOL069W	YNL086W
YER006W	YKR081C
YER006W	YGR245C
YER006W	YGL081W
YMR047C	YKR082W
YMR047C	YAR002W
YMR047C	YDL116W
YMR047C	YJR042W
YMR047C	YDL065C
YMR047C	YOR104W
YMR047C	YOL146W
YMR047C	YOR157C
YMR047C	YLR196W
YMR047C	YDL081C
YMR047C	YGL229C
YMR047C	YOR213C
YMR047C	YGR009C
YMR047C	YJR134C
YMR047C	YDR510W
YMR047C	YNL189W
YMR047C	YJR019C
YMR047C	YOR344C
YMR047C	YDR207C
YMR047C	YBR105C
YMR047C	YDR372C
YMR047C	YML007W
YMR047C	YHL009C
YMR047C	YBL094C
YMR047C	YBR027C
YMR047C	YBR144C
YMR047C	YBR273C
YMR047C	YDR271C
YMR047C	YER119C
YMR047C	YGR139W
YMR047C	YGR151C
YMR047C	YHR209W
YMR047C	YMR152W
YMR047C	YJR079W
YMR047C	YJR141W
YMR047C	YKL088W
YMR047C	YLR077W
YMR047C	YLR312C
YMR047C	YLR401C
YMR047C	YMR206W
YMR047C	YNL319W
YMR047C	YNR061C
YMR047C	YNR074C
YMR047C	YOR062C
YMR047C	YOR251C
YMR047C	YOR314W
YMR047C	YPR172W
YKL057C	YGL092W
YKL057C	YDR192C
YKL057C	YDL116W
YKL057C	YLR208W
YKL057C	YGL100W
YKL057C	YNR012W
YKR082W	YDR192C
YKR082W	YDL116W
YKR082W	YLR208W
YGL092W	YER105C
YGL092W	YDR192C
YGL092W	YDL116W
YGL092W	YLR208W
YGL092W	YGL100W
YGL092W	YHR036W
YER105C	YFR050C
YER105C	YBL041W
YER105C	YIL061C
YOR098C	YJR159W
YOR098C	YNL189W
YOR098C	YBR126C
YOR098C	YMR271C
YOR098C	YOR229W
YOR098C	YDR132C
YOR098C	YJR001W
YOR098C	YKR064W
YOR098C	YOL070C
YOR098C	YPR172W
YDR192C	YDL116W
YDR192C	YJR042W
YDR192C	YMR235C
YDR192C	YNL189W
YAR002W	YNL189W
YDL116W	YJR042W
YDL116W	YLR208W
YDL116W	YGL100W
YDL116W	YGL179C
YDL116W	YOL014W
YJR042W	YLR208W
YJR042W	YGL100W
YKL055C	YER119C
YNL099C	YNL180C
YNL099C	YOL006C
YNL099C	YCR095C
YNL099C	YNL056W
YML060W	YOL010W
YHL020C	YER120W
YJR073C	YJL047C
YPR194C	YGL113W
YPR194C	YLR372W
YPR194C	YBR159W
YBR129C	YDL059C
YNL261W	YBL071C
YAR044W	YER120W
YAR044W	YGR192C
YDL019C	YER120W
YOR103C	YOR085W
YOR103C	YDL232W
YOR103C	YMR149W
YOR085W	YDL232W
YOR085W	YMR149W
YOR085W	YJL222W
YDL232W	YLR372W
YDL232W	YMR149W
YDL232W	YLL028W
YDL232W	YDL015C
YML019W	YPR086W
YHR179W	YDL059C
YHR179W	YHR030C
YHR179W	YPL150W
YER007W	YML085C
YER007W	YJL120W
YBR279W	YDL140C
YBR279W	YML010W
YBR279W	YGR104C
YBR279W	YPL129W
YER129W	YIL144W
YER129W	YLR420W
YIR006C	YHR161C
YKR002W	YDR228C
YKR002W	YAL043C
YKR002W	YGR156W
YKR002W	YDR195W
YKR002W	YMR061W
YKR002W	YNL189W
YKR002W	YNL222W
YKR002W	YDR390C
YKR002W	YGR048W
YCR077C	YDL065C
YCR077C	YDL139C
YCR077C	YER115C
YCR077C	YNL088W
YCR077C	YBR270C
YCR077C	YML109W
YNL015W	YPR086W
YBR233W	YDR381W
YDR228C	YPL031C
YDR228C	YAL043C
YDR228C	YMR061W
YDR228C	YDL140C
YBR186W	YGL127C
YIL071C	YOR361C
YIL071C	YOL117W
YDL127W	YPL031C
YDL127W	YLR453C
YDL127W	YDR388W
YHR071W	YPL031C
YER059W	YPL031C
YER059W	YDL224C
YER059W	YER156C
YER059W	YJL084C
YER059W	YLR190W
YER059W	YOR392W
YIL050W	YPL031C
YIL050W	YDL224C
YIL050W	YLR190W
YPL219W	YPL031C
YGR101W	YHL021C
YGR202C	YNL189W
YGR087C	YPL022W
YGR087C	YHR030C
YNR070W	YBR159W
YBR035C	YNL189W
YLR148W	YDL006W
YLR148W	YDR170C
YLR148W	YDR080W
YLR148W	YAL002W
YJL053W	YLR453C
YJL053W	YOR132W
YJL053W	YOR069W
YJL053W	YDR372C
YCR044C	YHR140W
YKR046C	YDR523C
YMR257C	YMR233W
YBL080C	YCR106W
YBL080C	YMR104C
YBL030C	YGR082W
YDR265W	YDL065C
YDR265W	YGR133W
YNL214W	YDL065C
YNL214W	YDR244W
YNL214W	YDR142C
YHR160C	YDR142C
YDL065C	YDR329C
YDL065C	YDR244W
YDL065C	YDR235W
YDL065C	YLR063W
YDL065C	YMR155W
YDR329C	YMR203W
YDR244W	YDR142C
YDR244W	YGR077C
YDR244W	YGL205W
YDR142C	YIL068C
YDR142C	YGR184C
YGR240C	YML058W
YGR240C	YKL166C
YGR240C	YLR212C
YGR240C	YMR223W
YGR240C	YNL045W
YHR185C	YHR014W
YOR122C	YOR363C
YGL025C	YBL093C
YGL025C	YBR253W
YBR196C	YGL229C
YBR196C	YDR164C
YBR196C	YAL027W
YKL127W	YDL059C
YMR105C	YBR055C
YMR105C	YDL059C
YMR105C	YOR212W
YMR105C	YLR222C
YMR105C	YDR306C
YNL316C	YFL051C
YKL043W	YDR510W
YAR071W	YLR453C
YNL097C	YOL020W
YFR034C	YOR259C
YFR034C	YGL048C
YFR034C	YPR086W
YFR034C	YPL122C
YPL031C	YDR473C
YPL031C	YNL201C
YPL031C	YFL033C
YPL031C	YJR159W
YPL031C	YFL030W
YER053C	YGL070C
YER053C	YBR171W
YER053C	YLR326W
YOL100W	YGR033C
YMR008C	YGR123C
YOR281C	YOR212W
YOR281C	YJL152W
YPL036W	YKL174C
YPL036W	YPL136W
YER132C	YMR139W
YER003C	YBR055C
YER003C	YDR388W
YCR024C-A	YDL212W
YCR024C-A	YLR372W
YCR024C-A	YBR159W
YEL017C-A	YLR292C
YEL017C-A	YDL212W
YEL017C-A	YKL154W
YEL017C-A	YLR372W
YEL017C-A	YOL018C
YEL017C-A	YBR159W
YEL017C-A	YHL042W
YEL017C-A	YMR299C
YOR321W	YDL153C
YDL093W	YBR044C
YPL096W	YBR204C
YOR145C	YJL069C
YOR145C	YGR090W
YML069W	YNL102W
YML069W	YOL054W
YML069W	YOR292C
YBL035C	YNL102W
YBL035C	YNR052C
YBL035C	YIR008C
YBL035C	YNL290W
YBL035C	YOL094C
YBL035C	YDL058W
YNL102W	YJR043C
YNL102W	YNR052C
YNL102W	YIR008C
YCR014C	YNL180C
YCR014C	YOL085C
YEL055C	YLR196W
YLR018C	YDL212W
YLR018C	YIL016W
YLR018C	YLR372W
YLR018C	YLL028W
YLR018C	YAR027W
YLR018C	YKL065C
YLR018C	YHL042W
YLR018C	YHR140W
YLR018C	YPR028W
YNL221C	YBR167C
YNL221C	YLR435W
YNR052C	YIR008C
YNR052C	YER022W
YNR052C	YDL185W
YNR052C	YJL141C
YNR052C	YDR259C
YGR030C	YBR167C
YBR167C	YGL070C
YNR032W	YGR123C
YNR032W	YPR040W
YDR075W	YNL201C
YDR075W	YDR212W
YDR075W	YGR192C
YDR075W	YPR040W
YPL179W	YIL068C
YLR014C	YKL072W
YGR123C	YER113C
YGR123C	YNL011C
YML016C	YIL061C
YML016C	YOR308C
YEL060C	YDL059C
YEL060C	YDR328C
YEL060C	YDR523C
YEL060C	YBR280C
YEL060C	YMR104C
YMR297W	YLR378C
YCL057W	YBR171W
YJL001W	YOR157C
YJL001W	YDL147W
YJL001W	YPR054W
YFR050C	YHR200W
YFR050C	YJL047C
YFR050C	YNL253W
YFR050C	YJL141C
YFR050C	YBR270C
YFR050C	YGR067C
YMR314W	YHR200W
YMR314W	YDL147W
YMR314W	YDL084W
YBL041W	YHR200W
YBL041W	YDL020C
YBL041W	YDL147W
YBL041W	YCR073C
YGR135W	YHR200W
YGR135W	YOR043W
YIR008C	YLR453C
YDR300C	YPR137W
YDR300C	YDR172W
YER023W	YNL189W
YDL043C	YDL030W
YDL043C	YKL155C
YDL043C	YMR117C
YDL043C	YBR152W
YDL043C	YBR069C
YDL043C	YDL185W
YDL043C	YPR121W
YDL043C	YGL049C
YDL043C	YLR222C
YDL043C	YBR113W
YDL043C	YDR131C
YDL043C	YER113C
YLL036C	YAL032C
YLL036C	YHR165C
YLL036C	YPR182W
YLL036C	YDR416W
YER013W	YDR088C
YGR075C	YLR147C
YGR075C	YBR152W
YDR473C	YBR055C
YDR473C	YHR165C
YDR473C	YLR147C
YDR473C	YBR152W
YDR235W	YPR182W
YDR235W	YIL061C
YAL032C	YML049C
YAL032C	YNL189W
YAL032C	YDR416W
YAL032C	YLR345W
YBR055C	YHR165C
YBR055C	YJL080C
YBR055C	YGR074W
YBR055C	YLR147C
YBR055C	YPR182W
YBR055C	YBR152W
YBR055C	YHR064C
YBR055C	YBR126C
YBR055C	YDR353W
YHR165C	YDL030W
YHR165C	YML049C
YHR165C	YER029C
YHR165C	YLR147C
YHR165C	YIL061C
YHR165C	YOR308C
YHR165C	YDR416W
YDL030W	YOR191W
YDL030W	YML049C
YDL030W	YGR074W
YDL030W	YPR182W
YDL030W	YBR152W
YDL030W	YMR005W
YDL030W	YDR026C
YDL030W	YPL146C
YKL116C	YLR389C
YER099C	YOL061W
YER099C	YMR139W
YHL011C	YOR090C
YHL011C	YMR139W
YHL011C	YNL189W
YBL068W	YOL061W
YOL061W	YMR139W
YOL061W	YER163C
YOL061W	YIL063C
YOR361C	YPR086W
YOR361C	YMR146C
YOR361C	YPR041W
YOR361C	YPR016C
YJL079C	YPR086W
YOL054W	YCR030C
YAL017W	YOL045W
YAL017W	YDR190C
YOL045W	YBR175W
YLL010C	YOR043W
YNL201C	YPL153C
YNL201C	YDR379W
YNL201C	YML010W
YNL201C	YPR115W
YAL043C	YGR156W
YAL043C	YDR195W
YAL043C	YMR061W
YAL043C	YNL222W
YAL043C	YOR179C
YDL006W	YML100W
YBR125C	YDR247W
YBR125C	YDR071C
YOR090C	YPR016C
YOR090C	YJL069C
YHR076W	YKL108W
YGR156W	YDR195W
YGR156W	YOR179C
YGR156W	YMR260C
YOR208W	YHR030C
YKR093W	YER022W
YOR157C	YER144C
YLR196W	YDR212W
YPL147W	YPL274W
YPL147W	YLL048C
YKL188C	YGR074W
YGR280C	YNL189W
YGR280C	YKR092C
YGR280C	YPL110C
YGL062W	YML058W
YIL120W	YBR159W
YIL120W	YER113C
YPL022W	YIL068C
YPL022W	YLR321C
YPL022W	YLR135W
YPL022W	YDR334W
YPL022W	YIL148W
YPL022W	YAL027W
YPL022W	YBL089W
YPL022W	YER066W
YPL022W	YGL050W
YPL022W	YNL116W
YER173W	YNL290W
YER173W	YHR079C-A
YER173W	YDR212W
YER173W	YLR413W
YKL113C	YLR453C
YER171W	YHR200W
YER171W	YGL048C
YER171W	YLR005W
YER171W	YDL185W
YER171W	YPR121W
YER171W	YML124C
YER162C	YHL025W
YER162C	YIL148W
YPL153C	YMR179W
YPL153C	YNL189W
YPL153C	YDR082W
YPL153C	YER111C
YPL153C	YPL128C
YPL153C	YGR090W
YPL153C	YDR071C
YDL059C	YIL021W
YDL059C	YDL130W
YDL059C	YFL045C
YDL059C	YEL051W
YDL059C	YER031C
YGL246C	YOR048C
YDL090C	YKL019W
YNL216W	YLR453C
YNL216W	YDL153C
YNL216W	YLR442C
YNL216W	YDR227W
YOR101W	YNL098C
YNL098C	YBL103C
YDR202C	YDR328C
YDR202C	YDL185W
YDR202C	YBR127C
YDR202C	YOR332W
YDR202C	YEL051W
YLR248W	YDR080W
YGL071W	YML007W
YBR073W	YLR453C
YBR073W	YGL213C
YDL135C	YPR165W
YDL135C	YNL176C
YLR263W	YDR170C
YLR263W	YDR510W
YLR263W	YLR064W
YDR195W	YMR061W
YDR195W	YOR179C
YDR028C	YBR126C
YOR207C	YDR045C
YOR207C	YNL113W
YOR207C	YKL144C
YFR051C	YLR180W
YFR051C	YDR238C
YIL139C	YLR147C
YAR007C	YDR190C
YAR007C	YER078C
YNL290W	YOL094C
YNL290W	YCL028W
YNL290W	YFR004W
YNL290W	YCL042W
YNL290W	YMR226C
YOL094C	YCL028W
YOL094C	YGL081W
YOR127W	YPR165W
YOR127W	YAL011W
YOR127W	YHL042W
YOR127W	YJL185C
YOR107W	YHL021C
YPR165W	YER096W
YPR165W	YOR230W
YPR165W	YBL053W
YPR165W	YFR044C
YPR165W	YML109W
YNL090W	YOR089C
YIL118W	YEL020C
YIL118W	YHR087W
YIL118W	YLR114C
YNL180C	YDR353W
YDR487C	YNL189W
YLR453C	YDR422C
YLR453C	YDL042C
YLR453C	YER022W
YLR453C	YOL006C
YLR453C	YOR230W
YLR453C	YBL095W
YLR453C	YCL023C
YLR453C	YEL076W-C
YLR453C	YHL017W
YLR453C	YJL015C
YLR453C	YLR016C
YLR453C	YLR426W
YLR453C	YNL013C
YLR453C	YNR066C
YLR453C	YNR071C
YLR453C	YOR220W
YLR453C	YOR314W
YLR453C	YPL098C
YLR453C	YNL237W
YMR139W	YER022W
YMR139W	YBR126C
YMR139W	YML100W
YMR139W	YDR207C
YMR154C	YLR025W
YMR154C	YER066W
YFL033C	YJL164C
YFL033C	YBR126C
YBR192W	YBR162C
YBR192W	YER078C
YOR191W	YDR227W
YOR191W	YDR510W
YOR191W	YPR016C
YLL034C	YPR010C
YLL034C	YOR341W
YLL034C	YKR081C
YLL034C	YGL048C
YPR018W	YOR213C
YPR018W	YNL189W
YPL089C	YHR030C
YNL002C	YKR081C
YNL002C	YGR245C
YNL002C	YHR066W
YNL002C	YPR016C
YMR061W	YLR082C
YMR061W	YBR105C
YMR235C	YLR119W
YCL028W	YIL066C
YCL028W	YLR403W
YCL028W	YML058W
YCL028W	YNL189W
YCL028W	YOR212W
YCL028W	YBR223C
YCL028W	YEL021W
YER070W	YIL066C
YER070W	YML058W
YIL066C	YDR427W
YIL066C	YML058W
YIL066C	YPR086W
YIL066C	YNL134C
YMR239C	YNL189W
YBL093C	YOR140W
YBL093C	YER022W
YBL093C	YGR104C
YBL093C	YPL042C
YBL093C	YML007W
YPR010C	YOR341W
YPR010C	YNL113W
YPR010C	YPR016C
YPR010C	YKL067W
YOR341W	YOR340C
YOR341W	YBR154C
YOR341W	YOR224C
YOR341W	YNL113W
YOL005C	YIL021W
YOL005C	YDL140C
YIL021W	YBR154C
YIL021W	YOR224C
YIL021W	YGL070C
YIL021W	YNL113W
YBR154C	YGL070C
YBR154C	YKL144C
YBR154C	YDL140C
YBR154C	YER071C
YOR224C	YKL144C
YOR224C	YDL140C
YGL070C	YDL140C
YGL070C	YKL141W
YGL070C	YER029C
YGL070C	YER115C
YGL070C	YPL129W
YGL070C	YDL053C
YGL070C	YDL183C
YGL070C	YDR067C
YGL070C	YDR286C
YGL070C	YDR340W
YGL070C	YJL182C
YGL070C	YKL036C
YGL070C	YKL086W
YGL070C	YFL038C
YKL144C	YPR190C
YPR190C	YOL006C
YHR088W	YHR066W
YHR088W	YPR016C
YKR081C	YDR087C
YKR081C	YGR245C
YKR081C	YER161C
YKR081C	YHR066W
YKR081C	YPR016C
YKR081C	YOL102C
YKR081C	YER041W
YKL180W	YPR132W
YPL249C-A	YCR009C
YPL249C-A	YDR388W
YLR325C	YOR327C
YLR325C	YBL089W
YPL131W	YPR016C
YLR448W	YHR149C
YHR200W	YFR004W
YHR200W	YDL147W
YHR200W	YDR427W
YHR200W	YOR259C
YHR200W	YGL048C
YHR200W	YER120W
YHR200W	YER022W
YHR200W	YBL039C
YHR200W	YGL004C
YFR004W	YDL147W
YFR004W	YDR427W
YFR004W	YGL048C
YFR004W	YBL039C
YFR004W	YER049W
YFR004W	YGL004C
YDL147W	YDR427W
YDL147W	YOR259C
YDL147W	YOR117W
YDL147W	YGL048C
YDL147W	YPL026C
YDL147W	YDR073W
YDL147W	YGL127C
YDL147W	YDR341C
YDL147W	YGL004C
YDR427W	YGL004C
YDR427W	YGR067C
YDL140C	YBR253W
YDL140C	YPL129W
YDL140C	YKR062W
YDL081C	YPR086W
YDL081C	YOR229W
YDL081C	YPL005W
YDL130W	YDR382W
YDL130W	YJR012C
YDL130W	YLR051C
YGL189C	YLR435W
YJR145C	YDL153C
YOR259C	YOR117W
YOR259C	YGL048C
YOR259C	YDR398W
YOR259C	YGL004C
YOR259C	YGR146C
YOR259C	YNL311C
YOR117W	YBL039C
YOR117W	YGL004C
YGL048C	YGR184C
YGL048C	YBL039C
YMR270C	YCL032W
YDL111C	YHR069C
YDL111C	YGR195W
YHR069C	YGR195W
YHR069C	YOR076C
YHR069C	YNL189W
YCL031C	YGR090W
YPR137W	YGL146C
YCR052W	YFR037C
YCR052W	YNL202W
YFR037C	YLR321C
YFR037C	YOR290C
YFR037C	YER022W
YML049C	YPR182W
YML049C	YBR152W
YGL129C	YER022W
YGL129C	YAR027W
YJR113C	YAR003W
YMR266W	YFL040W
YDR233C	YDL089W
YDR233C	YOR285W
YOR014W	YGL100W
YOR014W	YGR192C
YOR014W	YAL016W
YOR014W	YBR230C
YJL047C	YDR139C
YDR289C	YNL189W
YDR139C	YDR328C
YDR190C	YPL235W
YDR190C	YOR229W
YDR190C	YNL311C
YPL235W	YDR388W
YPL235W	YGR274C
YPL235W	YBR287W
YPL235W	YGL004C
YCR009C	YDR388W
YDR388W	YIL148W
YDR388W	YBL039C
YDR388W	YJR083C
YDR388W	YLR243W
YDR388W	YNL086W
YDR388W	YHR016C
YGL175C	YNL189W
YHR079C-A	YPR086W
YER043C	YLR442C
YER043C	YER161C
YER043C	YDR306C
YER043C	YKL161C
YER043C	YNL157W
YLR180W	YDR170C
YLR180W	YBL039C
YPL274W	YDL212W
YPL274W	YIL016W
YPL274W	YKL154W
YPL274W	YBR159W
YFR040W	YPR040W
YFR040W	YLR222C
YJL098W	YIL061C
YJL098W	YPL129W
YJL098W	YMR005W
YJL098W	YPR040W
YJL098W	YHR099W
YJL098W	YOR187W
YJL098W	YDR359C
YJL098W	YDR381W
YKR028W	YIL061C
YKR028W	YPR040W
YMR263W	YPR086W
YMR263W	YLR199C
YGL229C	YPR040W
YGL229C	YOR062C
YDL153C	YDR422C
YDL153C	YPL026C
YDL153C	YDR269C
YDL153C	YDR307W
YDL153C	YJL175W
YDL153C	YOL118C
YDL153C	YOR252W
YDL153C	YOR314W
YBL052C	YPL129W
YOR213C	YMR179W
YOR213C	YPL208W
YMR214W	YBR162C
YJL080C	YGR067C
YER120W	YLR305C
YER120W	YAR042W
YMR305C	YPR086W
YGR245C	YPR016C
YGR245C	YCR072C
YDR469W	YHR119W
YDR469W	YBR258C
YDR469W	YAR003W
YDR469W	YBR175W
YDR469W	YEL005C
YLL041C	YDR523C
YLL041C	YBR044C
YKL141W	YER022W
YKL141W	YBR044C
YIR022W	YJR010C-A
YIR022W	YLR372W
YIR022W	YBR159W
YLR208W	YGL100W
YDR164C	YGR009C
YDR164C	YPL232W
YDR164C	YKR014C
YIL109C	YDR170C
YDR238C	YBR162C
YFL045C	YDR227W
YFL045C	YNL189W
YFL045C	YOR212W
YFL045C	YDR398W
YLR378C	YBR171W
YLR378C	YKL154W
YLR378C	YDR086C
YLR378C	YIL162W
YLR378C	YLR372W
YLR378C	YBR159W
YPL094C	YBR171W
YPL094C	YLR292C
YPL094C	YPR086W
YPL094C	YAR027W
YML105C	YPR086W
YBR171W	YLR292C
YBR171W	YHL042W
YLR292C	YKL209C
YLR292C	YPR048W
YLR292C	YAL053W
YLR292C	YBR159W
YLR292C	YDR387C
YDR170C	YFR044C
YGR009C	YOR327C
YGR009C	YBL106C
YGR009C	YPR032W
YGR009C	YPL232W
YHR119W	YBR258C
YHR119W	YAR003W
YHR119W	YBR175W
YJL168C	YHR152W
YJL168C	YGR090W
YLR321C	YGL127C
YLR321C	YLR345W
YLR403W	YBR175W
YLR403W	YGR017W
YKL006C-A	YHR140W
YLR336C	YDR398W
YPR198W	YIL016W
YPR198W	YKL154W
YPR198W	YLR372W
YPR198W	YBR069C
YPR198W	YAR033W
YPR198W	YBR159W
YPR198W	YKL065C
YIR001C	YER161C
YIR001C	YGR192C
YIR001C	YGL049C
YMR190C	YBR175W
YMR190C	YNL088W
YMR190C	YLR234W
YOR035C	YER156C
YBR258C	YAR003W
YBR258C	YBR175W
YDL212W	YJR010C-A
YDL212W	YMR149W
YDL212W	YOL020W
YDL212W	YLL028W
YDL212W	YPR156C
YDL212W	YDR307W
YDL212W	YHL042W
YDL212W	YHR140W
YLR197W	YNL088W
YLR197W	YOL115W
YLR197W	YJL069C
YOL031C	YLR412W
YDR422C	YER029C
YJL089W	YPL042C
YDL042C	YDR227W
YDL042C	YNR023W
YDL042C	YGR192C
YDL042C	YML109W
YLR442C	YDR227W
YLR442C	YDL185W
YLR442C	YMR223W
YLR442C	YMR226C
YLR442C	YML109W
YDR227W	YNL189W
YDR227W	YFL006W
YDR227W	YML109W
YNL007C	YHR030C
YLR398C	YOR076C
YLR398C	YGL213C
YGR195W	YOR076C
YGR195W	YNL189W
YOR076C	YGL213C
YDR328C	YDL185W
YDR328C	YBR127C
YDR328C	YOR332W
YDR328C	YEL051W
YDR328C	YBR280C
YDR328C	YDR131C
YDR328C	YDR306C
YDR328C	YGL149W
YDR328C	YJL149W
YDR328C	YLR352W
YDR328C	YMR258C
YDR328C	YNL311C
YBL061C	YDR247W
YKL108W	YNL189W
YKL108W	YLR354C
YGR271W	YER049W
YHR030C	YLR147C
YHR030C	YPR054W
YHR030C	YER111C
YHR030C	YLR182W
YHR030C	YLR187W
YHR030C	YLR346C
YHR030C	YOR220W
YDR088C	YGR074W
YDR088C	YDL144C
YBR228W	YLR135W
YLR135W	YGR016W
YLR135W	YGR033C
YPL027W	YCR095C
YER029C	YGR074W
YER029C	YLR147C
YER029C	YPR182W
YER029C	YBR152W
YER029C	YNL187W
YGR074W	YLR147C
YGR074W	YDR240C
YLR275W	YLR147C
YLR275W	YPR182W
YLR147C	YPR182W
YLR147C	YOR308C
YLR147C	YMR088C
YLR147C	YPR014C
YHR050W	YMR149W
YHR050W	YKR089C
YML058W	YNL116W
YDR510W	YGL127C
YDR510W	YNL189W
YDR510W	YBR223C
YDR510W	YNL088W
YDR510W	YDR390C
YDR510W	YNR012W
YPR182W	YNL189W
YPR182W	YCL032W
YPR182W	YOL106W
YJL151C	YHR016C
YOR327C	YGR197C
YOR327C	YMR017W
YOR327C	YOL018C
YOR327C	YHL035C
YDR073W	YOR290C
YDR073W	YNL189W
YNR023W	YBR289W
YOR290C	YBR289W
YOR290C	YPL129W
YBR289W	YHL025W
YBR289W	YPL016W
YBR289W	YKR001C
YLR025W	YPR173C
YLR025W	YDR541C
YLR025W	YGR122W
YIL016W	YJR010C-A
YIL016W	YLL028W
YIL016W	YAR027W
YIL016W	YGL104C
YIL016W	YHL042W
YIL016W	YHR140W
YIL061C	YDR240C
YIL061C	YNL189W
YIL061C	YPL016W
YIL061C	YBR117C
YIL061C	YCR101C
YIL061C	YFR039C
YCR033W	YMR273C
YGL131C	YLR413W
YDR240C	YNL189W
YOR308C	YBR152W
YDR425W	YGL161C
YDR425W	YJR110W
YDR425W	YKR014C
YLL011W	YDR212W
YGL127C	YER022W
YGL127C	YCR030C
YGL127C	YOL018C
YGL127C	YLR222C
YGL127C	YEL038W
YGL127C	YDR259C
YGL127C	YBL009W
YGL127C	YDR084C
YGL127C	YDR095C
YGL127C	YER119C
YGL127C	YER184C
YGL127C	YFR026C
YGL127C	YGL157W
YGL127C	YGR139W
YGL127C	YKL137W
YGL127C	YLR311C
YGL127C	YOR263C
YJR159W	YNL189W
YDR356W	YKL042W
YDR356W	YHR172W
YDR356W	YNL126W
YDR356W	YLR212C
YJR010C-A	YKL154W
YJR010C-A	YLR372W
YJR010C-A	YBR069C
YJR010C-A	YBR159W
YJR010C-A	YDR506C
YJR010C-A	YKL065C
YJR010C-A	YHL042W
YJR010C-A	YLR004C
YMR117C	YER018C
YMR117C	YCL032W
YMR117C	YIL144W
YMR117C	YGR130C
YMR117C	YLR190W
YHR172W	YNL126W
YHR172W	YLR045C
YHR172W	YPR086W
YHR172W	YLR212C
YNL126W	YDR350C
YNL126W	YLR212C
YLR313C	YDL159W
YLR313C	YCR084C
YHR152W	YER022W
YHR152W	YDR267C
YHR152W	YLR016C
YHR152W	YPR152C
YNL012W	YHR145C
YMR017W	YPL232W
YER115C	YML109W
YDR523C	YEL051W
YDR523C	YDR372C
YPL175W	YGL104C
YER161C	YNL189W
YER161C	YHR066W
YER161C	YLR389C
YER161C	YGR090W
YML010W	YPR041W
YBR081C	YLR055C
YBR081C	YBR253W
YBR081C	YHR099W
YBR081C	YMR223W
YBR081C	YML007W
YLR055C	YHR099W
YER022W	YGR104C
YER022W	YBR253W
YER022W	YPL042C
YER022W	YPL011C
YER022W	YOR143C
YER022W	YIL022W
YER022W	YOR187W
YER022W	YEL012W
YER022W	YNR012W
YER022W	YGR090W
YER022W	YML007W
YER022W	YDR259C
YER022W	YBR047W
YER022W	YCR082W
YER022W	YFR038W
YER022W	YGL261C
YER022W	YGR243W
YER022W	YHL045W
YER022W	YJL142C
YER022W	YKL051W
YER022W	YLL020C
YER022W	YML082W
YER022W	YMR087W
YER022W	YMR114C
YER022W	YMR244W
YER022W	YNL211C
YER022W	YNL235C
YER022W	YNR071C
YER022W	YOL022C
YER022W	YOL106W
YER022W	YPL098C
YGR104C	YBR253W
YGR104C	YPL042C
YBR253W	YPL042C
YBR253W	YML007W
YLR082C	YNL189W
YLR082C	YBR004C
YKR091W	YNL309W
YLR119W	YCL008C
YLR119W	YLR051C
YBL106C	YHR161C
YPR032W	YPR086W
YDR292C	YKL154W
YKL154W	YMR149W
YKL154W	YDL015C
YKL154W	YDR307W
YKL154W	YHR140W
YDL092W	YKL122C
YNL189W	YJR009C
YNL189W	YGR192C
YNL189W	YGR144W
YNL189W	YPL214C
YNL189W	YHR099W
YNL189W	YDR353W
YNL189W	YDR453C
YNL189W	YPL139C
YNL189W	YDL224C
YNL189W	YHL009C
YNL189W	YDR100W
YNL189W	YER010C
YNL189W	YGR024C
YNL189W	YNL044W
YNL189W	YJL218W
YNL189W	YJR037W
YNL189W	YJR056C
YNL189W	YLR016C
YNL189W	YLR211C
YNL189W	YLR345W
YNL189W	YMR226C
YNL189W	YKL067W
YNL189W	YNL047C
YNL189W	YMR273C
YKR092C	YDR026C
YHR066W	YPR016C
YHR066W	YKL014C
YPL232W	YHR161C
YHR064C	YBR175W
YFL026W	YGR141W
YFL026W	YHR016C
YOR212W	YDR212W
YCL032W	YDR416W
YCL032W	YEL051W
YCL032W	YPL120W
YCL032W	YCR082W
YCL032W	YDL016C
YCL032W	YLL049W
YCL032W	YNL086W
YCL032W	YPR076W
YCL008C	YIL148W
YCL008C	YPL065W
YBL034C	YFL037W
YBL034C	YDR330W
YLR045C	YPR086W
YPR086W	YBR175W
YPR086W	YMR146C
YPR086W	YPR041W
YPR086W	YGL145W
YPR086W	YKL058W
YPR086W	YOR045W
YPR086W	YPR066W
YPR086W	YAR066W
YPR086W	YBR209W
YPR086W	YDR102C
YPR086W	YDR133C
YPR086W	YDR271C
YPR086W	YER076C
YPR086W	YGR207C
YPR086W	YGR294W
YPR086W	YHL045W
YPR086W	YJL072C
YPR086W	YLR201C
YPR086W	YOL070C
YPR086W	YOL150C
YPR086W	YOR154W
YPR086W	YOR271C
YPR086W	YPR157W
YPR086W	YFL038C
YDL084W	YER063W
YDL084W	YDR381W
YPL237W	YDR172W
YPL237W	YPR041W
YDR172W	YOR069W
YLR372W	YMR149W
YLR372W	YBR069C
YLR372W	YLL028W
YLR372W	YPR156C
YLR372W	YDL015C
YLR372W	YGL104C
YLR372W	YJL222W
YLR372W	YDR307W
YLR372W	YHL042W
YLR372W	YHR140W
YLR372W	YLR004C
YAR003W	YBR175W
YAR003W	YIL148W
YBR175W	YHR177W
YOR333C	YER063W
YER111C	YLR182W
YMR149W	YLL028W
YMR149W	YAR027W
YMR149W	YAL064W
YMR149W	YBR159W
YMR149W	YKL065C
YDR416W	YDR247W
YDR145W	YGR274C
YDR145W	YMR005W
YPL129W	YPL011C
YGR274C	YPL011C
YGR274C	YMR005W
YGR274C	YMR227C
YGR274C	YPL128C
YGR274C	YKR001C
YLR354C	YJL068C
YBR069C	YDL015C
YBR069C	YKL065C
YML072C	YAL053W
YDR212W	YJL164C
YDR212W	YOR230W
YDR212W	YLR030W
YJR009C	YML053C
YBL088C	YPL110C
YNL253W	YPL150W
YKL028W	YKR062W
YDL185W	YLR222C
YDL185W	YJL069C
YDL185W	YBR127C
YDL185W	YEL051W
YDL185W	YMR104C
YGR144W	YNL116W
YIL144W	YLR456W
YMR146C	YPR041W
YMR146C	YOL087C
YMR146C	YPL105C
YGL049C	YPR041W
YPR041W	YGL036W
YPR016C	YGL036W
YIL022W	YDL091C
YBR067C	YNL237W
YER011W	YDR084C
YOR010C	YNL088W
YOR010C	YFR016C
YOL018C	YGL095C
YGR082W	YNL131W
YGR082W	YMR203W
YGR082W	YMR299C
YNL131W	YMR203W
YMR203W	YJR038C
YOL006C	YMR233W
YNL088W	YLR154C
YNL088W	YDR381W
YBR162C	YBL095W
YAL016W	YMR273C
YAL016W	YML109W
YJL164C	YPL203W
YJL164C	YKL166C
YJL164C	YLL040C
YJL164C	YNL093W
YPL203W	YKL166C
YPL203W	YLR177W
YKL166C	YNL093W
YKL166C	YML001W
YLL028W	YAR033W
YLL028W	YBR159W
YLL028W	YKL065C
YLL028W	YHR140W
YLL028W	YNL237W
YPR156C	YBR159W
YPR156C	YKL065C
YPR156C	YHR140W
YPR156C	YLR297W
YOR273C	YAR027W
YBR126C	YDR074W
YBR126C	YMR261C
YBR126C	YBR265W
YBR126C	YML100W
YBR126C	YDR247W
YBR126C	YOR089C
YDR074W	YMR261C
YDR074W	YML100W
YDR074W	YAR066W
YOL115W	YPL146C
YML014W	YNR046W
YDR453C	YJL141C
YDL015C	YBR159W
YDL015C	YPL087W
YDL015C	YDR307W
YDL015C	YDR506C
YDL015C	YKL065C
YDL015C	YHR140W
YDL015C	YPR028W
YML085C	YFL037W
YOR187W	YDR542W
YDR390C	YGR048W
YIL148W	YPL065W
YIL148W	YNL311C
YIL148W	YOL087C
YER098W	YDR267C
YGR184C	YJL141C
YGR184C	YGL081W
YGR048W	YPL222W
YAR027W	YAR028W
YAR027W	YBR159W
YAR027W	YEL041W
YPL020C	YDR100W
YBL039C	YGL081W
YNR012W	YDR020C
YNR012W	YJR056C
YLR222C	YJL069C
YJL069C	YLR409C
YJL069C	YGR090W
YJL069C	YKR096W
YLR409C	YGR090W
YGR090W	YGR128C
YGR090W	YLR003C
YEL005C	YGL079W
YEL005C	YNL086W
YDR247W	YDR071C
YIL017C	YBL049W
YPR036W	YEL051W
YGR105W	YFR018C
YOR332W	YEL051W
YOR132W	YOR069W
YKR001C	YJL141C
YOR089C	YGL161C
YOR089C	YGR223C
YOR089C	YNL263C
YOR089C	YKR014C
YOR089C	YNL093W
YGR141W	YMR265C
YGL104C	YAR028W
YGL104C	YBR159W
YGL104C	YKL065C
YGL104C	YPR028W
YDR372C	YLR352W
YJL222W	YBR159W
YJL222W	YKL065C
YOR359W	YHR009C
YOR043W	YDR061W
YOR230W	YOR229W
YJL141C	YPL247C
YAL027W	YDR381W
YAL064W	YKR011C
YDR259C	YBR270C
YAR028W	YBR159W
YAR033W	YKL174C
YAR066W	YLR145W
YBL049W	YHL010C
YBL100C	YJL070C
YBR056W	YFR007W
YBR159W	YDR307W
YBR159W	YHL042W
YBR159W	YHR140W
YBR159W	YLR004C
YBR194W	YPR152C
YBR230C	YDR506C
YBR270C	YNL047C
YBR284W	YDL238C
YLL048C	YCR061W
YCL046W	YPL208W
YCR061W	YNR066C
YCR101C	YHL042W
YDL011C	YEL023C
YDL089W	YPR028W
YDL099W	YKL050C
YDR063W	YGL239C
YDR084C	YGL161C
YDR100W	YGL161C
YDR100W	YPL095C
YDR131C	YIL063C
YDR132C	YJL218W
YDR250C	YJL070C
YDR271C	YDR509W
YDR307W	YKL065C
YDR307W	YHR140W
YDR327W	YOR378W
YDR332W	YMR074C
YDR348C	YMR295C
YDR374C	YJL070C
YDR387C	YOR292C
YDR413C	YGR151C
YDR445C	YER071C
YDR504C	YJL070C
YEL016C	YOL150C
YEL023C	YMR104C
YEL023C	YML109W
YER156C	YFL038C
YKL065C	YHL042W
YKL065C	YHR140W
YFL030W	YIL077C
YFL034W	YPL110C
YFL040W	YHL042W
YFL052W	YOR366W
YFR042W	YNR025C
YGL157W	YNR064C
YGL161C	YPL095C
YGL161C	YNL304W
YGL161C	YFL038C
YGL161C	YER031C
YGL161C	YGL210W
YGL161C	YKR014C
YGL161C	YNL093W
YGL161C	YML001W
YGL179C	YKR096W
YGL220W	YLL029W
YGR016W	YMR104C
YGR017W	YLR072W
YGR024C	YPL110C
YGR035C	YOR118W
YGR052W	YJL086C
YGR058W	YNL047C
YGR126W	YLR063W
YGR243W	YHR016C
YHL042W	YHR032W
YHL042W	YPR028W
YHL042W	YGL259W
YHR140W	YIL023C
YHR140W	YNL044W
YHR140W	YPR028W
YHR149C	YMR273C
YHR149C	YML109W
YNL263C	YNL044W
YNL263C	YPR028W
YNL263C	YNL304W
YNL263C	YFL038C
YNL263C	YER031C
YNL263C	YGL210W
YNL263C	YKR014C
YNL263C	YNL093W
YNL263C	YML001W
YIL023C	YMR104C
YIL171W	YPR028W
YJL070C	YGL259W
YJL185C	YMR204C
YJR083C	YHR016C
YKL036C	YKL160W
YKL036C	YKL126W
YKL174C	YLR345W
YKL224C	YLR030W
YKR065C	YLR036C
YLR008C	YLR125W
YLR053C	YLR285W
YLR064W	YHR016C
YLR125W	YMR030W
YLR243W	YHR016C
YLR456W	YPR050C
YLR456W	YPR172W
YNL028W	YNL045W
YNL116W	YNL311C
YNL116W	YPL110C
YNL146W	YER031C
YNL208W	YOR285W
YNL285W	YPL245W
YOR154W	YMR104C
YOR252W	YPR152C
YKR014C	YNL093W
YMR273C	YML109W
