YAL001C	YBL058W
YAL001C	YBR123C
YAL001C	YDL078C
YAL001C	YDL097C
YAL001C	YDL182W
YAL001C	YDR363W-A
YAL001C	YDR381W
YAL001C	YGL087C
YAL001C	YGR103W
YAL001C	YIL075C
YAL001C	YMR093W
YAL001C	YOR261C
YAL001C	YPL007C
YAL010C	YDR054C
YAL016W	YBR023C
YAL016W	YDL188C
YAL016W	YDR477W
YAL016W	YML109W
YAL016W	YOR014W
YAL016W	YOR162C
YAL016W	YPL152W
YAL017W	YBL003C
YAL017W	YCR020W-B
YAL017W	YDL100C
YAL017W	YIL071C
YAL027W	YCR009C
YAL027W	YDR381W
YAL027W	YDR388W
YAL027W	YGL106W
YAL027W	YGR237C
YAL027W	YHL027W
YAL027W	YHR121W
YAL027W	YIL105C
YAL027W	YNL106C
YAL027W	YPL004C
YAL027W	YPL146C
YAL027W	YPR171W
YAL028W	YMR186W
YAL031C	YDL182W
YAL031C	YNL317W
YAL032C	YDL043C
YAL032C	YDR074W
YAL032C	YPL151C
YAL041W	YIL156W
YAL043C	YBL076C
YAL043C	YBL101C
YAL043C	YBR119W
YAL043C	YDR301W
YAL043C	YKL059C
YAL043C	YLR115W
YAL043C	YLR358C
YAL043C	YLR442C
YAL043C	YNL317W
YAL043C	YOR179C
YAL043C	YPR107C
YAL048C	YFR015C
YAL051W	YDL019C
YAL051W	YKL157W
YAL051W	YLR197W
YAL051W	YNL325C
YAL051W	YPL146C
YAL062W	YAR071W
YAL062W	YBR245C
YAL062W	YCR020W-B
YAL062W	YGL207W
YAL062W	YIL033C
YAL062W	YNR051C
YAL062W	YOR362C
YAR019C	YLR182W
YAR053W	YGR104C
YAR071W	YBR093C
YAR071W	YCR038C
YBL003C	YBL052C
YBL003C	YBR060C
YBL003C	YCR079W
YBL003C	YDL002C
YBL003C	YDL019C
YBL003C	YDL095W
YBL003C	YDR054C
YBL003C	YDR075W
YBL003C	YDR145W
YBL003C	YDR207C
YBL003C	YDR224C
YBL003C	YDR225W
YBL003C	YDR299W
YBL003C	YEL023C
YBL003C	YER092W
YBL003C	YER095W
YBL003C	YER116C
YBL003C	YER147C
YBL003C	YER162C
YBL003C	YGL035C
YBL003C	YGL207W
YBL003C	YGL227W
YBL003C	YGL252C
YBL003C	YGR275W
YBL003C	YHL024W
YBL003C	YHL027W
YBL003C	YHL034C
YBL003C	YJL033W
YBL003C	YJL034W
YBL003C	YJL047C
YBL003C	YJL081C
YBL003C	YJL115W
YBL003C	YJR010C-A
YBL003C	YKR048C
YBL003C	YLL004W
YBL003C	YLR022C
YBL003C	YLR033W
YBL003C	YLR052W
YBL003C	YLR362W
YBL003C	YLR399C
YBL003C	YLR442C
YBL003C	YML103C
YBL003C	YML109W
YBL003C	YMR014W
YBL003C	YMR223W
YBL003C	YMR284W
YBL003C	YNL031C
YBL003C	YOL004W
YBL003C	YOL059W
YBL003C	YOL068C
YBL003C	YOR172W
YBL003C	YPL001W
YBL003C	YPL127C
YBL003C	YPR008W
YBL003C	YPR052C
YBL007C	YLR258W
YBL007C	YOR181W
YBL007C	YPL001W
YBL024W	YDR381W
YBL024W	YOR243C
YBL026W	YCR077C
YBL026W	YGL173C
YBL026W	YHR165C
YBL026W	YMR268C
YBL026W	YPR178W
YBL032W	YBR017C
YBL032W	YGL105W
YBL032W	YHL027W
YBL039C	YBR173C
YBL039C	YKR101W
YBL039C	YOR113W
YBL041W	YDR054C
YBL041W	YER012W
YBL041W	YGR135W
YBL041W	YGR253C
YBL041W	YMR314W
YBL041W	YNL168C
YBL041W	YOL038W
YBL041W	YOR362C
YBL043W	YPL138C
YBL048W	YMR304W
YBL056W	YDL126C
YBL056W	YIL063C
YBL058W	YDL126C
YBL058W	YDR295C
YBL058W	YDR388W
YBL058W	YFL044C
YBL058W	YJR098C
YBL058W	YLR377C
YBL058W	YOR342C
YBL058W	YPR135W
YBL061C	YGL073W
YBL071C	YGL167C
YBL074C	YDL148C
YBL074C	YDL215C
YBL074C	YHL008C
YBL074C	YHR165C
YBL074C	YJR080C
YBL074C	YMR029C
YBL074C	YPR182W
YBL076C	YDL182W
YBL076C	YDR238C
YBL076C	YKL171W
YBL076C	YMR207C
YBL076C	YPL048W
YBL086C	YDL182W
YBL086C	YLR022C
YBL088C	YDR054C
YBL088C	YJL047C
YBL093C	YBR193C
YBL093C	YDL005C
YBL093C	YDR308C
YBL093C	YDR381W
YBL093C	YGR104C
YBL093C	YHR121W
YBL093C	YLR071C
YBL098W	YJL197W
YBL103C	YKR048C
YBL103C	YMR223W
YBL103C	YOL067C
YBL105C	YIL143C
YBL106C	YGR274C
YBL106C	YKL117W
YBR017C	YBR189W
YBR017C	YLR426W
YBR017C	YOR374W
YBR019C	YCL040W
YBR023C	YDR129C
YBR026C	YDR054C
YBR030W	YDR225W
YBR030W	YDR388W
YBR030W	YGL106W
YBR030W	YMR186W
YBR030W	YOR374W
YBR034C	YDR363W-A
YBR034C	YFR004W
YBR034C	YLR315W
YBR041W	YFR015C
YBR044C	YJR010C-A
YBR050C	YDR075W
YBR054W	YDL013W
YBR054W	YDR381W
YBR055C	YER029C
YBR055C	YER112W
YBR055C	YER172C
YBR055C	YGR075C
YBR055C	YPR178W
YBR055C	YPR182W
YBR058C	YBR072W
YBR058C	YBR234C
YBR058C	YCR073W-A
YBR058C	YDL182W
YBR058C	YDL215C
YBR058C	YDR129C
YBR058C	YDR363W-A
YBR058C	YDR388W
YBR058C	YER012W
YBR058C	YER098W
YBR058C	YGL105W
YBR058C	YGL106W
YBR058C	YKR049C
YBR058C	YLR177W
YBR058C	YLR384C
YBR058C	YML072C
YBR058C	YMR028W
YBR058C	YMR304W
YBR058C	YNL317W
YBR058C	YOR261C
YBR058C	YPL183C
YBR058C	YPR042C
YBR058C	YPR127W
YBR059C	YER177W
YBR059C	YOL068C
YBR060C	YDL053C
YBR060C	YDR381W
YBR060C	YLL004W
YBR060C	YLR185W
YBR060C	YML007W
YBR060C	YPL001W
YBR060C	YPR052C
YBR072W	YDL182W
YBR072W	YDR213W
YBR072W	YEL037C
YBR072W	YER159C
YBR072W	YGL227W
YBR072W	YJL047C
YBR072W	YMR240C
YBR072W	YNL041C
YBR072W	YPL239W
YBR072W	YPR056W
YBR084W	YBR169C
YBR084W	YDR535C
YBR084W	YGL207W
YBR084W	YLR033W
YBR084W	YOL138C
YBR087W	YDR171W
YBR087W	YLR223C
YBR094W	YNL041C
YBR094W	YOL149W
YBR097W	YDR388W
YBR101C	YBR115C
YBR101C	YBR119W
YBR101C	YDL215C
YBR101C	YER129W
YBR101C	YLR433C
YBR103W	YHR121W
YBR103W	YJR009C
YBR105C	YGL227W
YBR105C	YIL017C
YBR105C	YIL097W
YBR107C	YBR193C
YBR107C	YDL215C
YBR107C	YDR254W
YBR107C	YLR315W
YBR107C	YPR049C
YBR108W	YCR009C
YBR108W	YDR388W
YBR108W	YPL004C
YBR115C	YCR020W-B
YBR115C	YPL070W
YBR119W	YDL087C
YBR119W	YDL215C
YBR119W	YDR122W
YBR119W	YDR247W
YBR119W	YER029C
YBR119W	YLR270W
YBR119W	YLR298C
YBR119W	YML046W
YBR119W	YPR182W
YBR123C	YJR007W
YBR123C	YNL020C
YBR123C	YPL007C
YBR125C	YBR169C
YBR125C	YKR081C
YBR125C	YLL004W
YBR125C	YPL001W
YBR131W	YER095W
YBR131W	YGL124C
YBR131W	YPR030W
YBR133C	YHR121W
YBR136W	YHR114W
YBR136W	YMR259C
YBR136W	YOR181W
YBR137W	YOL111C
YBR148W	YHR121W
YBR150C	YLR027C
YBR150C	YLR106C
YBR151W	YML028W
YBR151W	YNL126W
YBR152W	YER029C
YBR152W	YGR075C
YBR156C	YJR089W
YBR156C	YNL186W
YBR168W	YER021W
YBR169C	YBR218C
YBR169C	YDR171W
YBR169C	YGL106W
YBR169C	YGR171C
YBR169C	YGR241C
YBR169C	YKL160W
YBR169C	YKR048C
YBR169C	YMR186W
YBR169C	YNL186W
YBR173C	YER012W
YBR173C	YER094C
YBR173C	YFL007W
YBR173C	YGR135W
YBR173C	YGR253C
YBR173C	YKL206C
YBR173C	YKR054C
YBR173C	YML119W
YBR173C	YMR314W
YBR173C	YOL038W
YBR173C	YOR362C
YBR180W	YKL117W
YBR186W	YHR104W
YBR189W	YCR077C
YBR189W	YDL182W
YBR189W	YDL188C
YBR189W	YFR024C-A
YBR189W	YGL167C
YBR189W	YJR010C-A
YBR189W	YLR154C
YBR193C	YDR308C
YBR193C	YER095W
YBR193C	YGL227W
YBR193C	YGR104C
YBR193C	YLR071C
YBR196C	YDR172W
YBR196C	YJR010C-A
YBR196C	YMR186W
YBR196C	YNL250W
YBR212W	YIR037W
YBR218C	YDR171W
YBR218C	YGL062W
YBR218C	YGL106W
YBR218C	YOL088C
YBR221C	YDL239C
YBR225W	YLR310C
YBR228W	YLR028C
YBR229C	YDR221W
YBR229C	YDR388W
YBR229C	YEL034W
YBR229C	YJL034W
YBR229C	YML056C
YBR234C	YDL002C
YBR234C	YDL029W
YBR234C	YEL037C
YBR234C	YGR149W
YBR234C	YHR034C
YBR234C	YIL062C
YBR234C	YJR065C
YBR234C	YKL013C
YBR234C	YLR370C
YBR234C	YMR276W
YBR235W	YDR221W
YBR235W	YER095W
YBR235W	YNR047W
YBR236C	YER095W
YBR239C	YGR104C
YBR245C	YFR004W
YBR245C	YGL048C
YBR245C	YLR095C
YBR245C	YNL041C
YBR245C	YPR052C
YBR257W	YIR015W
YBR258C	YLR015W
YBR258C	YPL138C
YBR275C	YKL005C
YBR275C	YLR382C
YBR275C	YPR144C
YBR279W	YDR381W
YBR279W	YDR388W
YBR279W	YGL207W
YBR279W	YOL034W
YBR279W	YOR040W
YBR279W	YPL009C
YBR283C	YDL095W
YBR289W	YOR290C
YBR289W	YPL016W
YBR296C	YDR054C
YBR296C	YGL105W
YCL010C	YDR145W
YCL010C	YDR392W
YCL010C	YMR223W
YCL010C	YOL148C
YCL014W	YDR243C
YCL014W	YDR288W
YCL014W	YDR388W
YCL014W	YEL023C
YCL014W	YGL227W
YCL014W	YKR048C
YCL014W	YML010W
YCL014W	YMR186W
YCL028W	YMR259C
YCL029C	YDR466W
YCL029C	YER139C
YCL029C	YOL004W
YCL035C	YDR172W
YCL036W	YMR093W
YCL039W	YGL227W
YCL040W	YHR121W
YCL040W	YOR321W
YCL040W	YPL217C
YCL045C	YLR312C
YCL057W	YNL307C
YCL057W	YPR002W
YCL061C	YER021W
YCL063W	YDR499W
YCL064C	YNR016C
YCR009C	YDL095W
YCR009C	YDR243C
YCR009C	YDR381W
YCR009C	YDR388W
YCR009C	YEL037C
YCR009C	YER105C
YCR009C	YER116C
YCR009C	YGL013C
YCR009C	YGL087C
YCR009C	YGL106W
YCR009C	YGL175C
YCR009C	YGL252C
YCR009C	YJL084C
YCR009C	YLR218C
YCR009C	YMR192W
YCR009C	YNL106C
YCR009C	YOL088C
YCR009C	YOL098C
YCR009C	YOR124C
YCR009C	YPL004C
YCR009C	YPL249C
YCR009C	YPR062W
YCR009C	YPR093C
YCR011C	YDL126C
YCR011C	YMR304W
YCR014C	YDL097C
YCR014C	YDR363W-A
YCR014C	YDR427W
YCR014C	YGL157W
YCR014C	YHR200W
YCR014C	YOR261C
YCR020W-B	YGL207W
YCR020W-B	YGR275W
YCR020W-B	YIL033C
YCR020W-B	YLR033W
YCR024C	YDR054C
YCR026C	YDR054C
YCR035C	YDL111C
YCR035C	YDL182W
YCR035C	YDR280W
YCR035C	YGR095C
YCR035C	YKL129C
YCR035C	YOL115W
YCR035C	YOL142W
YCR035C	YOR076C
YCR042C	YDR324C
YCR042C	YKL216W
YCR042C	YNL138W
YCR042C	YPR065W
YCR047C	YGL173C
YCR053W	YML126C
YCR053W	YNL048W
YCR053W	YPL001W
YCR063W	YDL043C
YCR063W	YDR221W
YCR072C	YDR324C
YCR072C	YML093W
YCR072C	YNL186W
YCR073W-A	YER064C
YCR073W-A	YNR034W
YCR077C	YDL160C
YCR077C	YEL034W
YCR077C	YER095W
YCR077C	YER112W
YCR077C	YGL056C
YCR077C	YGL173C
YCR077C	YJL013C
YCR077C	YJR045C
YCR077C	YMR186W
YCR079W	YDR388W
YCR079W	YMR239C
YCR081W	YDR308C
YCR081W	YDR443C
YCR081W	YLR071C
YCR082W	YGL207W
YCR093W	YDR363W-A
YCR093W	YDR427W
YCR093W	YIL075C
YCR093W	YPR110C
YCR095C	YPR007C
YCR102C	YNL134C
YCR105W	YDR221W
YDL002C	YER092W
YDL002C	YJL081C
YDL002C	YLR052W
YDL002C	YPL235W
YDL005C	YDR308C
YDL005C	YGR104C
YDL005C	YLR071C
YDL006W	YJL128C
YDL013W	YDL097C
YDL013W	YER116C
YDL013W	YGR078C
YDL013W	YIL075C
YDL013W	YPR045C
YDL015C	YJR010C-A
YDL019C	YDL053C
YDL019C	YDL148C
YDL019C	YDR129C
YDL019C	YDR381W
YDL019C	YER162C
YDL019C	YGL137W
YDL019C	YGR258C
YDL019C	YJR009C
YDL019C	YJR126C
YDL019C	YKR081C
YDL019C	YOR172W
YDL019C	YPL146C
YDL019C	YPR055W
YDL025C	YDL097C
YDL025C	YMR186W
YDL029W	YEL037C
YDL029W	YJL033W
YDL029W	YJR065C
YDL029W	YLR203C
YDL029W	YLR370C
YDL030W	YDL043C
YDL030W	YDR295C
YDL030W	YDR363W-A
YDL030W	YDR515W
YDL030W	YGR104C
YDL030W	YOR261C
YDL036C	YDL097C
YDL036C	YHR200W
YDL043C	YDL203C
YDL043C	YDR163W
YDL043C	YDR381W
YDL043C	YDR388W
YDL043C	YER029C
YDL043C	YHR165C
YDL043C	YIL105C
YDL043C	YKL095W
YDL043C	YLR117C
YDL043C	YMR240C
YDL043C	YMR288W
YDL043C	YPL151C
YDL043C	YPR052C
YDL045W-A	YJR113C
YDL047W	YKR028W
YDL047W	YLR097C
YDL051W	YKL122C
YDL051W	YMR180C
YDL051W	YPL243W
YDL051W	YPR178W
YDL053C	YDL171C
YDL053C	YDR207C
YDL053C	YDR427W
YDL053C	YGL173C
YDL053C	YGL200C
YDL053C	YGL227W
YDL053C	YGR071C
YDL053C	YHR121W
YDL053C	YOR386W
YDL053C	YPR052C
YDL053C	YPR067W
YDL076C	YIL084C
YDL076C	YJL081C
YDL076C	YOL004W
YDL076C	YPL004C
YDL078C	YHR121W
YDL078C	YKR025W
YDL085W	YKL093W
YDL085W	YKR092C
YDL085W	YLR371W
YDL085W	YOR076C
YDL087C	YGL238W
YDL087C	YLR298C
YDL087C	YML046W
YDL088C	YDR172W
YDL095W	YDL143W
YDL095W	YDR129C
YDL095W	YDR272W
YDL095W	YDR388W
YDL095W	YER120W
YDL095W	YGR080W
YDL095W	YJL041W
YDL095W	YJR009C
YDL095W	YNL138W
YDL095W	YOR093C
YDL095W	YPL004C
YDL097C	YDL215C
YDL097C	YDR108W
YDL097C	YDR301W
YDL097C	YDR363W-A
YDL097C	YDR427W
YDL097C	YER021W
YDL097C	YFR004W
YDL097C	YGL048C
YDL097C	YGL095C
YDL097C	YGL161C
YDL097C	YGR232W
YDL097C	YHR200W
YDL097C	YIL075C
YDL097C	YJL204C
YDL097C	YJR062C
YDL097C	YJR120W
YDL097C	YKL104C
YDL097C	YKL145W
YDL097C	YLR278C
YDL097C	YLR421C
YDL097C	YMR191W
YDL097C	YNL014W
YDL097C	YOR261C
YDL097C	YPL004C
YDL097C	YPL158C
YDL097C	YPL197C
YDL100C	YDR451C
YDL100C	YER162C
YDL100C	YHL022C
YDL100C	YHR121W
YDL100C	YKR031C
YDL110C	YFR015C
YDL111C	YDR280W
YDL111C	YGR095C
YDL111C	YOR076C
YDL115C	YDL140C
YDL115C	YDR288W
YDL115C	YJL140W
YDL115C	YML010W
YDL115C	YPR110C
YDL116W	YPR110C
YDL125C	YDR388W
YDL126C	YDL215C
YDL126C	YDR295C
YDL126C	YDR330W
YDL126C	YER129W
YDL126C	YFL044C
YDL126C	YGL108C
YDL126C	YGR048W
YDL126C	YGR104C
YDL126C	YKL213C
YDL126C	YLR362W
YDL126C	YLR377C
YDL126C	YMR067C
YDL126C	YNL031C
YDL126C	YNL041C
YDL130W-A	YDL181W
YDL132W	YDR054C
YDL132W	YLR197W
YDL138W	YDR172W
YDL139C	YDR172W
YDL140C	YJL140W
YDL140C	YML010W
YDL140C	YPR093C
YDL141W	YMR239C
YDL141W	YOR124C
YDL143W	YDR150W
YDL143W	YKL142W
YDL143W	YOL004W
YDL143W	YPL004C
YDL148C	YDR221W
YDL148C	YDR288W
YDL148C	YER035W
YDL148C	YFR024C-A
YDL148C	YJL070C
YDL148C	YML093W
YDL148C	YMR186W
YDL148C	YPR144C
YDL155W	YEL023C
YDL155W	YNL233W
YDL160C	YER035W
YDL160C	YGR253C
YDL171C	YEL037C
YDL175C	YOL115W
YDL181W	YGL106W
YDL182W	YDR381W
YDL182W	YGR126W
YDL182W	YKR048C
YDL182W	YLL040C
YDL182W	YLR125W
YDL182W	YMR259C
YDL182W	YNL132W
YDL182W	YNL193W
YDL182W	YNL317W
YDL182W	YPL096W
YDL182W	YPR052C
YDL182W	YPR067W
YDL182W	YPR080W
YDL193W	YDR392W
YDL197C	YLR442C
YDL201W	YDR381W
YDL201W	YHL034C
YDL203C	YER012W
YDL206W	YGL207W
YDL215C	YDR054C
YDL215C	YDR171W
YDL215C	YDR254W
YDL215C	YFR015C
YDL215C	YGR104C
YDL215C	YIL156W
YDL215C	YLR082C
YDL215C	YLR258W
YDL215C	YML126C
YDL215C	YMR186W
YDL215C	YMR259C
YDL215C	YMR284W
YDL215C	YMR304W
YDL215C	YNL031C
YDL215C	YOL034W
YDL215C	YOL126C
YDL215C	YOR243C
YDL226C	YDR083W
YDL240W	YDR036C
YDL240W	YGL106W
YDL240W	YPL004C
YDL240W	YPL009C
YDR001C	YDR381W
YDR001C	YER136W
YDR001C	YER177W
YDR001C	YGL173C
YDR001C	YMR186W
YDR004W	YGL207W
YDR005C	YKR025W
YDR022C	YPL166W
YDR026C	YJL148W
YDR026C	YNL045W
YDR026C	YPL174C
YDR027C	YDR484W
YDR028C	YDR477W
YDR028C	YER177W
YDR028C	YNL009W
YDR028C	YNR034W
YDR028C	YOL038W
YDR028C	YOR124C
YDR036C	YDR484W
YDR036C	YJL128C
YDR045C	YJL011C
YDR054C	YDR139C
YDR054C	YDR222W
YDR054C	YDR223W
YDR054C	YDR306C
YDR054C	YDR328C
YDR054C	YDR452W
YDR054C	YER053C
YDR054C	YFL029C
YDR054C	YGL173C
YDR054C	YGL201C
YDR054C	YGL252C
YDR054C	YGR275W
YDR054C	YIL066C
YDR054C	YJL047C
YDR054C	YJL068C
YDR054C	YJR009C
YDR054C	YJR107W
YDR054C	YJR126C
YDR054C	YLL050C
YDR054C	YML014W
YDR054C	YMR140W
YDR054C	YMR314W
YDR054C	YNL026W
YDR054C	YOL133W
YDR054C	YOR003W
YDR054C	YOR138C
YDR054C	YOR279C
YDR054C	YOR320C
YDR054C	YOR330C
YDR054C	YOR355W
YDR054C	YPR001W
YDR054C	YPR036W
YDR074W	YKR056W
YDR074W	YLL043W
YDR074W	YML100W
YDR074W	YMR261C
YDR075W	YDR225W
YDR075W	YML010W
YDR092W	YDR156W
YDR092W	YGL087C
YDR092W	YMR140W
YDR103W	YEL023C
YDR104C	YER098W
YDR107C	YGR104C
YDR108W	YDR363W-A
YDR108W	YDR427W
YDR108W	YGL207W
YDR108W	YHR200W
YDR108W	YOR261C
YDR110W	YDR381W
YDR118W	YKL022C
YDR118W	YLR102C
YDR128W	YOR093C
YDR129C	YDR388W
YDR129C	YEL037C
YDR129C	YER105C
YDR129C	YFR015C
YDR129C	YFR024C-A
YDR129C	YJL093C
YDR129C	YLR052W
YDR129C	YLR203C
YDR129C	YLR310C
YDR129C	YLR433C
YDR129C	YML093W
YDR129C	YMR104C
YDR129C	YOL098C
YDR137W	YNL044W
YDR137W	YNL307C
YDR137W	YPR080W
YDR139C	YOR100C
YDR142C	YJR012C
YDR145W	YDR392W
YDR145W	YGL066W
YDR145W	YGR130C
YDR145W	YGR274C
YDR145W	YMR223W
YDR145W	YOL148C
YDR150W	YGR135W
YDR150W	YGR162W
YDR150W	YOL038W
YDR150W	YOR014W
YDR156W	YJL148W
YDR156W	YNL186W
YDR156W	YOR341W
YDR156W	YPR049C
YDR156W	YPR110C
YDR157W	YKR049C
YDR162C	YJL128C
YDR166C	YGR037C
YDR166C	YLR027C
YDR169C	YER090W
YDR169C	YMR186W
YDR169C	YPR080W
YDR171W	YER053C
YDR171W	YER095W
YDR171W	YGL106W
YDR171W	YMR104C
YDR171W	YNL031C
YDR171W	YNL085W
YDR171W	YNL134C
YDR171W	YOR086C
YDR171W	YPR144C
YDR172W	YDR288W
YDR172W	YDR335W
YDR172W	YDR406W
YDR172W	YEL037C
YDR172W	YGL006W
YDR172W	YGR197C
YDR172W	YGR243W
YDR172W	YGR274C
YDR172W	YHR165C
YDR172W	YJL115W
YDR172W	YJL141C
YDR172W	YJR162C
YDR172W	YKR054C
YDR172W	YKR084C
YDR172W	YLR109W
YDR172W	YLR223C
YDR172W	YLR374C
YDR172W	YMR186W
YDR172W	YMR191W
YDR172W	YNL098C
YDR172W	YNL233W
YDR172W	YNR016C
YDR172W	YOL011W
YDR172W	YOR003W
YDR172W	YOR171C
YDR172W	YPL191C
YDR172W	YPR067W
YDR173C	YDR225W
YDR189W	YIL107C
YDR191W	YPL001W
YDR192C	YGL078C
YDR199W	YPR188C
YDR204W	YMR304W
YDR207C	YDR381W
YDR207C	YGL207W
YDR207C	YGR275W
YDR207C	YIL084C
YDR207C	YKR048C
YDR219C	YHR121W
YDR219C	YJR009C
YDR221W	YDR388W
YDR224C	YER105C
YDR224C	YGL207W
YDR224C	YGR275W
YDR224C	YKR048C
YDR224C	YLR133W
YDR224C	YMR284W
YDR224C	YOR191W
YDR225W	YGL207W
YDR225W	YKR048C
YDR225W	YLR106C
YDR225W	YLR384C
YDR227W	YGL087C
YDR227W	YIL075C
YDR227W	YLR278C
YDR227W	YLR442C
YDR227W	YNL186W
YDR229W	YEL037C
YDR229W	YGL124C
YDR229W	YMR304W
YDR238C	YGL137W
YDR238C	YOL149W
YDR238C	YPL010W
YDR243C	YDR388W
YDR254W	YER012W
YDR254W	YGR111W
YDR254W	YLR315W
YDR255C	YGL227W
YDR255C	YIL097W
YDR258C	YGL161C
YDR258C	YGL227W
YDR262W	YPL004C
YDR263C	YMR291W
YDR266C	YMR165C
YDR272W	YER062C
YDR272W	YJR104C
YDR272W	YML028W
YDR272W	YMR186W
YDR272W	YOR081C
YDR275W	YER021W
YDR280W	YGR095C
YDR280W	YHR081W
YDR280W	YJR125C
YDR280W	YOL142W
YDR280W	YOR076C
YDR280W	YPR189W
YDR288W	YDR388W
YDR288W	YEL019C
YDR288W	YGR237C
YDR288W	YLR314C
YDR288W	YOL034W
YDR288W	YOR352W
YDR288W	YPL004C
YDR288W	YPL146C
YDR295C	YER030W
YDR295C	YLR241W
YDR295C	YNL031C
YDR295C	YNL082W
YDR295C	YOR138C
YDR295C	YPR179C
YDR299W	YER127W
YDR299W	YJL033W
YDR299W	YNL132W
YDR299W	YOL068C
YDR301W	YFR015C
YDR301W	YKL059C
YDR301W	YLR106C
YDR301W	YLR115W
YDR301W	YNL317W
YDR301W	YOR093C
YDR301W	YPR107C
YDR306C	YJL047C
YDR308C	YDR443C
YDR308C	YER095W
YDR308C	YGR104C
YDR308C	YLR071C
YDR312W	YHR066W
YDR320C	YEL037C
YDR320C	YGR078C
YDR320C	YIL075C
YDR320C	YNL031C
YDR320C	YPR045C
YDR324C	YGR162W
YDR324C	YMR093W
YDR324C	YPR144C
YDR328C	YIL071C
YDR328C	YJR033C
YDR328C	YOL117W
YDR330W	YGR048W
YDR335W	YGR103W
YDR335W	YHR121W
YDR342C	YGL167C
YDR346C	YDR381W
YDR346C	YKL104C
YDR346C	YMR140W
YDR346C	YPR052C
YDR354W	YER065C
YDR357C	YKL061W
YDR363W-A	YDR427W
YDR363W-A	YEL037C
YDR363W-A	YER021W
YDR363W-A	YFR004W
YDR363W-A	YGL048C
YDR363W-A	YGR232W
YDR363W-A	YHR200W
YDR363W-A	YIL075C
YDR363W-A	YJR009C
YDR363W-A	YKL145W
YDR363W-A	YLR421C
YDR363W-A	YMR191W
YDR363W-A	YOR261C
YDR363W-A	YPR045C
YDR369C	YNL084C
YDR369C	YNL250W
YDR374C	YIL051C
YDR381W	YDR515W
YDR381W	YER035W
YDR381W	YER073W
YDR381W	YER112W
YDR381W	YER164W
YDR381W	YFR024C-A
YDR381W	YGL166W
YDR381W	YGL173C
YDR381W	YGL200C
YDR381W	YGL227W
YDR381W	YGL252C
YDR381W	YGR162W
YDR381W	YHL034C
YDR381W	YHR066W
YDR381W	YJL033W
YDR381W	YJL128C
YDR381W	YJR007W
YDR381W	YKL104C
YDR381W	YKR048C
YDR381W	YKR092C
YDR381W	YLR022C
YDR381W	YLR085C
YDR381W	YLR442C
YDR381W	YML010W
YDR381W	YMR014W
YDR381W	YMR049C
YDR381W	YMR239C
YDR381W	YMR240C
YDR381W	YNL049C
YDR381W	YNL051W
YDR381W	YNL293W
YDR381W	YNL317W
YDR381W	YNR051C
YDR381W	YOL004W
YDR381W	YOL115W
YDR381W	YOR048C
YDR381W	YOR253W
YDR381W	YPL001W
YDR381W	YPL004C
YDR381W	YPL217C
YDR381W	YPR045C
YDR381W	YPR107C
YDR388W	YEL037C
YDR388W	YER030W
YDR388W	YER116C
YDR388W	YER129W
YDR388W	YFL034W
YDR388W	YFR024C-A
YDR388W	YGL087C
YDR388W	YGL106W
YDR388W	YGL175C
YDR388W	YGL206C
YDR388W	YGL207W
YDR388W	YGL252C
YDR388W	YHL008C
YDR388W	YHL032C
YDR388W	YHR131C
YDR388W	YIL033C
YDR388W	YIL063C
YDR388W	YIL156W
YDR388W	YJL033W
YDR388W	YJL084C
YDR388W	YJL093C
YDR388W	YJR122W
YDR388W	YKL022C
YDR388W	YKL124W
YDR388W	YKL127W
YDR388W	YKL129C
YDR388W	YKL211C
YDR388W	YKR027W
YDR388W	YKR036C
YDR388W	YKR086W
YDR388W	YLR015W
YDR388W	YLR189C
YDR388W	YLR218C
YDR388W	YLR262C
YDR388W	YLR288C
YDR388W	YLR319C
YDR388W	YML010W
YDR388W	YML016C
YDR388W	YMR092C
YDR388W	YMR093W
YDR388W	YMR186W
YDR388W	YMR192W
YDR388W	YMR240C
YDR388W	YMR304W
YDR388W	YNL045W
YDR388W	YNL082W
YDR388W	YNL103W
YDR388W	YNL224C
YDR388W	YOL098C
YDR388W	YOL109W
YDR388W	YOR124C
YDR388W	YOR138C
YDR388W	YOR172W
YDR388W	YOR181W
YDR388W	YPL064C
YDR388W	YPL249C
YDR388W	YPR093C
YDR388W	YPR171W
YDR392W	YMR223W
YDR392W	YOL148C
YDR392W	YPL001W
YDR409W	YGR126W
YDR422C	YDR477W
YDR422C	YEL023C
YDR422C	YER129W
YDR422C	YER162C
YDR422C	YLR408C
YDR422C	YPL006W
YDR425W	YJL036W
YDR425W	YLR082C
YDR427W	YEL037C
YDR427W	YER021W
YDR427W	YFR004W
YDR427W	YGL048C
YDR427W	YGR104C
YDR427W	YGR232W
YDR427W	YHR170W
YDR427W	YHR200W
YDR427W	YIL075C
YDR427W	YJR149W
YDR427W	YKL145W
YDR427W	YLR421C
YDR427W	YMR191W
YDR427W	YOR261C
YDR427W	YPL004C
YDR427W	YPR021C
YDR436W	YML016C
YDR443C	YHR067W
YDR443C	YLR071C
YDR451C	YKR018C
YDR452W	YGL252C
YDR452W	YHR161C
YDR452W	YKR092C
YDR457W	YGL106W
YDR457W	YMR186W
YDR457W	YMR304W
YDR477W	YER129W
YDR477W	YER162C
YDR477W	YGL208W
YDR477W	YPL048W
YDR481C	YFR044C
YDR510W	YEL034W
YDR510W	YER120W
YDR510W	YGL055W
YDR510W	YHR067W
YDR510W	YKL157W
YDR510W	YLR064W
YDR510W	YMR186W
YDR510W	YMR247C
YDR510W	YOR181W
YDR510W	YOR355W
YDR515W	YJR070C
YDR515W	YLL036C
YDR515W	YML046W
YDR515W	YPR178W
YDR515W	YPR188C
YDR519W	YOL088C
YDR519W	YOR261C
YDR538W	YMR304W
YEL013W	YNL168C
YEL019C	YOL034W
YEL023C	YJR009C
YEL023C	YKL216W
YEL023C	YMR186W
YEL023C	YOR362C
YEL034W	YER172C
YEL034W	YJL128C
YEL034W	YJR047C
YEL034W	YKL047W
YEL034W	YML056C
YEL034W	YNL041C
YEL034W	YNL085W
YEL034W	YNL250W
YEL034W	YNL293W
YEL034W	YNR051C
YEL034W	YOL059W
YEL034W	YOR261C
YEL034W	YPL001W
YEL034W	YPR173C
YEL037C	YER048C
YEL037C	YER095W
YEL037C	YER162C
YEL037C	YFR004W
YEL037C	YGL106W
YEL037C	YGR080W
YEL037C	YHR121W
YEL037C	YHR200W
YEL037C	YIL075C
YEL037C	YJR065C
YEL037C	YKL145W
YEL037C	YLL050C
YEL037C	YNL138W
YEL037C	YNR031C
YEL037C	YOR261C
YEL037C	YPL096W
YEL037C	YPR171W
YEL044W	YER092W
YEL044W	YJL081C
YEL044W	YLR052W
YEL044W	YPL235W
YEL056W	YER161C
YEL056W	YGR104C
YEL056W	YLL004W
YEL056W	YML028W
YEL056W	YNL031C
YEL056W	YOR386W
YEL056W	YPL001W
YEL056W	YPR014C
YEL057C	YER021W
YEL058W	YOR124C
YEL060C	YNL106C
YEL060C	YNL186W
YEL060C	YOR168W
YER004W	YOR249C
YER012W	YER094C
YER012W	YGR135W
YER012W	YGR253C
YER012W	YJL132W
YER012W	YJL148W
YER012W	YKL206C
YER012W	YLL032C
YER012W	YMR067C
YER012W	YMR314W
YER012W	YOL038W
YER012W	YOR362C
YER021W	YFR004W
YER021W	YGL048C
YER021W	YGL095C
YER021W	YGR232W
YER021W	YHR170W
YER021W	YHR200W
YER021W	YIL075C
YER021W	YJL084C
YER021W	YJL165C
YER021W	YJR009C
YER021W	YKL100C
YER021W	YKL132C
YER021W	YKL145W
YER021W	YKR101W
YER021W	YLR181C
YER021W	YNL004W
YER021W	YNL049C
YER021W	YOL018C
YER021W	YOR128C
YER021W	YOR261C
YER021W	YPL002C
YER021W	YPL035C
YER029C	YHR165C
YER029C	YLR298C
YER029C	YMR240C
YER029C	YNL092W
YER029C	YPR178W
YER029C	YPR182W
YER030W	YIL017C
YER030W	YIL097W
YER030W	YJR007W
YER030W	YJR060W
YER030W	YMR186W
YER030W	YNL186W
YER035W	YHL034C
YER035W	YJL033W
YER035W	YMR290C
YER035W	YNL132W
YER040W	YNL103W
YER040W	YNL229C
YER048C	YKL211C
YER048C	YPL260W
YER053C	YNL186W
YER062C	YER162C
YER062C	YGL090W
YER062C	YJL033W
YER062C	YKL069W
YER062C	YKR084C
YER062C	YMR192W
YER062C	YPL247C
YER062C	YPR073C
YER064C	YGL039W
YER064C	YGR196C
YER064C	YJL070C
YER064C	YKL157W
YER064C	YKR036C
YER064C	YLR370C
YER064C	YMR068W
YER065C	YLR270W
YER067W	YGR228W
YER069W	YHR121W
YER090W	YKL211C
YER092W	YJL081C
YER092W	YLR052W
YER092W	YPL235W
YER094C	YGR135W
YER094C	YOL038W
YER095W	YGL106W
YER095W	YJR009C
YER095W	YKR081C
YER095W	YML032C
YER095W	YML109W
YER095W	YMR105C
YER095W	YNL065W
YER098W	YOL087C
YER105C	YIL071C
YER105C	YOL117W
YER105C	YPL004C
YER111C	YLR182W
YER112W	YGL173C
YER112W	YPR178W
YER115C	YGL207W
YER129W	YKR048C
YER136W	YLR262C
YER136W	YOR089C
YER143W	YGR095C
YER144C	YHR073W
YER144C	YKL149C
YER147C	YHR121W
YER147C	YJL074C
YER162C	YGL167C
YER162C	YGR126W
YER162C	YHR165C
YER162C	YIL063C
YER162C	YJL011C
YER162C	YJR010C-A
YER162C	YKL005C
YER162C	YKR081C
YER162C	YLR197W
YER162C	YLR401C
YER162C	YMR290C
YER162C	YNL250W
YER162C	YOR181W
YER162C	YPR110C
YER164W	YGL207W
YER164W	YKR081C
YER164W	YLR197W
YER164W	YNL004W
YER164W	YOR039W
YER164W	YPL001W
YER166W	YKL129C
YER166W	YOL115W
YER172C	YFL029C
YER172C	YHL019C
YER172C	YHR140W
YER172C	YHR165C
YER172C	YNR051C
YER172C	YOR168W
YER172C	YPR178W
YER172C	YPR182W
YER177W	YFR017C
YER177W	YGL181W
YER177W	YGR097W
YER177W	YHR121W
YER177W	YIR003W
YER177W	YNR047W
YFL001W	YPL127C
YFL001W	YPR052C
YFL007W	YFR024C-A
YFL009W	YPR110C
YFL017C	YGR135W
YFL017C	YOL038W
YFL026W	YGR037C
YFL034W	YNL138W
YFL034W	YPR029C
YFL042C	YML070W
YFL054C	YKL142W
YFL054C	YML006C
YFR004W	YGL048C
YFR004W	YGR232W
YFR004W	YHR170W
YFR004W	YHR200W
YFR004W	YIL075C
YFR004W	YKL145W
YFR004W	YMR191W
YFR004W	YOR261C
YFR004W	YPL004C
YFR014C	YOL016C
YFR015C	YGL200C
YFR015C	YJL137C
YFR015C	YKR058W
YFR015C	YLL003W
YFR015C	YLR258W
YFR015C	YML042W
YFR015C	YML117W
YFR015C	YNL199C
YFR015C	YOL011W
YFR015C	YOR279C
YFR024C-A	YGL137W
YFR024C-A	YGL207W
YFR024C-A	YGR103W
YFR024C-A	YJL148W
YFR024C-A	YKL104C
YFR024C-A	YMR180C
YFR024C-A	YMR259C
YFR024C-A	YNR016C
YFR024C-A	YOL148C
YFR024C-A	YOR042W
YFR029W	YMR049C
YFR044C	YGR235C
YFR044C	YHR117W
YGL004C	YGL048C
YGL005C	YML071C
YGL005C	YNL041C
YGL005C	YNL051W
YGL006W	YHR104W
YGL009C	YGR171C
YGL013C	YMR297W
YGL013C	YNL045W
YGL037C	YNL186W
YGL039W	YGL157W
YGL039W	YMR092C
YGL045W	YMR312W
YGL045W	YOR253W
YGL048C	YGL141W
YGL048C	YGR232W
YGL048C	YGR271W
YGL048C	YHR004C
YGL048C	YHR135C
YGL048C	YHR170W
YGL048C	YHR200W
YGL048C	YIL075C
YGL048C	YJL008C
YGL048C	YKL145W
YGL048C	YLR421C
YGL048C	YMR191W
YGL048C	YOR261C
YGL048C	YPL004C
YGL048C	YPL147W
YGL055W	YGL207W
YGL055W	YJR010C-A
YGL056C	YMR304W
YGL066W	YLL026W
YGL066W	YMR186W
YGL066W	YMR223W
YGL066W	YOL148C
YGL073W	YJL194W
YGL073W	YLR419W
YGL073W	YNL045W
YGL078C	YGL207W
YGL078C	YLR197W
YGL078C	YMR114C
YGL079W	YKL061W
YGL079W	YLR408C
YGL081W	YIL156W
YGL086W	YJL030W
YGL086W	YNR060W
YGL087C	YMR140W
YGL087C	YMR323W
YGL087C	YPR029C
YGL105W	YHR131C
YGL105W	YLR138W
YGL105W	YLR247C
YGL105W	YOR017W
YGL106W	YGR130C
YGL106W	YHR121W
YGL106W	YJL033W
YGL106W	YJL093C
YGL106W	YKL124W
YGL106W	YKL160W
YGL106W	YKR086W
YGL106W	YLR203C
YGL106W	YLR288C
YGL106W	YLR319C
YGL106W	YLR356W
YGL106W	YML071C
YGL106W	YMR180C
YGL106W	YMR288W
YGL106W	YMR304W
YGL106W	YNL031C
YGL106W	YNL123W
YGL106W	YOL068C
YGL106W	YOL098C
YGL106W	YOR035C
YGL106W	YOR138C
YGL106W	YOR249C
YGL106W	YPL004C
YGL106W	YPR171W
YGL106W	YPR188C
YGL108C	YGL207W
YGL116W	YML056C
YGL116W	YMR268C
YGL116W	YPL004C
YGL124C	YML007W
YGL129C	YJR113C
YGL129C	YNL137C
YGL131C	YLR319C
YGL131C	YPL004C
YGL134W	YLR218C
YGL137W	YLL010C
YGL137W	YLR260W
YGL137W	YLR315W
YGL137W	YPL010W
YGL140C	YKL117W
YGL141W	YNL186W
YGL157W	YMR034C
YGL167C	YIL146C
YGL173C	YGL207W
YGL173C	YHL034C
YGL173C	YKL187C
YGL173C	YKL216W
YGL173C	YNL137C
YGL173C	YNL186W
YGL173C	YPL004C
YGL173C	YPL147W
YGL173C	YPR110C
YGL201C	YJR014W
YGL206C	YML010W
YGL207W	YGL252C
YGL207W	YGR097W
YGL207W	YGR244C
YGL207W	YHL027W
YGL207W	YHR035W
YGL207W	YJL099W
YGL207W	YJR089W
YGL207W	YKR048C
YGL207W	YLR033W
YGL207W	YLR399C
YGL207W	YMR049C
YGL207W	YMR140W
YGL207W	YNL031C
YGL207W	YOL061W
YGL207W	YOL088C
YGL207W	YOR003W
YGL207W	YOR039W
YGL207W	YOR101W
YGL207W	YOR128C
YGL207W	YPR115W
YGL227W	YGR126W
YGL227W	YIL017C
YGL227W	YIL097W
YGL227W	YOL047C
YGL237C	YMR312W
YGL238W	YLR258W
YGL242C	YGR097W
YGL242C	YKL129C
YGL252C	YLR085C
YGL252C	YNL031C
YGL252C	YNL076W
YGL252C	YNL208W
YGL252C	YOL088C
YGL252C	YPL004C
YGR031W	YIL107C
YGR031W	YJR089W
YGR033C	YLR218C
YGR037C	YLL019C
YGR052W	YMR284W
YGR067C	YGR103W
YGR067C	YGR135W
YGR070W	YLR371W
YGR071C	YHR121W
YGR071C	YJR070C
YGR071C	YPL031C
YGR075C	YMR004W
YGR078C	YJL041W
YGR078C	YLR258W
YGR080W	YLR203C
YGR092W	YIL106W
YGR095C	YHR139C
YGR095C	YIL030C
YGR095C	YOL142W
YGR095C	YOR076C
YGR097W	YGR135W
YGR097W	YKR018C
YGR097W	YMR304W
YGR103W	YJL089W
YGR103W	YKR048C
YGR103W	YKR081C
YGR103W	YMR049C
YGR103W	YMR290C
YGR103W	YNL041C
YGR103W	YNR031C
YGR103W	YOR272W
YGR103W	YOR355W
YGR104C	YGR193C
YGR104C	YLL026W
YGR104C	YLR071C
YGR104C	YLR258W
YGR104C	YLR396C
YGR104C	YMR080C
YGR104C	YMR104C
YGR104C	YNL084C
YGR104C	YNL168C
YGR104C	YOR355W
YGR104C	YPL158C
YGR115C	YKR018C
YGR126W	YNL293W
YGR126W	YOR138C
YGR126W	YOR386W
YGR126W	YPL064C
YGR126W	YPR093C
YGR130C	YOL068C
YGR133W	YLL004W
YGR135W	YGR253C
YGR135W	YIL105C
YGR135W	YKL206C
YGR135W	YKR070W
YGR135W	YKR095W
YGR135W	YMR314W
YGR135W	YOL038W
YGR135W	YOL146W
YGR135W	YOR362C
YGR135W	YPL016W
YGR136W	YKL117W
YGR137W	YMR049C
YGR142W	YMR144W
YGR155W	YHR007C
YGR155W	YML076C
YGR155W	YMR323W
YGR155W	YOR124C
YGR155W	YPR080W
YGR162W	YJR033C
YGR162W	YOR276W
YGR196C	YOL126C
YGR232W	YIL075C
YGR232W	YKL145W
YGR232W	YOR261C
YGR237C	YHR121W
YGR237C	YKR081C
YGR237C	YML056C
YGR244C	YJR122W
YGR244C	YOR142W
YGR253C	YKL206C
YGR253C	YMR314W
YGR253C	YNL168C
YGR253C	YOL038W
YGR253C	YOR148C
YGR253C	YOR362C
YGR274C	YHR121W
YGR274C	YIL057C
YGR274C	YMR312W
YGR274C	YOL148C
YGR275W	YLR033W
YGR275W	YOR290C
YGR275W	YPL016W
YGR284C	YOL038W
YHL008C	YHR121W
YHL019C	YPR029C
YHL025W	YNR023W
YHL025W	YOR290C
YHL025W	YPL016W
YHL027W	YIL107C
YHL027W	YJR010C-A
YHL027W	YNL031C
YHL027W	YNR051C
YHL027W	YPL004C
YHL032C	YPL004C
YHL034C	YJL033W
YHL034C	YKL160W
YHL034C	YMR014W
YHL034C	YMR070W
YHL034C	YMR140W
YHL034C	YMR290C
YHL034C	YNR051C
YHL034C	YOR243C
YHL035C	YJR104C
YHL038C	YLR354C
YHR034C	YMR186W
YHR066W	YHR121W
YHR066W	YKR081C
YHR066W	YMR239C
YHR066W	YMR290C
YHR081W	YML014W
YHR081W	YNL048W
YHR081W	YOL142W
YHR082C	YIL156W
YHR082C	YLR022C
YHR103W	YLL004W
YHR114W	YOR181W
YHR121W	YIL017C
YHR121W	YJL033W
YHR121W	YJL051W
YHR121W	YJL093C
YHR121W	YJR134C
YHR121W	YKR092C
YHR121W	YLL032C
YHR121W	YLR052W
YHR121W	YLR189C
YHR121W	YLR203C
YHR121W	YLR408C
YHR121W	YML032C
YHR121W	YMR093W
YHR121W	YMR140W
YHR121W	YMR223W
YHR121W	YMR240C
YHR121W	YNL110C
YHR121W	YNL225C
YHR121W	YNL293W
YHR121W	YOL133W
YHR121W	YOR064C
YHR121W	YOR138C
YHR121W	YPR007C
YHR121W	YPR137W
YHR121W	YPR173C
YHR137W	YLR278C
YHR158C	YMR240C
YHR158C	YPR179C
YHR160C	YMR180C
YHR161C	YLR106C
YHR165C	YPR182W
YHR170W	YKL145W
YHR170W	YOR261C
YHR197W	YNL182C
YHR200W	YIL075C
YHR200W	YKL145W
YHR200W	YLR421C
YHR200W	YMR191W
YHR200W	YOR261C
YHR200W	YOR328W
YHR200W	YPL004C
YIL017C	YIL097W
YIL033C	YPL048W
YIL051C	YKL142W
YIL051C	YKR048C
YIL062C	YJL033W
YIL062C	YJR065C
YIL062C	YPR093C
YIL063C	YKR048C
YIL063C	YNL041C
YIL063C	YNL084C
YIL071C	YNL004W
YIL071C	YNL265C
YIL071C	YOL088C
YIL071C	YOL117W
YIL071C	YPR080W
YIL072W	YMR165C
YIL075C	YKL145W
YIL075C	YLR258W
YIL075C	YLR421C
YIL075C	YMR191W
YIL075C	YOR261C
YIL075C	YPL004C
YIL084C	YOL004W
YIL088C	YPL183C
YIL104C	YML056C
YIL104C	YML093W
YIL105C	YJL093C
YIL105C	YLR258W
YIL105C	YOL038W
YIL105C	YPL208W
YIL115C	YJL041W
YIL143C	YLR258W
YIL156W	YIR003W
YIL156W	YMR272C
YIL156W	YNL239W
YIL156W	YNL297C
YIL156W	YNR016C
YIL156W	YOR124C
YIL156W	YPR025C
YIL166C	YMR304W
YIR003W	YKL007W
YIR007W	YLL026W
YIR007W	YLR027C
YIR007W	YMR186W
YIR007W	YPR080W
YIR037W	YPL001W
YJL005W	YLR258W
YJL005W	YNL138W
YJL008C	YJL033W
YJL011C	YKR025W
YJL011C	YLL026W
YJL011C	YPR110C
YJL033W	YKR025W
YJL033W	YKR081C
YJL033W	YLR197W
YJL033W	YLR314C
YJL033W	YLR388W
YJL033W	YLR442C
YJL033W	YML028W
YJL033W	YMR014W
YJL033W	YMR290C
YJL033W	YNL132W
YJL033W	YNR039C
YJL033W	YOR193W
YJL033W	YOR328W
YJL033W	YPL004C
YJL034W	YJR104C
YJL034W	YKL117W
YJL034W	YMR239C
YJL034W	YOR081C
YJL047C	YJR009C
YJL047C	YJR045C
YJL047C	YKL117W
YJL047C	YPR052C
YJL053W	YOR132W
YJL070C	YMR131C
YJL070C	YNR016C
YJL074C	YMR304W
YJL081C	YLR052W
YJL081C	YLR399C
YJL081C	YOR281C
YJL081C	YPL235W
YJL082W	YMR029C
YJL084C	YJL197W
YJL084C	YOR191W
YJL093C	YMR035W
YJL093C	YMR104C
YJL093C	YNL106C
YJL093C	YNL208W
YJL093C	YPR171W
YJL099W	YNR016C
YJL115W	YJR033C
YJL115W	YJR104C
YJL115W	YNL031C
YJL115W	YPL153C
YJL115W	YPL259C
YJL128C	YJR009C
YJL128C	YKR048C
YJL132W	YLR258W
YJL137C	YLR258W
YJL140W	YML010W
YJL148W	YOR341W
YJL148W	YPR110C
YJL162C	YLR197W
YJL197W	YOL159C
YJL217W	YPR118W
YJR004C	YPL141C
YJR007W	YMR093W
YJR007W	YPR086W
YJR009C	YKL129C
YJR009C	YLR027C
YJR009C	YMR186W
YJR009C	YMR259C
YJR009C	YNL045W
YJR009C	YNL250W
YJR009C	YOR172W
YJR009C	YPL003W
YJR009C	YPL069C
YJR010C-A	YLR185W
YJR010C-A	YML072C
YJR010C-A	YMR312W
YJR010C-A	YOR086C
YJR010C-A	YOR193W
YJR014W	YLR266C
YJR036C	YNL307C
YJR045C	YLR203C
YJR045C	YOR081C
YJR045C	YOR347C
YJR046W	YNL186W
YJR059W	YMR049C
YJR065C	YKL013C
YJR065C	YLR203C
YJR065C	YLR370C
YJR065C	YMR028W
YJR067C	YNL260C
YJR070C	YPL153C
YJR102C	YPL002C
YJR103W	YKL117W
YJR103W	YMR049C
YJR104C	YKL029C
YJR104C	YKL117W
YJR104C	YKR003W
YJR104C	YLR086W
YJR104C	YPL201C
YJR109C	YNL138W
YJR109C	YOL038W
YJR113C	YNL306W
YJR132W	YLR438W
YJR132W	YMR110C
YJR132W	YOR341W
YJR132W	YPR110C
YJR154W	YPL001W
YKL007W	YPR093C
YKL013C	YLR370C
YKL015W	YLL010C
YKL015W	YOL109W
YKL017C	YLR399C
YKL029C	YNL045W
YKL057C	YPL001W
YKL058W	YNL306W
YKL058W	YOR093C
YKL058W	YOR194C
YKL059C	YLR115W
YKL059C	YNL317W
YKL059C	YPR107C
YKL061W	YLR362W
YKL061W	YLR408C
YKL078W	YLR258W
YKL078W	YNL186W
YKL093W	YLR273C
YKL100C	YMR170C
YKL104C	YKR081C
YKL104C	YMR213W
YKL104C	YNL229C
YKL104C	YOL109W
YKL104C	YOR362C
YKL116C	YOR078W
YKL117W	YMR092C
YKL122C	YKL129C
YKL122C	YPL210C
YKL122C	YPL243W
YKL127W	YMR066W
YKL127W	YMR105C
YKL142W	YNL041C
YKL142W	YNL138W
YKL142W	YNR051C
YKL142W	YOL109W
YKL142W	YOR128C
YKL142W	YPL004C
YKL142W	YPR008W
YKL143W	YPL239W
YKL145W	YML071C
YKL145W	YOR261C
YKL145W	YPL004C
YKL149C	YNR016C
YKL149C	YPL001W
YKL157W	YLL004W
YKL160W	YKR048C
YKL160W	YLR219W
YKL160W	YPL146C
YKL167C	YML025C
YKL182W	YPL231W
YKL190W	YLR433C
YKL190W	YML057W
YKL197C	YNL186W
YKL201C	YKR081C
YKL206C	YMR314W
YKL206C	YOL038W
YKL211C	YMR297W
YKL211C	YOR064C
YKL213C	YLR362W
YKL213C	YML117W
YKR025W	YPR110C
YKR027W	YNL186W
YKR046C	YNL317W
YKR048C	YKR092C
YKR048C	YML070W
YKR048C	YMR110C
YKR048C	YMR139W
YKR048C	YNL078W
YKR048C	YOR035C
YKR048C	YOR081C
YKR048C	YOR177C
YKR048C	YPL220W
YKR056W	YNL225C
YKR058W	YLR258W
YKR058W	YPL170W
YKR081C	YLR022C
YKR081C	YMR140W
YKR081C	YNL110C
YKR081C	YNL186W
YKR081C	YPL009C
YKR081C	YPR045C
YKR092C	YLR197W
YKR092C	YML093W
YKR092C	YMR093W
YKR092C	YNL049C
YLL001W	YOR014W
YLL004W	YPL001W
YLL010C	YLR019W
YLL010C	YOR043W
YLL019C	YLR052W
YLL026W	YLR072W
YLL026W	YLR262C
YLL026W	YMR186W
YLL026W	YNL041C
YLL026W	YOL109W
YLL026W	YPR062W
YLL026W	YPR173C
YLL033W	YPR107C
YLL036C	YLR117C
YLL036C	YMR213W
YLL036C	YPL151C
YLL036C	YPR134W
YLL040C	YOR261C
YLL048C	YPL016W
YLL050C	YLR203C
YLL050C	YNL138W
YLL050C	YPR073C
YLR015W	YLR219W
YLR015W	YNR045W
YLR015W	YPL004C
YLR015W	YPL138C
YLR019W	YOR043W
YLR022C	YLR185W
YLR022C	YLR197W
YLR022C	YPL009C
YLR022C	YPL146C
YLR027C	YMR186W
YLR027C	YMR323W
YLR027C	YNL172W
YLR028C	YNR034W
YLR034C	YPL217C
YLR052W	YPL235W
YLR071C	YNL025C
YLR072W	YNL031C
YLR094C	YMR014W
YLR106C	YMR131C
YLR106C	YPL016W
YLR109W	YOL059W
YLR109W	YPL001W
YLR114C	YMR049C
YLR114C	YOL068C
YLR115W	YMR165C
YLR115W	YMR186W
YLR115W	YNL317W
YLR115W	YPR107C
YLR117C	YMR213W
YLR117C	YOR279C
YLR117C	YPL151C
YLR117C	YPR029C
YLR119W	YOR253W
YLR119W	YPL065W
YLR131C	YNL254C
YLR152C	YLR258W
YLR178C	YMR257C
YLR178C	YMR297W
YLR178C	YNL009W
YLR185W	YPL001W
YLR189C	YOR124C
YLR190W	YPL031C
YLR197W	YMR304W
YLR197W	YNL045W
YLR197W	YNL186W
YLR197W	YNL250W
YLR197W	YNR051C
YLR197W	YNR054C
YLR197W	YOR078W
YLR197W	YPL009C
YLR197W	YPL153C
YLR197W	YPR029C
YLR197W	YPR178W
YLR203C	YNL106C
YLR203C	YPL004C
YLR203C	YPL146C
YLR218C	YNL082W
YLR223C	YOL004W
YLR223C	YPR135W
YLR233C	YMR049C
YLR258W	YMR304W
YLR262C	YMR049C
YLR262C	YMR186W
YLR262C	YOL045W
YLR262C	YPL048W
YLR271W	YNL186W
YLR278C	YLR442C
YLR287C	YML029W
YLR298C	YML046W
YLR299W	YOR168W
YLR314C	YLR356W
YLR319C	YOL016C
YLR319C	YPL004C
YLR354C	YMR104C
YLR354C	YPL236C
YLR384C	YMR312W
YLR399C	YPL235W
YLR408C	YNL086W
YLR417W	YPL002C
YLR419W	YNL186W
YLR421C	YOR261C
YLR433C	YNL104C
YLR447C	YOR270C
YML004C	YPL001W
YML010W	YOR355W
YML028W	YNL250W
YML028W	YNL282W
YML029W	YNL294C
YML032C	YMR186W
YML046W	YPR182W
YML056C	YMR186W
YML056C	YOL004W
YML056C	YOL045W
YML056C	YOR128C
YML056C	YPL009C
YML056C	YPL217C
YML056C	YPR067W
YML056C	YPR154W
YML057W	YPR196W
YML070W	YOL058W
YML070W	YPR110C
YML071C	YNL041C
YML071C	YNL051W
YML093W	YPR067W
YML100W	YMR261C
YML100W	YNL317W
YML100W	YNR060W
YML102W	YPL153C
YML117W	YNL049C
YMR014W	YMR290C
YMR014W	YNL045W
YMR014W	YPL146C
YMR049C	YMR093W
YMR049C	YNL045W
YMR049C	YOR272W
YMR049C	YPL217C
YMR049C	YPR008W
YMR053C	YMR186W
YMR080C	YPL001W
YMR099C	YPL183C
YMR101C	YOR191W
YMR104C	YNL134C
YMR105C	YOR090C
YMR111C	YPR131C
YMR114C	YNL041C
YMR140W	YNL112W
YMR165C	YPL031C
YMR172W	YMR276W
YMR172W	YOR039W
YMR180C	YMR304W
YMR180C	YNL240C
YMR180C	YPL231W
YMR186W	YNL041C
YMR186W	YNL186W
YMR186W	YNR016C
YMR186W	YNR022C
YMR186W	YNR031C
YMR186W	YPL001W
YMR186W	YPL004C
YMR186W	YPL146C
YMR186W	YPR029C
YMR186W	YPR086W
YMR186W	YPR093C
YMR186W	YPR181C
YMR192W	YPL249C
YMR207C	YNR016C
YMR213W	YMR240C
YMR213W	YPL151C
YMR223W	YNR023W
YMR223W	YOL148C
YMR223W	YOR092W
YMR232W	YMR304W
YMR239C	YNL138W
YMR239C	YOR049C
YMR239C	YPR134W
YMR240C	YMR288W
YMR240C	YOR093C
YMR246W	YMR304W
YMR259C	YNL218W
YMR259C	YOR042W
YMR276W	YNL268W
YMR276W	YOR042W
YMR276W	YPR002W
YMR290C	YPL009C
YMR290C	YPL220W
YMR291W	YNL118C
YMR297W	YPR086W
YMR304W	YNL208W
YMR304W	YNR047W
YMR304W	YOR124C
YMR314W	YNL168C
YMR314W	YOL038W
YMR314W	YOR362C
YNL004W	YPL127C
YNL009W	YOR089C
YNL015W	YOR168W
YNL020C	YPL004C
YNL031C	YNL049C
YNL031C	YPL001W
YNL041C	YOR093C
YNL045W	YNR001C
YNL045W	YPL003W
YNL049C	YPL260W
YNL049C	YPR181C
YNL062C	YPL001W
YNL085W	YNL186W
YNL098C	YOR101W
YNL110C	YPL146C
YNL115C	YOR261C
YNL117W	YOR290C
YNL118C	YOL149W
YNL118C	YOR191W
YNL125C	YNL138W
YNL132W	YNR054C
YNL134C	YPL009C
YNL137C	YPL013C
YNL165W	YOR243C
YNL168C	YOL038W
YNL168C	YOR124C
YNL172W	YPR171W
YNL186W	YNL307C
YNL186W	YPL153C
YNL186W	YPR110C
YNL229C	YPL235W
YNL250W	YPL146C
YNL251C	YPL004C
YNL254C	YPL153C
YNL265C	YPR173C
YNL304W	YNR016C
YNL307C	YOR290C
YNL317W	YOR289W
YNL317W	YPL127C
YNL317W	YPR052C
YNL317W	YPR107C
YNR016C	YOR100C
YNR016C	YOR243C
YNR023W	YOR290C
YNR023W	YPL016W
YNR054C	YPL217C
YOL001W	YPL001W
YOL004W	YPR055W
YOL038W	YOR362C
YOL045W	YOR355W
YOL068C	YOL109W
YOL068C	YOR279C
YOL068C	YOR355W
YOL098C	YPL146C
YOL098C	YPR171W
YOL109W	YPR052C
YOL111C	YPL174C
YOL126C	YOR355W
YOL133W	YPR036W
YOL142W	YOR076C
YOL146W	YPR135W
YOR035C	YPL004C
YOR070C	YPL001W
YOR078W	YPR137W
YOR078W	YPR178W
YOR093C	YPR144C
YOR124C	YOR138C
YOR223W	YOR290C
YOR243C	YOR270C
YOR261C	YPL004C
YOR287C	YPR178W
YOR290C	YOR355W
YOR290C	YPL016W
YOR341W	YPR110C
YPL004C	YPL069C
YPL004C	YPR173C
YPL031C	YPL219W
YPL048W	YPR080W
YPL122C	YPR056W
YPL151C	YPR134W
YPL166W	YPR049C
YPL201C	YPR036W
YPL210C	YPL243W
YPL220W	YPR080W
YPL259C	YPR029C
YPR025C	YPR052C
YPR025C	YPR056W
YPR045C	YPR052C
YPR049C	YPR110C
YPR057W	YPR182W
YPR080W	YPR107C
YPR137W	YPR178W
YPR178W	YPR182W
