YAL003W	YGR285C
YAL003W	YHR064C
YAL003W	YKL081W
YAL007C	YAR002C-A
YAL007C	YML012W
YAL029C	YOR326W
YAL033W	YBL018C
YAL033W	YHR062C
YAL033W	YNL221C
YAL033W	YNL282W
YAR002C-A	YML012W
YAR003W	YBR175W
YAR003W	YDR469W
YAR003W	YHR119W
YAR007C	YNL312W
YAR007C	YOL090W
YBL002W	YGL241W
YBL018C	YHR062C
YBL018C	YNL221C
YBL018C	YNL282W
YBL026W	YBR055C
YBL026W	YDR378C
YBL026W	YER146W
YBL026W	YGR091W
YBL026W	YHR165C
YBL026W	YJL124C
YBL026W	YOR308C
YBL038W	YBR122C
YBL038W	YCR046C
YBL038W	YCR071C
YBL038W	YDR116C
YBL038W	YDR237W
YBL038W	YDR462W
YBL038W	YGR220C
YBL038W	YJL063C
YBL038W	YKL167C
YBL038W	YKR085C
YBL038W	YLR439W
YBL038W	YML025C
YBL038W	YMR024W
YBL038W	YMR193W
YBL038W	YNL005C
YBL038W	YNL252C
YBL038W	YOR150W
YBL046W	YNL201C
YBL072C	YBR031W
YBL072C	YBR048W
YBL072C	YBR079C
YBL072C	YBR189W
YBL072C	YCL059C
YBL072C	YCR031C
YBL072C	YDL014W
YBL072C	YDL060W
YBL072C	YDL082W
YBL072C	YDR418W
YBL072C	YDR449C
YBL072C	YFR031C-A
YBL072C	YGL076C
YBL072C	YGL103W
YBL072C	YGL120C
YBL072C	YGR085C
YBL072C	YGR090W
YBL072C	YGR145W
YBL072C	YHL001W
YBL072C	YHL015W
YBL072C	YHL033C
YBL072C	YJL177W
YBL072C	YJL190C
YBL072C	YJR123W
YBL072C	YKL180W
YBL072C	YLR029C
YBL072C	YLR129W
YBL072C	YLR186W
YBL072C	YLR197W
YBL072C	YLR340W
YBL072C	YLR448W
YBL072C	YML063W
YBL072C	YMR093W
YBL072C	YMR116C
YBL072C	YMR229C
YBL072C	YMR242C
YBL072C	YMR290C
YBL072C	YNL132W
YBL072C	YNL178W
YBL072C	YNL308C
YBL072C	YOL127W
YBL072C	YOR063W
YBL072C	YOR096W
YBL072C	YOR361C
YBL072C	YPL131W
YBL072C	YPL198W
YBL072C	YPR144C
YBL090W	YBR146W
YBL090W	YBR251W
YBL090W	YDL045W-A
YBL090W	YDR175C
YBL090W	YDR337W
YBL090W	YDR347W
YBL090W	YGR215W
YBL090W	YHL004W
YBL090W	YIL093C
YBL090W	YJR101W
YBL090W	YJR113C
YBL090W	YKL155C
YBL090W	YMR158W
YBL090W	YMR188C
YBL090W	YNL137C
YBL090W	YOR158W
YBL092W	YBR031W
YBL092W	YBR191W
YBL092W	YDL075W
YBL092W	YDL082W
YBL092W	YDR382W
YBL092W	YFR031C-A
YBL092W	YFR032C-A
YBL092W	YGL103W
YBL092W	YGR085C
YBL092W	YHL001W
YBL092W	YJL177W
YBL092W	YJR123W
YBL092W	YKL180W
YBL092W	YLR029C
YBL092W	YLR448W
YBL092W	YML063W
YBL092W	YNL069C
YBL092W	YNL301C
YBL092W	YOL127W
YBL092W	YOR063W
YBL092W	YOR096W
YBL097W	YLR272C
YBL099W	YJR121W
YBR031W	YBR048W
YBR031W	YBR142W
YBR031W	YBR189W
YBR031W	YBR191W
YBR031W	YCR031C
YBR031W	YDL075W
YBR031W	YDL082W
YBR031W	YDR382W
YBR031W	YDR418W
YBR031W	YDR496C
YBR031W	YFR031C-A
YBR031W	YGL103W
YBR031W	YGR085C
YBR031W	YHL001W
YBR031W	YHL033C
YBR031W	YIL133C
YBR031W	YJL177W
YBR031W	YJL190C
YBR031W	YJR123W
YBR031W	YKL180W
YBR031W	YKR081C
YBR031W	YLR029C
YBR031W	YLR448W
YBR031W	YML063W
YBR031W	YMR242C
YBR031W	YMR290C
YBR031W	YNL069C
YBR031W	YNL112W
YBR031W	YNL132W
YBR031W	YNL178W
YBR031W	YNL301C
YBR031W	YOL127W
YBR031W	YOR063W
YBR031W	YOR096W
YBR031W	YPL198W
YBR031W	YPL220W
YBR048W	YBR189W
YBR048W	YCL059C
YBR048W	YCR031C
YBR048W	YDL014W
YBR048W	YDL060W
YBR048W	YDR299W
YBR048W	YDR365C
YBR048W	YDR418W
YBR048W	YER025W
YBR048W	YFR031C-A
YBR048W	YGL076C
YBR048W	YGR085C
YBR048W	YGR090W
YBR048W	YHL001W
YBR048W	YHL033C
YBR048W	YIL133C
YBR048W	YJL177W
YBR048W	YJL190C
YBR048W	YJR123W
YBR048W	YKL180W
YBR048W	YLR029C
YBR048W	YLR340W
YBR048W	YLR367W
YBR048W	YLR448W
YBR048W	YML063W
YBR048W	YMR229C
YBR048W	YMR242C
YBR048W	YMR290C
YBR048W	YNL069C
YBR048W	YNL132W
YBR048W	YNL178W
YBR048W	YNL308C
YBR048W	YNR054C
YBR048W	YOL127W
YBR048W	YOR063W
YBR048W	YOR096W
YBR048W	YOR204W
YBR048W	YPL081W
YBR048W	YPL131W
YBR048W	YPL198W
YBR048W	YPL217C
YBR055C	YDR378C
YBR055C	YER146W
YBR055C	YGR013W
YBR055C	YGR091W
YBR055C	YHR165C
YBR055C	YJL124C
YBR055C	YLL036C
YBR055C	YMR240C
YBR055C	YMR288W
YBR055C	YOR308C
YBR055C	YPL213W
YBR060C	YLL004W
YBR060C	YML065W
YBR060C	YNL261W
YBR065C	YHR165C
YBR065C	YLL036C
YBR065C	YPR101W
YBR079C	YDR091C
YBR079C	YDR429C
YBR079C	YER025W
YBR079C	YOR096W
YBR079C	YOR361C
YBR079C	YPL081W
YBR079C	YPL237W
YBR079C	YPR041W
YBR081C	YDR167W
YBR081C	YGR252W
YBR081C	YGR274C
YBR081C	YHR099W
YBR081C	YMR223W
YBR081C	YMR236W
YBR081C	YPL254W
YBR087W	YNL290W
YBR087W	YOL094C
YBR087W	YOR217W
YBR105C	YDL082W
YBR122C	YCR046C
YBR122C	YCR071C
YBR122C	YDR116C
YBR122C	YDR237W
YBR122C	YDR405W
YBR122C	YDR462W
YBR122C	YGR220C
YBR122C	YJL063C
YBR122C	YKL167C
YBR122C	YKR085C
YBR122C	YLR439W
YBR122C	YML025C
YBR122C	YMR024W
YBR122C	YMR193W
YBR122C	YNL005C
YBR122C	YNL252C
YBR122C	YOR150W
YBR142W	YDL014W
YBR142W	YDR496C
YBR142W	YGL076C
YBR142W	YGR085C
YBR142W	YHR052W
YBR142W	YLL008W
YBR142W	YLR029C
YBR142W	YMR229C
YBR142W	YMR290C
YBR142W	YNL002C
YBR142W	YNL061W
YBR142W	YOL041C
YBR142W	YOR063W
YBR142W	YOR272W
YBR142W	YPL131W
YBR142W	YPL198W
YBR143C	YPL237W
YBR146W	YBR251W
YBR146W	YDR175C
YBR146W	YDR337W
YBR146W	YDR347W
YBR146W	YER050C
YBR146W	YGR215W
YBR146W	YHL004W
YBR146W	YIL093C
YBR146W	YJR101W
YBR146W	YJR113C
YBR146W	YKL155C
YBR146W	YMR158W
YBR146W	YMR188C
YBR146W	YNL137C
YBR146W	YOR158W
YBR146W	YOR204W
YBR154C	YDL150W
YBR154C	YDR045C
YBR154C	YGL070C
YBR154C	YGR005C
YBR154C	YIL021W
YBR154C	YJR063W
YBR154C	YKL144C
YBR154C	YKR025W
YBR154C	YNL151C
YBR154C	YOL005C
YBR154C	YOR116C
YBR154C	YOR207C
YBR154C	YOR210W
YBR154C	YOR341W
YBR154C	YPR010C
YBR154C	YPR187W
YBR160W	YDL155W
YBR160W	YPL256C
YBR171W	YPL094C
YBR189W	YCR031C
YBR189W	YDL014W
YBR189W	YDL060W
YBR189W	YDR382W
YBR189W	YDR418W
YBR189W	YDR449C
YBR189W	YGL103W
YBR189W	YGR085C
YBR189W	YGR090W
YBR189W	YHL015W
YBR189W	YIL133C
YBR189W	YJL190C
YBR189W	YJR123W
YBR189W	YKL180W
YBR189W	YLR029C
YBR189W	YLR186W
YBR189W	YLR197W
YBR189W	YLR264W
YBR189W	YLR340W
YBR189W	YLR367W
YBR189W	YML063W
YBR189W	YMR116C
YBR189W	YMR242C
YBR189W	YNL069C
YBR189W	YNL132W
YBR189W	YNL178W
YBR189W	YNL207W
YBR189W	YNL301C
YBR189W	YOL127W
YBR189W	YOR063W
YBR189W	YOR096W
YBR189W	YOR145C
YBR189W	YOR204W
YBR189W	YPL081W
YBR189W	YPL131W
YBR189W	YPL266W
YBR191W	YCR031C
YBR191W	YDL075W
YBR191W	YDL082W
YBR191W	YDR418W
YBR191W	YFR031C-A
YBR191W	YFR032C-A
YBR191W	YGL103W
YBR191W	YGR085C
YBR191W	YHL001W
YBR191W	YHL033C
YBR191W	YJL177W
YBR191W	YJR123W
YBR191W	YKL180W
YBR191W	YLR448W
YBR191W	YMR242C
YBR191W	YNL069C
YBR191W	YNL178W
YBR191W	YOL127W
YBR191W	YOR063W
YBR195C	YML102W
YBR215W	YOR038C
YBR245C	YCR052W
YBR245C	YDR190C
YBR245C	YDR303C
YBR245C	YFR013W
YBR245C	YIL126W
YBR245C	YOL017W
YBR245C	YOR207C
YBR251W	YDR175C
YBR251W	YDR337W
YBR251W	YDR347W
YBR251W	YGR215W
YBR251W	YHL004W
YBR251W	YIL093C
YBR251W	YJR101W
YBR251W	YJR113C
YBR251W	YKL155C
YBR251W	YMR158W
YBR251W	YMR188C
YBR251W	YNL137C
YBR251W	YOR158W
YBR267W	YDR101C
YBR267W	YGL099W
YBR288C	YPL195W
YCL024W	YDR507C
YCL054W	YER006W
YCL054W	YGL111W
YCL054W	YLL008W
YCL054W	YMR290C
YCL054W	YNL002C
YCL054W	YNL061W
YCL054W	YNL110C
YCL054W	YPL093W
YCL059C	YDL014W
YCL059C	YDL213C
YCL059C	YDR299W
YCL059C	YER082C
YCL059C	YGR145W
YCL059C	YHR148W
YCL059C	YLR186W
YCL059C	YLR197W
YCL059C	YMR229C
YCL059C	YMR290C
YCL059C	YNL132W
YCL059C	YNL308C
YCL059C	YPL217C
YCL059C	YPR144C
YCR020W-B	YCR052W
YCR020W-B	YDR303C
YCR020W-B	YIL126W
YCR020W-B	YML127W
YCR031C	YDL014W
YCR031C	YDL075W
YCR031C	YDL082W
YCR031C	YDR382W
YCR031C	YDR418W
YCR031C	YFR031C-A
YCR031C	YGL076C
YCR031C	YGL103W
YCR031C	YGR085C
YCR031C	YHL001W
YCR031C	YHL015W
YCR031C	YHL033C
YCR031C	YIL133C
YCR031C	YJL177W
YCR031C	YJL190C
YCR031C	YJR123W
YCR031C	YKL180W
YCR031C	YLR029C
YCR031C	YLR150W
YCR031C	YLR340W
YCR031C	YLR448W
YCR031C	YML063W
YCR031C	YMR242C
YCR031C	YNL069C
YCR031C	YNL132W
YCR031C	YNL178W
YCR031C	YNL301C
YCR031C	YNL302C
YCR031C	YOL127W
YCR031C	YOR063W
YCR031C	YOR096W
YCR031C	YOR204W
YCR031C	YPL143W
YCR046C	YCR071C
YCR046C	YDR116C
YCR046C	YDR237W
YCR046C	YDR462W
YCR046C	YGR220C
YCR046C	YJL063C
YCR046C	YKL167C
YCR046C	YKR085C
YCR046C	YLR439W
YCR046C	YML025C
YCR046C	YMR024W
YCR046C	YMR193W
YCR046C	YNL005C
YCR046C	YNL252C
YCR046C	YOR150W
YCR052W	YDR303C
YCR052W	YIL126W
YCR052W	YML127W
YCR057C	YDL014W
YCR057C	YDR449C
YCR057C	YER082C
YCR057C	YGR090W
YCR057C	YHR148W
YCR057C	YHR196W
YCR057C	YJL109C
YCR057C	YKR060W
YCR057C	YLR129W
YCR057C	YLR186W
YCR057C	YLR197W
YCR057C	YLR409C
YCR057C	YMR093W
YCR057C	YNL075W
YCR057C	YNL132W
YCR057C	YOR145C
YCR057C	YPL217C
YCR057C	YPL266W
YCR057C	YPR144C
YCR060W	YPL235W
YCR071C	YDR116C
YCR071C	YDR237W
YCR071C	YDR405W
YCR071C	YDR462W
YCR071C	YGR220C
YCR071C	YJL063C
YCR071C	YKL167C
YCR071C	YKR085C
YCR071C	YLR439W
YCR071C	YML025C
YCR071C	YMR024W
YCR071C	YMR193W
YCR071C	YNL005C
YCR071C	YNL252C
YCR071C	YOR150W
YCR081W	YDR308C
YCR081W	YHR041C
YCR092C	YOL090W
YDL003W	YFL008W
YDL014W	YDL082W
YDL014W	YDR299W
YDL014W	YDR449C
YDL014W	YDR496C
YDL014W	YER082C
YDL014W	YGL120C
YDL014W	YGR085C
YDL014W	YGR090W
YDL014W	YGR145W
YDL014W	YHR148W
YDL014W	YIL133C
YDL014W	YJL109C
YDL014W	YJL190C
YDL014W	YKR060W
YDL014W	YLL008W
YDL014W	YLR029C
YDL014W	YLR129W
YDL014W	YLR186W
YDL014W	YLR197W
YDL014W	YLR409C
YDL014W	YML063W
YDL014W	YMR093W
YDL014W	YMR229C
YDL014W	YMR290C
YDL014W	YNL061W
YDL014W	YNL069C
YDL014W	YNL132W
YDL014W	YNL308C
YDL014W	YOR063W
YDL014W	YOR096W
YDL014W	YOR206W
YDL014W	YPL131W
YDL014W	YPL198W
YDL014W	YPL217C
YDL014W	YPR144C
YDL040C	YPL198W
YDL042C	YJL076W
YDL045W-A	YDR175C
YDL045W-A	YIL093C
YDL045W-A	YJR113C
YDL047W	YFR040W
YDL051W	YGR162W
YDL051W	YNL262W
YDL060W	YKL143W
YDL060W	YNL207W
YDL060W	YOR096W
YDL060W	YPL266W
YDL074C	YPL055C
YDL075W	YDL082W
YDL075W	YDR101C
YDL075W	YDR382W
YDL075W	YDR418W
YDL075W	YER006W
YDL075W	YFR031C-A
YDL075W	YFR032C-A
YDL075W	YGL076C
YDL075W	YGL103W
YDL075W	YGR085C
YDL075W	YHL001W
YDL075W	YIL133C
YDL075W	YJL177W
YDL075W	YJL190C
YDL075W	YJR123W
YDL075W	YKL180W
YDL075W	YLR029C
YDL075W	YLR340W
YDL075W	YLR367W
YDL075W	YLR448W
YDL075W	YML063W
YDL075W	YMR242C
YDL075W	YNL002C
YDL075W	YNL069C
YDL075W	YNL110C
YDL075W	YNL301C
YDL075W	YOL127W
YDL075W	YOR063W
YDL075W	YOR096W
YDL075W	YPL131W
YDL075W	YPL198W
YDL075W	YPL220W
YDL075W	YPR067W
YDL081C	YDR382W
YDL082W	YDR382W
YDL082W	YDR418W
YDL082W	YFR031C-A
YDL082W	YFR032C-A
YDL082W	YGL076C
YDL082W	YGL103W
YDL082W	YGR085C
YDL082W	YHL001W
YDL082W	YHL033C
YDL082W	YHR010W
YDL082W	YHR216W
YDL082W	YIL133C
YDL082W	YJL177W
YDL082W	YJL190C
YDL082W	YJR123W
YDL082W	YKL180W
YDL082W	YLR029C
YDL082W	YLR340W
YDL082W	YLR448W
YDL082W	YML063W
YDL082W	YMR242C
YDL082W	YMR290C
YDL082W	YNL069C
YDL082W	YNL110C
YDL082W	YNL178W
YDL082W	YNL301C
YDL082W	YOL041C
YDL082W	YOL127W
YDL082W	YOR063W
YDL082W	YOR096W
YDL082W	YOR272W
YDL082W	YPL093W
YDL082W	YPL198W
YDL082W	YPL220W
YDL084W	YML062C
YDL111C	YGR158C
YDL111C	YGR195W
YDL111C	YOR001W
YDL116W	YGL092W
YDL116W	YGL100W
YDL143W	YGL195W
YDL143W	YKL029C
YDL145C	YDR238C
YDL145C	YER122C
YDL145C	YIL076W
YDL145C	YPL010W
YDL150W	YDR045C
YDL150W	YKL144C
YDL150W	YKR025W
YDL150W	YNL151C
YDL150W	YOR116C
YDL150W	YOR207C
YDL150W	YOR210W
YDL150W	YPR187W
YDL156W	YNL312W
YDL201W	YDR165W
YDL208W	YHR089C
YDL208W	YMR310C
YDR013W	YJL072C
YDR028C	YER027C
YDR028C	YGL115W
YDR045C	YKL144C
YDR045C	YKR025W
YDR045C	YNL151C
YDR045C	YOR116C
YDR045C	YOR207C
YDR062W	YMR296C
YDR091C	YOR096W
YDR091C	YPR041W
YDR097C	YOL090W
YDR101C	YER006W
YDR101C	YER126C
YDR101C	YGL099W
YDR101C	YGL103W
YDR101C	YGR245C
YDR101C	YHR052W
YDR101C	YKL009W
YDR101C	YKR081C
YDR101C	YNL002C
YDR101C	YNL110C
YDR101C	YNL182C
YDR101C	YNR053C
YDR101C	YOR063W
YDR101C	YPL093W
YDR101C	YPR016C
YDR116C	YDR237W
YDR116C	YDR405W
YDR116C	YDR462W
YDR116C	YGR220C
YDR116C	YJL063C
YDR116C	YKL167C
YDR116C	YKR085C
YDR116C	YLR439W
YDR116C	YML025C
YDR116C	YMR024W
YDR116C	YMR193W
YDR116C	YNL005C
YDR116C	YNL252C
YDR116C	YOR150W
YDR167W	YGR252W
YDR167W	YGR274C
YDR167W	YMR005W
YDR167W	YMR223W
YDR167W	YMR236W
YDR167W	YPL254W
YDR175C	YDR337W
YDR175C	YDR347W
YDR175C	YGR215W
YDR175C	YHL004W
YDR175C	YIL093C
YDR175C	YJR101W
YDR175C	YJR113C
YDR175C	YKL155C
YDR175C	YMR158W
YDR175C	YMR188C
YDR175C	YNL137C
YDR175C	YOR158W
YDR190C	YER092W
YDR190C	YGR002C
YDR190C	YPL235W
YDR211W	YER025W
YDR211W	YGR083C
YDR211W	YKR026C
YDR211W	YLR291C
YDR211W	YOR260W
YDR211W	YPL237W
YDR211W	YPR010C
YDR237W	YDR405W
YDR237W	YDR462W
YDR237W	YGR220C
YDR237W	YJL063C
YDR237W	YKL167C
YDR237W	YKR085C
YDR237W	YLR439W
YDR237W	YML025C
YDR237W	YMR024W
YDR237W	YMR193W
YDR237W	YNL005C
YDR237W	YNL252C
YDR237W	YOR150W
YDR238C	YER122C
YDR238C	YIL076W
YDR238C	YPL010W
YDR240C	YGR013W
YDR240C	YHR165C
YDR245W	YEL036C
YDR245W	YJL183W
YDR245W	YLR342W
YDR267C	YIL128W
YDR279W	YNL072W
YDR295C	YNL021W
YDR299W	YGR145W
YDR299W	YHR148W
YDR299W	YKR060W
YDR299W	YLR186W
YDR299W	YNL132W
YDR299W	YNL308C
YDR299W	YNR054C
YDR299W	YOR096W
YDR299W	YPL217C
YDR299W	YPR144C
YDR301W	YGR156W
YDR301W	YKR002W
YDR303C	YIL126W
YDR303C	YML127W
YDR308C	YHR041C
YDR337W	YDR347W
YDR337W	YGR215W
YDR337W	YHL004W
YDR337W	YIL093C
YDR337W	YJR101W
YDR337W	YJR113C
YDR337W	YKL155C
YDR337W	YMR158W
YDR337W	YMR188C
YDR337W	YNL137C
YDR337W	YOR158W
YDR347W	YGR215W
YDR347W	YHL004W
YDR347W	YIL093C
YDR347W	YJR101W
YDR347W	YJR113C
YDR347W	YKL155C
YDR347W	YMR158W
YDR347W	YMR188C
YDR347W	YNL137C
YDR347W	YOR158W
YDR361C	YPL208W
YDR365C	YGR145W
YDR365C	YNR054C
YDR378C	YER146W
YDR378C	YGR091W
YDR378C	YHR165C
YDR378C	YJL124C
YDR378C	YOR308C
YDR382W	YDR418W
YDR382W	YFR031C-A
YDR382W	YFR032C-A
YDR382W	YGL076C
YDR382W	YGL103W
YDR382W	YGR085C
YDR382W	YHL001W
YDR382W	YIL133C
YDR382W	YJL177W
YDR382W	YJL190C
YDR382W	YJR123W
YDR382W	YKL180W
YDR382W	YLR029C
YDR382W	YLR340W
YDR382W	YLR448W
YDR382W	YML063W
YDR382W	YMR242C
YDR382W	YNL069C
YDR382W	YNL301C
YDR382W	YOL127W
YDR382W	YOR063W
YDR382W	YOR096W
YDR382W	YPL131W
YDR382W	YPL220W
YDR398W	YEL055C
YDR398W	YHR196W
YDR398W	YJL109C
YDR398W	YMR093W
YDR405W	YGR076C
YDR405W	YKL167C
YDR405W	YLR439W
YDR405W	YML025C
YDR405W	YMR024W
YDR405W	YNL005C
YDR416W	YGL120C
YDR416W	YHR165C
YDR416W	YLL036C
YDR416W	YMR288W
YDR416W	YPL213W
YDR416W	YPR101W
YDR418W	YFR031C-A
YDR418W	YGL076C
YDR418W	YGL103W
YDR418W	YGR085C
YDR418W	YHL001W
YDR418W	YHL033C
YDR418W	YHR010W
YDR418W	YIL133C
YDR418W	YJL177W
YDR418W	YJL190C
YDR418W	YJR123W
YDR418W	YKL180W
YDR418W	YLR150W
YDR418W	YLR340W
YDR418W	YLR448W
YDR418W	YML063W
YDR418W	YMR242C
YDR418W	YNL069C
YDR418W	YNL178W
YDR418W	YOL127W
YDR418W	YOR063W
YDR418W	YOR096W
YDR418W	YPL131W
YDR418W	YPL220W
YDR429C	YOR204W
YDR429C	YOR361C
YDR429C	YPR041W
YDR449C	YER082C
YDR449C	YGR090W
YDR449C	YGR145W
YDR449C	YHR148W
YDR449C	YHR196W
YDR449C	YJL109C
YDR449C	YKR060W
YDR449C	YLR129W
YDR449C	YLR186W
YDR449C	YLR197W
YDR449C	YLR409C
YDR449C	YMR093W
YDR449C	YNL075W
YDR449C	YNL132W
YDR449C	YOR096W
YDR449C	YOR145C
YDR449C	YPL217C
YDR449C	YPL266W
YDR449C	YPR144C
YDR462W	YGR220C
YDR462W	YJL063C
YDR462W	YKL167C
YDR462W	YKR085C
YDR462W	YLR439W
YDR462W	YML025C
YDR462W	YMR024W
YDR462W	YNL005C
YDR462W	YNL252C
YDR462W	YOR150W
YDR469W	YHR119W
YDR496C	YER006W
YDR496C	YFL002C
YDR496C	YGL076C
YDR496C	YGL111W
YDR496C	YHR052W
YDR496C	YIL133C
YDR496C	YKL009W
YDR496C	YKL014C
YDR496C	YKR081C
YDR496C	YLL008W
YDR496C	YLL034C
YDR496C	YLR002C
YDR496C	YLR029C
YDR496C	YLR197W
YDR496C	YLR276C
YDR496C	YLR449W
YDR496C	YMR229C
YDR496C	YMR242C
YDR496C	YMR290C
YDR496C	YNL002C
YDR496C	YNL061W
YDR496C	YNL110C
YDR496C	YOL127W
YDR496C	YOR063W
YDR496C	YOR206W
YDR496C	YOR272W
YDR496C	YPL093W
YDR496C	YPL131W
YDR496C	YPL198W
YDR496C	YPL220W
YDR496C	YPR016C
YEL015W	YOL149W
YEL018W	YGR002C
YEL018W	YHR099W
YEL018W	YNL136W
YEL022W	YHR020W
YEL022W	YJR077C
YEL022W	YMR012W
YEL036C	YJL183W
YEL036C	YLR342W
YEL055C	YHR196W
YEL055C	YMR093W
YER006W	YER126C
YER006W	YFL002C
YER006W	YGL111W
YER006W	YGR085C
YER006W	YGR245C
YER006W	YHR010W
YER006W	YHR052W
YER006W	YKL009W
YER006W	YKR081C
YER006W	YLL008W
YER006W	YLL034C
YER006W	YLR002C
YER006W	YLR276C
YER006W	YLR325C
YER006W	YLR406C
YER006W	YLR449W
YER006W	YMR290C
YER006W	YNL002C
YER006W	YNL061W
YER006W	YNL110C
YER006W	YNL182C
YER006W	YNR053C
YER006W	YOL127W
YER006W	YOR063W
YER006W	YOR206W
YER006W	YOR272W
YER006W	YPL093W
YER006W	YPL131W
YER006W	YPL198W
YER006W	YPR016C
YER007C-A	YJR014W
YER018C	YIL144W
YER025W	YGR083C
YER025W	YKR026C
YER025W	YLR291C
YER025W	YOR260W
YER025W	YPL237W
YER025W	YPR041W
YER027C	YGL115W
YER043C	YFL028C
YER050C	YOR158W
YER081W	YIL074C
YER082C	YGR090W
YER082C	YGR145W
YER082C	YHR148W
YER082C	YHR196W
YER082C	YJL109C
YER082C	YKR060W
YER082C	YLR129W
YER082C	YLR186W
YER082C	YLR197W
YER082C	YLR409C
YER082C	YMR093W
YER082C	YNL132W
YER082C	YOR096W
YER082C	YPL217C
YER082C	YPL266W
YER082C	YPR144C
YER086W	YKL029C
YER086W	YLR259C
YER086W	YOR133W
YER092W	YPL235W
YER107C	YJL061W
YER107C	YMR047C
YER126C	YGR245C
YER126C	YKL009W
YER126C	YKR081C
YER126C	YLR074C
YER126C	YLR325C
YER126C	YMR290C
YER126C	YNL002C
YER126C	YNL110C
YER126C	YNR053C
YER126C	YOR063W
YER126C	YPL093W
YER126C	YPR016C
YER131W	YLR150W
YER131W	YLR435W
YER146W	YHR165C
YER146W	YJL124C
YER148W	YGR274C
YER149C	YLL021W
YER151C	YNR051C
YER164W	YGL019W
YER164W	YIL035C
YFL002C	YGL111W
YFL002C	YHR052W
YFL002C	YKL009W
YFL002C	YLL008W
YFL002C	YLL034C
YFL002C	YLR002C
YFL002C	YLR449W
YFL002C	YMR290C
YFL002C	YNL002C
YFL002C	YNL061W
YFL002C	YNL110C
YFL002C	YOL127W
YFL002C	YOR063W
YFL002C	YOR206W
YFL002C	YOR272W
YFL002C	YPL093W
YFL002C	YPL131W
YFL002C	YPR016C
YFL018C	YIL125W
YFL023W	YLR200W
YFL045C	YGL195W
YFL049W	YNR023W
YFR009W	YGL195W
YFR009W	YKL029C
YFR031C-A	YGL076C
YFR031C-A	YGL103W
YFR031C-A	YGR085C
YFR031C-A	YHL001W
YFR031C-A	YHL033C
YFR031C-A	YHR010W
YFR031C-A	YIL133C
YFR031C-A	YJL177W
YFR031C-A	YJL190C
YFR031C-A	YJR123W
YFR031C-A	YKL180W
YFR031C-A	YLR029C
YFR031C-A	YLR150W
YFR031C-A	YLR340W
YFR031C-A	YLR344W
YFR031C-A	YLR367W
YFR031C-A	YLR448W
YFR031C-A	YML063W
YFR031C-A	YMR242C
YFR031C-A	YNL069C
YFR031C-A	YNL178W
YFR031C-A	YNL301C
YFR031C-A	YNL302C
YFR031C-A	YOL127W
YFR031C-A	YOR063W
YFR031C-A	YOR096W
YFR031C-A	YOR204W
YFR031C-A	YPL143W
YFR031C-A	YPL198W
YFR031C-A	YPL220W
YFR032C-A	YGL103W
YFR032C-A	YGR085C
YFR032C-A	YJL177W
YFR032C-A	YKL046C
YFR032C-A	YLR029C
YFR032C-A	YLR448W
YFR032C-A	YMR242C
YFR032C-A	YOL127W
YGL019W	YGR090W
YGL019W	YIL035C
YGL019W	YLR418C
YGL019W	YOL145C
YGL019W	YOR123C
YGL022W	YJL002C
YGL043W	YGL070C
YGL043W	YGR005C
YGL043W	YIL021W
YGL043W	YOL005C
YGL044C	YOR250C
YGL070C	YGR005C
YGL070C	YIL021W
YGL070C	YOL005C
YGL070C	YOR210W
YGL070C	YPR187W
YGL076C	YGL103W
YGL076C	YGL111W
YGL076C	YGR085C
YGL076C	YHL001W
YGL076C	YHL033C
YGL076C	YIL133C
YGL076C	YJL177W
YGL076C	YJL190C
YGL076C	YJR123W
YGL076C	YKL180W
YGL076C	YKR081C
YGL076C	YLR002C
YGL076C	YLR029C
YGL076C	YLR448W
YGL076C	YML063W
YGL076C	YMR242C
YGL076C	YMR290C
YGL076C	YNL069C
YGL076C	YNL132W
YGL076C	YNL178W
YGL076C	YNL301C
YGL076C	YOL041C
YGL076C	YOL127W
YGL076C	YOR063W
YGL076C	YOR096W
YGL076C	YOR206W
YGL076C	YPL093W
YGL076C	YPL198W
YGL076C	YPL220W
YGL092W	YGL100W
YGL098W	YGL145W
YGL098W	YLR268W
YGL098W	YNL258C
YGL099W	YOR063W
YGL103W	YGR085C
YGL103W	YHL001W
YGL103W	YHL015W
YGL103W	YHL033C
YGL103W	YHR010W
YGL103W	YHR052W
YGL103W	YIL133C
YGL103W	YJL177W
YGL103W	YJL190C
YGL103W	YJR123W
YGL103W	YKL180W
YGL103W	YKR081C
YGL103W	YLR029C
YGL103W	YLR325C
YGL103W	YLR340W
YGL103W	YLR342W
YGL103W	YLR406C
YGL103W	YLR448W
YGL103W	YML063W
YGL103W	YMR242C
YGL103W	YNL069C
YGL103W	YNL110C
YGL103W	YNL178W
YGL103W	YNL301C
YGL103W	YNL302C
YGL103W	YOL127W
YGL103W	YOR063W
YGL103W	YOR096W
YGL103W	YPL093W
YGL103W	YPL198W
YGL103W	YPL220W
YGL111W	YHR052W
YGL111W	YKL009W
YGL111W	YLL008W
YGL111W	YLL034C
YGL111W	YLR002C
YGL111W	YLR276C
YGL111W	YMR290C
YGL111W	YNL002C
YGL111W	YNL061W
YGL111W	YNL110C
YGL111W	YOL127W
YGL111W	YOR063W
YGL111W	YOR206W
YGL111W	YOR272W
YGL111W	YPL093W
YGL111W	YPL131W
YGL111W	YPR016C
YGL120C	YGR159C
YGL120C	YHR165C
YGL120C	YJL190C
YGL120C	YLL036C
YGL120C	YLR197W
YGL120C	YNL132W
YGL120C	YOR063W
YGL120C	YOR096W
YGL120C	YPL131W
YGL120C	YPR101W
YGL145W	YLR268W
YGL145W	YNL258C
YGL195W	YIL094C
YGL195W	YKL029C
YGL246C	YOR048C
YGR002C	YNL136W
YGR002C	YPL235W
YGR005C	YIL021W
YGR005C	YOL005C
YGR005C	YOR210W
YGR005C	YPR187W
YGR013W	YHR165C
YGR013W	YPR057W
YGR078C	YLR200W
YGR078C	YML094W
YGR083C	YKR026C
YGR083C	YLR291C
YGR083C	YOR260W
YGR083C	YPL237W
YGR085C	YHL001W
YGR085C	YHL015W
YGR085C	YHL033C
YGR085C	YIL133C
YGR085C	YJL177W
YGR085C	YJL190C
YGR085C	YJR123W
YGR085C	YKL180W
YGR085C	YKR081C
YGR085C	YLR029C
YGR085C	YLR150W
YGR085C	YLR340W
YGR085C	YLR367W
YGR085C	YLR448W
YGR085C	YML063W
YGR085C	YMR242C
YGR085C	YMR290C
YGR085C	YNL061W
YGR085C	YNL069C
YGR085C	YNL112W
YGR085C	YNL132W
YGR085C	YNL178W
YGR085C	YNL301C
YGR085C	YOL127W
YGR085C	YOR063W
YGR085C	YOR096W
YGR085C	YOR198C
YGR085C	YOR204W
YGR085C	YPL093W
YGR085C	YPL131W
YGR085C	YPL143W
YGR085C	YPL198W
YGR085C	YPL220W
YGR090W	YHR148W
YGR090W	YIL035C
YGR090W	YJL109C
YGR090W	YLR129W
YGR090W	YLR186W
YGR090W	YLR197W
YGR090W	YLR223C
YGR090W	YLR409C
YGR090W	YMR093W
YGR090W	YMR229C
YGR090W	YMR290C
YGR090W	YNL132W
YGR090W	YOR063W
YGR090W	YOR096W
YGR090W	YPL217C
YGR090W	YPR144C
YGR091W	YHR165C
YGR091W	YJL124C
YGR091W	YMR240C
YGR091W	YMR288W
YGR091W	YOR308C
YGR091W	YPL213W
YGR120C	YML071C
YGR120C	YNL041C
YGR124W	YPR145W
YGR145W	YHR148W
YGR145W	YKR060W
YGR145W	YLR129W
YGR145W	YLR186W
YGR145W	YLR409C
YGR145W	YMR093W
YGR145W	YNL132W
YGR145W	YNR054C
YGR145W	YOR096W
YGR145W	YPL217C
YGR145W	YPR144C
YGR156W	YHL033C
YGR156W	YKR002W
YGR156W	YLR448W
YGR158C	YGR195W
YGR158C	YOR001W
YGR162W	YJL138C
YGR162W	YJL190C
YGR162W	YOL139C
YGR162W	YOR204W
YGR166W	YKR068C
YGR166W	YOR115C
YGR195W	YOR001W
YGR200C	YMR312W
YGR215W	YHL004W
YGR215W	YIL093C
YGR215W	YJR101W
YGR215W	YJR113C
YGR215W	YKL155C
YGR215W	YMR158W
YGR215W	YMR188C
YGR215W	YNL137C
YGR215W	YOR158W
YGR220C	YJL063C
YGR220C	YKL167C
YGR220C	YKR085C
YGR220C	YLR439W
YGR220C	YML025C
YGR220C	YMR193W
YGR220C	YNL005C
YGR220C	YNL252C
YGR234W	YNL085W
YGR245C	YKL009W
YGR245C	YNL002C
YGR245C	YNL110C
YGR245C	YNL182C
YGR245C	YNR053C
YGR245C	YOR063W
YGR245C	YPL093W
YGR245C	YPR016C
YGR252W	YHR041C
YGR252W	YHR099W
YGR252W	YMR223W
YGR252W	YMR236W
YGR252W	YPL254W
YGR262C	YKR038C
YGR262C	YML036W
YGR274C	YMR005W
YGR274C	YMR236W
YGR285C	YHR064C
YGR285C	YJL080C
YHL001W	YHL033C
YHL001W	YIL133C
YHL001W	YJL177W
YHL001W	YJL190C
YHL001W	YJR123W
YHL001W	YKL180W
YHL001W	YLR340W
YHL001W	YLR448W
YHL001W	YML063W
YHL001W	YMR242C
YHL001W	YNL069C
YHL001W	YNL178W
YHL001W	YOL127W
YHL001W	YOR063W
YHL001W	YOR096W
YHL001W	YPL198W
YHL001W	YPL220W
YHL004W	YIL093C
YHL004W	YJR101W
YHL004W	YJR113C
YHL004W	YKL155C
YHL004W	YMR158W
YHL004W	YMR188C
YHL004W	YNL137C
YHL004W	YOR158W
YHL004W	YOR204W
YHL011C	YKL181W
YHL015W	YJL190C
YHL015W	YJR123W
YHL015W	YKL180W
YHL015W	YLR340W
YHL015W	YMR230W
YHL015W	YMR242C
YHL015W	YNL178W
YHL015W	YOR096W
YHL015W	YOR198C
YHL033C	YIL133C
YHL033C	YJL177W
YHL033C	YJL190C
YHL033C	YJR123W
YHL033C	YKL180W
YHL033C	YKR002W
YHL033C	YLR029C
YHL033C	YLR448W
YHL033C	YML063W
YHL033C	YMR242C
YHL033C	YNL069C
YHL033C	YNL178W
YHL033C	YOL127W
YHL033C	YOR063W
YHL033C	YOR096W
YHL033C	YPL198W
YHL033C	YPL220W
YHR010W	YHR052W
YHR010W	YKL180W
YHR010W	YLR367W
YHR010W	YMR290C
YHR010W	YNL069C
YHR010W	YNR053C
YHR010W	YOL127W
YHR010W	YOR063W
YHR010W	YOR096W
YHR010W	YPL093W
YHR010W	YPL198W
YHR020W	YJR077C
YHR024C	YLR163C
YHR052W	YKL009W
YHR052W	YKR081C
YHR052W	YLL008W
YHR052W	YLL034C
YHR052W	YLR002C
YHR052W	YLR276C
YHR052W	YLR449W
YHR052W	YMR229C
YHR052W	YMR242C
YHR052W	YMR290C
YHR052W	YNL002C
YHR052W	YNL061W
YHR052W	YNL110C
YHR052W	YNL182C
YHR052W	YOL041C
YHR052W	YOL127W
YHR052W	YOR063W
YHR052W	YOR206W
YHR052W	YOR272W
YHR052W	YPL093W
YHR052W	YPL131W
YHR052W	YPR016C
YHR062C	YNL221C
YHR062C	YNL282W
YHR085W	YKL009W
YHR085W	YNL182C
YHR085W	YNR053C
YHR085W	YPL093W
YHR089C	YLR029C
YHR089C	YNL308C
YHR099W	YMR236W
YHR099W	YPL254W
YHR107C	YLR314C
YHR122W	YIL128W
YHR148W	YHR196W
YHR148W	YJL109C
YHR148W	YKR060W
YHR148W	YLR129W
YHR148W	YLR186W
YHR148W	YLR197W
YHR148W	YLR409C
YHR148W	YMR093W
YHR148W	YNL075W
YHR148W	YNL132W
YHR148W	YOR096W
YHR148W	YOR145C
YHR148W	YPL217C
YHR148W	YPR144C
YHR165C	YJL124C
YHR165C	YLL036C
YHR165C	YMR240C
YHR165C	YMR288W
YHR165C	YOR308C
YHR165C	YPL213W
YHR165C	YPR101W
YHR166C	YOR249C
YHR193C	YNL112W
YHR196W	YJL109C
YHR196W	YLR129W
YHR196W	YLR186W
YHR196W	YLR197W
YHR196W	YMR093W
YHR196W	YPL217C
YHR196W	YPR144C
YHR216W	YOR250C
YIL021W	YOL005C
YIL021W	YOR210W
YIL021W	YPR187W
YIL022W	YJR045C
YIL035C	YLR418C
YIL035C	YOL145C
YIL035C	YOR123C
YIL070C	YNL137C
YIL076W	YPL010W
YIL093C	YJR101W
YIL093C	YJR113C
YIL093C	YKL155C
YIL093C	YMR158W
YIL093C	YMR188C
YIL093C	YNL137C
YIL093C	YOR158W
YIL126W	YML127W
YIL133C	YJL177W
YIL133C	YJL190C
YIL133C	YJR123W
YIL133C	YKL180W
YIL133C	YLR029C
YIL133C	YLR197W
YIL133C	YLR340W
YIL133C	YLR448W
YIL133C	YML026C
YIL133C	YML063W
YIL133C	YMR242C
YIL133C	YMR290C
YIL133C	YNL069C
YIL133C	YNL132W
YIL133C	YNL178W
YIL133C	YNL301C
YIL133C	YOL041C
YIL133C	YOL127W
YIL133C	YOR063W
YIL133C	YOR096W
YIL133C	YOR204W
YIL133C	YOR206W
YIL133C	YPL131W
YIL133C	YPL143W
YIL133C	YPL198W
YIR008C	YKL045W
YIR008C	YNL102W
YJL024C	YPL195W
YJL063C	YKL167C
YJL063C	YKR085C
YJL063C	YLR439W
YJL063C	YML025C
YJL063C	YMR024W
YJL063C	YMR193W
YJL063C	YNL005C
YJL063C	YNL252C
YJL063C	YOR150W
YJL080C	YJR123W
YJL080C	YMR116C
YJL109C	YLR129W
YJL109C	YLR186W
YJL109C	YLR197W
YJL109C	YLR409C
YJL109C	YMR093W
YJL109C	YNL132W
YJL109C	YPL217C
YJL109C	YPR144C
YJL124C	YOR308C
YJL138C	YOL139C
YJL177W	YJL190C
YJL177W	YJR123W
YJL177W	YKL180W
YJL177W	YLR029C
YJL177W	YLR150W
YJL177W	YLR340W
YJL177W	YLR448W
YJL177W	YML063W
YJL177W	YMR242C
YJL177W	YNL069C
YJL177W	YNL178W
YJL177W	YNL301C
YJL177W	YNL302C
YJL177W	YOL127W
YJL177W	YOR063W
YJL177W	YOR096W
YJL177W	YOR204W
YJL177W	YPL198W
YJL177W	YPL220W
YJL190C	YJR123W
YJL190C	YKL180W
YJL190C	YLR029C
YJL190C	YLR150W
YJL190C	YLR197W
YJL190C	YLR340W
YJL190C	YLR448W
YJL190C	YML024W
YJL190C	YML063W
YJL190C	YMR116C
YJL190C	YMR230W
YJL190C	YMR242C
YJL190C	YNL069C
YJL190C	YNL178W
YJL190C	YOL127W
YJL190C	YOL139C
YJL190C	YOR063W
YJL190C	YOR096W
YJL190C	YOR204W
YJL190C	YPL081W
YJL190C	YPL131W
YJL190C	YPL146C
YJL190C	YPL198W
YJL208C	YKR079C
YJR006W	YJR043C
YJR041C	YKL014C
YJR045C	YLR203C
YJR063W	YOR210W
YJR063W	YOR341W
YJR063W	YPR010C
YJR063W	YPR187W
YJR077C	YLR342W
YJR101W	YJR113C
YJR101W	YKL155C
YJR101W	YMR158W
YJR101W	YMR188C
YJR101W	YNL137C
YJR101W	YOR158W
YJR101W	YOR204W
YJR113C	YKL155C
YJR113C	YMR158W
YJR113C	YMR188C
YJR113C	YNL137C
YJR113C	YOR158W
YJR123W	YKL180W
YJR123W	YLR029C
YJR123W	YLR197W
YJR123W	YLR340W
YJR123W	YLR448W
YJR123W	YML063W
YJR123W	YMR093W
YJR123W	YMR116C
YJR123W	YMR230W
YJR123W	YMR242C
YJR123W	YNL069C
YJR123W	YNL132W
YJR123W	YNL178W
YJR123W	YNL301C
YJR123W	YNL302C
YJR123W	YOL127W
YJR123W	YOR063W
YJR123W	YOR096W
YJR123W	YOR204W
YJR123W	YPL131W
YJR123W	YPL220W
YJR123W	YPL266W
YKL009W	YKR081C
YKL009W	YLL008W
YKL009W	YLR002C
YKL009W	YLR406C
YKL009W	YMR290C
YKL009W	YNL002C
YKL009W	YNL061W
YKL009W	YNL110C
YKL009W	YNL182C
YKL009W	YNR053C
YKL009W	YOR063W
YKL009W	YOR206W
YKL009W	YOR272W
YKL009W	YPL093W
YKL009W	YPL131W
YKL009W	YPL198W
YKL009W	YPR016C
YKL014C	YMR290C
YKL014C	YNL061W
YKL029C	YMR012W
YKL045W	YNL102W
YKL058W	YOR194C
YKL143W	YNL178W
YKL143W	YNL207W
YKL143W	YPL266W
YKL144C	YKR025W
YKL144C	YNL151C
YKL144C	YOR116C
YKL144C	YOR207C
YKL144C	YPR187W
YKL155C	YMR158W
YKL155C	YMR188C
YKL155C	YNL137C
YKL155C	YOR158W
YKL155C	YOR204W
YKL167C	YKR085C
YKL167C	YLR439W
YKL167C	YML025C
YKL167C	YMR024W
YKL167C	YMR193W
YKL167C	YNL005C
YKL167C	YNL252C
YKL180W	YLR029C
YKL180W	YLR340W
YKL180W	YLR406C
YKL180W	YLR448W
YKL180W	YML024W
YKL180W	YML063W
YKL180W	YMR242C
YKL180W	YNL069C
YKL180W	YNL132W
YKL180W	YNL178W
YKL180W	YNL301C
YKL180W	YNL302C
YKL180W	YOL127W
YKL180W	YOR063W
YKL180W	YOR096W
YKL180W	YPL143W
YKL180W	YPL198W
YKL180W	YPL220W
YKL191W	YOR133W
YKR025W	YNL151C
YKR025W	YOR116C
YKR025W	YOR207C
YKR025W	YOR210W
YKR025W	YPR187W
YKR026C	YLR291C
YKR026C	YOR260W
YKR026C	YPL237W
YKR027W	YLR330W
YKR027W	YMR237W
YKR038C	YML036W
YKR060W	YLR129W
YKR060W	YLR186W
YKR060W	YLR197W
YKR060W	YLR409C
YKR060W	YMR093W
YKR060W	YNL132W
YKR060W	YOR096W
YKR060W	YPR144C
YKR068C	YOR115C
YKR081C	YLL008W
YKR081C	YLR002C
YKR081C	YLR029C
YKR081C	YLR276C
YKR081C	YMR290C
YKR081C	YNL002C
YKR081C	YNL061W
YKR081C	YNL110C
YKR081C	YNR053C
YKR081C	YOL127W
YKR081C	YOR063W
YKR081C	YOR096W
YKR081C	YOR206W
YKR081C	YPL093W
YKR081C	YPL131W
YKR081C	YPL198W
YKR081C	YPR016C
YKR085C	YLR439W
YKR085C	YML025C
YKR085C	YMR024W
YKR085C	YMR193W
YKR085C	YNL005C
YKR085C	YNL252C
YKR085C	YOR150W
YLL004W	YML065W
YLL004W	YNL261W
YLL008W	YLL034C
YLL008W	YLR002C
YLL008W	YLR276C
YLL008W	YMR229C
YLL008W	YMR290C
YLL008W	YNL002C
YLL008W	YNL061W
YLL008W	YNL110C
YLL008W	YOL127W
YLL008W	YOR063W
YLL008W	YOR206W
YLL008W	YOR272W
YLL008W	YPL093W
YLL008W	YPL131W
YLL008W	YPL198W
YLL008W	YPR016C
YLL034C	YLR002C
YLL034C	YLR449W
YLL034C	YMR242C
YLL034C	YMR290C
YLL034C	YNL002C
YLL034C	YNL061W
YLL034C	YOR063W
YLL034C	YOR206W
YLL034C	YOR272W
YLL034C	YPL093W
YLL036C	YMR240C
YLL036C	YMR288W
YLL036C	YPL213W
YLL036C	YPR101W
YLR002C	YLR029C
YLR002C	YLR449W
YLR002C	YMR290C
YLR002C	YNL002C
YLR002C	YNL061W
YLR002C	YNL110C
YLR002C	YOL041C
YLR002C	YOL127W
YLR002C	YOR063W
YLR002C	YOR206W
YLR002C	YOR272W
YLR002C	YPL093W
YLR002C	YPL131W
YLR002C	YPL198W
YLR002C	YPR016C
YLR029C	YLR340W
YLR029C	YLR448W
YLR029C	YML063W
YLR029C	YMR229C
YLR029C	YMR242C
YLR029C	YMR290C
YLR029C	YNL002C
YLR029C	YNL069C
YLR029C	YNL132W
YLR029C	YNL178W
YLR029C	YNL301C
YLR029C	YOL041C
YLR029C	YOL127W
YLR029C	YOR063W
YLR029C	YOR096W
YLR029C	YOR204W
YLR029C	YOR206W
YLR029C	YPL093W
YLR029C	YPL131W
YLR029C	YPL198W
YLR029C	YPL220W
YLR044C	YOL086C
YLR074C	YLR325C
YLR074C	YNR053C
YLR074C	YOL127W
YLR074C	YPL093W
YLR129W	YLR186W
YLR129W	YLR197W
YLR129W	YLR409C
YLR129W	YMR093W
YLR129W	YNL132W
YLR129W	YOR145C
YLR129W	YPL217C
YLR129W	YPL266W
YLR129W	YPR144C
YLR150W	YLR448W
YLR150W	YML063W
YLR150W	YMR242C
YLR150W	YNL069C
YLR150W	YNL112W
YLR150W	YOL127W
YLR150W	YOR063W
YLR150W	YOR096W
YLR150W	YPL198W
YLR186W	YLR197W
YLR186W	YLR409C
YLR186W	YMR093W
YLR186W	YNL132W
YLR186W	YOR096W
YLR186W	YOR145C
YLR186W	YPL217C
YLR186W	YPR144C
YLR197W	YLR409C
YLR197W	YLR448W
YLR197W	YMR093W
YLR197W	YMR229C
YLR197W	YMR290C
YLR197W	YNL075W
YLR197W	YNL132W
YLR197W	YOR096W
YLR197W	YPL217C
YLR197W	YPR144C
YLR200W	YML094W
YLR226W	YPR161C
YLR259C	YNL085W
YLR268W	YNL258C
YLR276C	YMR290C
YLR276C	YNL002C
YLR276C	YNL061W
YLR276C	YOL127W
YLR276C	YOR063W
YLR276C	YOR206W
YLR276C	YPL093W
YLR291C	YOR260W
YLR291C	YPL237W
YLR325C	YNR053C
YLR325C	YOL127W
YLR325C	YOR063W
YLR325C	YPL093W
YLR330W	YMR237W
YLR340W	YLR448W
YLR340W	YML063W
YLR340W	YMR242C
YLR340W	YNL069C
YLR340W	YNL132W
YLR340W	YNL178W
YLR340W	YNL301C
YLR340W	YOL127W
YLR340W	YPL220W
YLR367W	YML026C
YLR367W	YMR116C
YLR367W	YNL207W
YLR367W	YOL139C
YLR367W	YOR056C
YLR367W	YOR096W
YLR406C	YOL127W
YLR406C	YOR063W
YLR409C	YMR093W
YLR409C	YNL132W
YLR409C	YPL217C
YLR409C	YPR144C
YLR418C	YOL145C
YLR418C	YOR123C
YLR439W	YML025C
YLR439W	YMR024W
YLR439W	YMR193W
YLR439W	YNL005C
YLR439W	YNL252C
YLR439W	YOR150W
YLR448W	YML063W
YLR448W	YMR242C
YLR448W	YMR290C
YLR448W	YNL069C
YLR448W	YNL132W
YLR448W	YNL178W
YLR448W	YNL301C
YLR448W	YOL041C
YLR448W	YOL127W
YLR448W	YOR063W
YLR448W	YOR096W
YLR448W	YPL131W
YLR448W	YPL198W
YLR448W	YPL220W
YLR449W	YML074C
YLR449W	YMR242C
YLR449W	YMR290C
YLR449W	YNL061W
YLR449W	YOL127W
YLR449W	YOR063W
YLR449W	YOR206W
YLR449W	YPL093W
YLR449W	YPL131W
YLR449W	YPL146C
YLR449W	YPL198W
YML009C	YMR193W
YML009C	YNL252C
YML024W	YML063W
YML024W	YOR096W
YML024W	YOR204W
YML025C	YMR024W
YML025C	YMR193W
YML025C	YNL005C
YML025C	YNL252C
YML026C	YOR096W
YML063W	YMR242C
YML063W	YMR290C
YML063W	YNL069C
YML063W	YNL132W
YML063W	YNL178W
YML063W	YNL301C
YML063W	YOL127W
YML063W	YOR063W
YML063W	YOR096W
YML063W	YOR204W
YML063W	YPL198W
YML063W	YPL220W
YML065W	YNL261W
YML071C	YNL041C
YML124C	YMR012W
YMR005W	YMR236W
YMR024W	YMR193W
YMR024W	YNL005C
YMR024W	YNL252C
YMR024W	YOR150W
YMR048W	YNL273W
YMR078C	YNL290W
YMR078C	YOL094C
YMR083W	YOL086C
YMR093W	YNL075W
YMR093W	YNL132W
YMR093W	YOR096W
YMR093W	YOR145C
YMR093W	YPL217C
YMR093W	YPL266W
YMR093W	YPR144C
YMR116C	YOR096W
YMR158W	YMR188C
YMR158W	YNL137C
YMR158W	YOR158W
YMR188C	YNL137C
YMR188C	YOR158W
YMR193W	YNL005C
YMR193W	YNL252C
YMR223W	YMR236W
YMR223W	YPL254W
YMR229C	YMR290C
YMR229C	YNL061W
YMR229C	YNL132W
YMR229C	YOL041C
YMR229C	YOR206W
YMR229C	YOR272W
YMR230W	YNL178W
YMR236W	YPL254W
YMR240C	YMR288W
YMR240C	YOR308C
YMR240C	YPL213W
YMR242C	YMR290C
YMR242C	YNL002C
YMR242C	YNL069C
YMR242C	YNL178W
YMR242C	YNL301C
YMR242C	YNL302C
YMR242C	YOL041C
YMR242C	YOL127W
YMR242C	YOR063W
YMR242C	YOR096W
YMR242C	YOR204W
YMR242C	YOR206W
YMR242C	YPL093W
YMR242C	YPL131W
YMR242C	YPL198W
YMR242C	YPL220W
YMR263W	YNL330C
YMR263W	YOL004W
YMR288W	YPL213W
YMR288W	YPR101W
YMR290C	YNL002C
YMR290C	YNL061W
YMR290C	YNL069C
YMR290C	YNL110C
YMR290C	YNL132W
YMR290C	YNL308C
YMR290C	YOL041C
YMR290C	YOL127W
YMR290C	YOR063W
YMR290C	YOR096W
YMR290C	YOR206W
YMR290C	YOR272W
YMR290C	YPL093W
YMR290C	YPL131W
YMR290C	YPL198W
YMR290C	YPL220W
YMR290C	YPR016C
YNL002C	YNL061W
YNL002C	YNL110C
YNL002C	YNL182C
YNL002C	YNR053C
YNL002C	YOL041C
YNL002C	YOL127W
YNL002C	YOR063W
YNL002C	YOR206W
YNL002C	YOR272W
YNL002C	YPL093W
YNL002C	YPL131W
YNL002C	YPR016C
YNL005C	YNL252C
YNL005C	YOR150W
YNL005C	YOR204W
YNL061W	YNL110C
YNL061W	YOL041C
YNL061W	YOL127W
YNL061W	YOR063W
YNL061W	YOR206W
YNL061W	YOR272W
YNL061W	YPL093W
YNL061W	YPL131W
YNL061W	YPL198W
YNL061W	YPL220W
YNL061W	YPR016C
YNL069C	YNL178W
YNL069C	YNL301C
YNL069C	YOL127W
YNL069C	YOR063W
YNL069C	YOR096W
YNL069C	YOR204W
YNL069C	YPL143W
YNL069C	YPL198W
YNL069C	YPL220W
YNL075W	YPR144C
YNL110C	YNL182C
YNL110C	YOL127W
YNL110C	YOR063W
YNL110C	YOR206W
YNL110C	YOR272W
YNL110C	YPL093W
YNL110C	YPR016C
YNL112W	YOL127W
YNL112W	YOR063W
YNL132W	YNL178W
YNL132W	YOR063W
YNL132W	YOR096W
YNL132W	YPL081W
YNL132W	YPL198W
YNL132W	YPL217C
YNL132W	YPR144C
YNL137C	YOR158W
YNL151C	YOR116C
YNL151C	YOR207C
YNL151C	YOR210W
YNL151C	YPR187W
YNL178W	YNL301C
YNL178W	YOL127W
YNL178W	YOR063W
YNL178W	YOR096W
YNL178W	YPL131W
YNL178W	YPL198W
YNL182C	YNR053C
YNL182C	YOR063W
YNL182C	YPL093W
YNL182C	YPR016C
YNL207W	YOR056C
YNL207W	YOR145C
YNL207W	YPL266W
YNL221C	YNL282W
YNL238W	YOL031C
YNL252C	YOR150W
YNL290W	YOL094C
YNL290W	YOR217W
YNL301C	YOL127W
YNL301C	YOR063W
YNL301C	YOR096W
YNL301C	YOR204W
YNL301C	YOR206W
YNL301C	YPL131W
YNL330C	YOL004W
YNR053C	YOL127W
YNR053C	YOR063W
YNR053C	YPL093W
YNR053C	YPL131W
YNR053C	YPR016C
YOL005C	YOR210W
YOL005C	YPR187W
YOL041C	YOL127W
YOL041C	YOR063W
YOL041C	YOR206W
YOL041C	YOR272W
YOL041C	YPL131W
YOL041C	YPL198W
YOL086C	YOR133W
YOL094C	YOR217W
YOL127W	YOR063W
YOL127W	YOR096W
YOL127W	YOR206W
YOL127W	YPL093W
YOL127W	YPL131W
YOL127W	YPL143W
YOL127W	YPL198W
YOL127W	YPL220W
YOL127W	YPR016C
YOL127W	YPR067W
YOL139C	YOR276W
YOL145C	YOR123C
YOR063W	YOR096W
YOR063W	YOR206W
YOR063W	YOR272W
YOR063W	YPL093W
YOR063W	YPL131W
YOR063W	YPL143W
YOR063W	YPL198W
YOR063W	YPL220W
YOR063W	YPR016C
YOR096W	YPL081W
YOR096W	YPL131W
YOR096W	YPL198W
YOR096W	YPL217C
YOR096W	YPL220W
YOR096W	YPR144C
YOR116C	YOR207C
YOR116C	YOR210W
YOR116C	YPR187W
YOR145C	YPL266W
YOR204W	YOR361C
YOR204W	YPL081W
YOR204W	YPR041W
YOR206W	YOR272W
YOR206W	YPL093W
YOR206W	YPL131W
YOR206W	YPR016C
YOR207C	YOR210W
YOR207C	YPR187W
YOR210W	YOR341W
YOR210W	YPR010C
YOR210W	YPR187W
YOR260W	YPL237W
YOR272W	YPL093W
YOR272W	YPL131W
YOR272W	YPL198W
YOR308C	YPL213W
YOR341W	YPR010C
YOR341W	YPR187W
YOR361C	YPR041W
YPL093W	YPL131W
YPL093W	YPL198W
YPL093W	YPR016C
YPL131W	YPL198W
YPL131W	YPR016C
YPL198W	YPL220W
YPL213W	YPR101W
YPL217C	YPR144C
YPL266W	YPR144C
YPR010C	YPR187W
