YAL002W	YLR148W
YAL002W	YLR396C
YAL002W	YPL045W
YAL003W	YEL034W
YAL003W	YHR064C
YAL003W	YKL081W
YAL003W	YPL048W
YAL013W	YDL076C
YAL013W	YIL084C
YAL013W	YMR263W
YAL013W	YNL097C
YAL013W	YOL004W
YAL016W	YDL134C
YAL016W	YDL188C
YAL016W	YGL190C
YAL016W	YMR273C
YAL016W	YOR014W
YAL021C	YGR134W
YAL021C	YNR052C
YAL024C	YHR158C
YAL027W	YML095C
YAL027W	YPL022W
YAL029C	YFL039C
YAL029C	YHR023W
YAL029C	YOR326W
YAL032C	YDL209C
YAL032C	YDR364C
YAL032C	YDR416W
YAL032C	YGR278W
YAL032C	YJR050W
YAL032C	YKL173W
YAL032C	YLR117C
YAL032C	YML049C
YAL032C	YMR288W
YAL032C	YPL151C
YAL032C	YPL213W
YAL032C	YPR101W
YAL033W	YBL018C
YAL033W	YBR257W
YAL033W	YGR030C
YAL033W	YHR062C
YAL033W	YNL221C
YAL033W	YNL282W
YAL034W-A	YIR010W
YAL034W-A	YJR112W
YAL034W-A	YPL233W
YAL035W	YBR079C
YAL035W	YDL014W
YAL035W	YDL082W
YAL035W	YDR091C
YAL035W	YDR418W
YAL035W	YDR496C
YAL035W	YGL076C
YAL035W	YJL190C
YAL035W	YJR123W
YAL035W	YJR145C
YAL035W	YNL178W
YAL035W	YOR063W
YAL035W	YOR361C
YAL035W	YPL198W
YAL043C	YDR301W
YAL043C	YER133W
YAL043C	YGR156W
YAL043C	YJR093C
YAL043C	YKL059C
YAL043C	YLR115W
YAL043C	YLR277C
YAL043C	YNL317W
YAL043C	YOR179C
YAL043C	YPR107C
YAL047C	YHR172W
YAL047C	YNL126W
YAR002C-A	YGL200C
YAR002C-A	YML012W
YAR003W	YBR175W
YAR003W	YBR258C
YAR003W	YDR469W
YAR003W	YPL138C
YAR007C	YNL312W
YAR007C	YOL090W
YBL004W	YBL072C
YBL004W	YBR189W
YBL004W	YBR247C
YBL004W	YCL059C
YBL004W	YCR057C
YBL004W	YDL014W
YBL004W	YDL148C
YBL004W	YDL213C
YBL004W	YDR064W
YBL004W	YDR299W
YBL004W	YDR449C
YBL004W	YER082C
YBL004W	YGR128C
YBL004W	YHR148W
YBL004W	YHR196W
YBL004W	YJR002W
YBL004W	YKR060W
YBL004W	YLL011W
YBL004W	YLR129W
YBL004W	YLR186W
YBL004W	YLR197W
YBL004W	YLR222C
YBL004W	YLR367W
YBL004W	YLR409C
YBL004W	YMR128W
YBL004W	YMR229C
YBL004W	YOR096W
YBL004W	YOR145C
YBL004W	YPL012W
YBL004W	YPL217C
YBL004W	YPL266W
YBL004W	YPR137W
YBL004W	YPR144C
YBL007C	YOR181W
YBL018C	YBR257W
YBL018C	YGR030C
YBL018C	YHR062C
YBL018C	YNL221C
YBL018C	YNL282W
YBL021C	YOR358W
YBL026W	YBR055C
YBL026W	YCR077C
YBL026W	YDL098C
YBL026W	YDR378C
YBL026W	YDR473C
YBL026W	YER112W
YBL026W	YER146W
YBL026W	YGL173C
YBL026W	YGR074W
YBL026W	YGR091W
YBL026W	YJR022W
YBL026W	YKL173W
YBL026W	YLR147C
YBL026W	YLR438C-A
YBL026W	YOR308C
YBL026W	YPR082C
YBL027W	YBL092W
YBL027W	YCR031C
YBL027W	YDL075W
YBL027W	YDL082W
YBL027W	YDR012W
YBL027W	YDR064W
YBL027W	YDR382W
YBL027W	YDR471W
YBL027W	YER074W
YBL027W	YFR032C-A
YBL027W	YGL014W
YBL027W	YGL030W
YBL027W	YGL031C
YBL027W	YGL123W
YBL027W	YGL147C
YBL027W	YGR085C
YBL027W	YJR123W
YBL027W	YKL180W
YBL027W	YLR029C
YBL027W	YLR150W
YBL027W	YLR287C-A
YBL027W	YLR344W
YBL027W	YLR441C
YBL027W	YLR448W
YBL027W	YML063W
YBL027W	YML073C
YBL027W	YMR242C
YBL027W	YNL069C
YBL027W	YNL178W
YBL027W	YNL301C
YBL027W	YOR063W
YBL027W	YOR096W
YBL027W	YPL090C
YBL027W	YPL249C-A
YBL037W	YOL062C
YBL038W	YBR122C
YBL038W	YCR046C
YBL038W	YCR071C
YBL038W	YDR116C
YBL038W	YDR237W
YBL038W	YDR296W
YBL038W	YDR322W
YBL038W	YDR462W
YBL038W	YGR220C
YBL038W	YJL063C
YBL038W	YKL167C
YBL038W	YLR312W-A
YBL038W	YLR439W
YBL038W	YMR024W
YBL038W	YNL005C
YBL038W	YNL252C
YBL038W	YOR150W
YBL045C	YPR191W
YBL046W	YML010W
YBL046W	YNL201C
YBL056W	YDR071C
YBL058W	YDL126C
YBL072C	YBR079C
YBL072C	YBR189W
YBL072C	YBR247C
YBL072C	YCL011C
YBL072C	YCL059C
YBL072C	YCR031C
YBL072C	YDL014W
YBL072C	YDL082W
YBL072C	YDL148C
YBL072C	YDR064W
YBL072C	YDR418W
YBL072C	YDR449C
YBL072C	YDR471W
YBL072C	YER074W
YBL072C	YGL076C
YBL072C	YGL120C
YBL072C	YGL147C
YBL072C	YGR054W
YBL072C	YGR085C
YBL072C	YHL034C
YBL072C	YJL190C
YBL072C	YJR002W
YBL072C	YJR123W
YBL072C	YJR145C
YBL072C	YKL180W
YBL072C	YLL011W
YBL072C	YLR029C
YBL072C	YLR129W
YBL072C	YLR186W
YBL072C	YLR197W
YBL072C	YLR287C-A
YBL072C	YLR340W
YBL072C	YLR441C
YBL072C	YLR448W
YBL072C	YML063W
YBL072C	YML073C
YBL072C	YMR128W
YBL072C	YMR229C
YBL072C	YMR242C
YBL072C	YMR290C
YBL072C	YNL178W
YBL072C	YOR063W
YBL072C	YOR096W
YBL072C	YOR361C
YBL072C	YPL012W
YBL072C	YPL090C
YBL072C	YPL198W
YBL072C	YPR144C
YBL084C	YDR118W
YBL084C	YKL022C
YBL084C	YNL172W
YBL087C	YDR361C
YBL087C	YGL111W
YBL087C	YMR290C
YBL087C	YPL208W
YBL090W	YDL045W-A
YBL090W	YDR036C
YBL090W	YDR041W
YBL090W	YDR175C
YBL090W	YDR337W
YBL090W	YGL129C
YBL090W	YGR215W
YBL090W	YHL004W
YBL090W	YJR101W
YBL090W	YJR113C
YBL090W	YKL155C
YBL090W	YMR188C
YBL090W	YNL137C
YBL090W	YNL306W
YBL090W	YNR037C
YBL090W	YOR158W
YBL090W	YPL013C
YBL092W	YDL075W
YBL092W	YDL082W
YBL092W	YDR064W
YBL092W	YDR382W
YBL092W	YDR471W
YBL092W	YER074W
YBL092W	YFR032C-A
YBL092W	YGL014W
YBL092W	YGL030W
YBL092W	YGL031C
YBL092W	YGL147C
YBL092W	YGR085C
YBL092W	YGR118W
YBL092W	YHR029C
YBL092W	YJR094W-A
YBL092W	YJR123W
YBL092W	YKL180W
YBL092W	YLR029C
YBL092W	YLR287C-A
YBL092W	YLR441C
YBL092W	YLR448W
YBL092W	YML063W
YBL092W	YML073C
YBL092W	YNL069C
YBL092W	YNL301C
YBL092W	YOR063W
YBL092W	YOR096W
YBL097W	YFR031C
YBL097W	YLR272C
YBL103C	YOL067C
YBR010W	YLL022C
YBR011C	YDL203C
YBR011C	YLR371W
YBR011C	YLR425W
YBR025C	YDL185W
YBR025C	YGL195W
YBR025C	YKL081W
YBR055C	YBR152W
YBR055C	YCR077C
YBR055C	YDL030W
YBR055C	YDL043C
YBR055C	YDL098C
YBR055C	YDR378C
YBR055C	YDR473C
YBR055C	YER112W
YBR055C	YER146W
YBR055C	YGR074W
YBR055C	YGR091W
YBR055C	YKL173W
YBR055C	YLR147C
YBR055C	YML046W
YBR055C	YML049C
YBR055C	YMR240C
YBR055C	YMR288W
YBR055C	YOR159C
YBR055C	YOR308C
YBR055C	YPL213W
YBR055C	YPR082C
YBR055C	YPR182W
YBR060C	YLL004W
YBR060C	YNL261W
YBR060C	YPR162C
YBR065C	YDL209C
YBR065C	YLR117C
YBR065C	YPL151C
YBR065C	YPR101W
YBR079C	YDR064W
YBR079C	YDR091C
YBR079C	YER025W
YBR079C	YJR007W
YBR079C	YNL244C
YBR079C	YOR096W
YBR079C	YOR361C
YBR079C	YPL081W
YBR079C	YPL237W
YBR081C	YBR198C
YBR081C	YCL010C
YBR081C	YDR167W
YBR081C	YDR448W
YBR081C	YGL066W
YBR081C	YGR252W
YBR081C	YGR274C
YBR081C	YHR099W
YBR081C	YLR055C
YBR081C	YMR223W
YBR081C	YMR227C
YBR081C	YMR236W
YBR081C	YOL148C
YBR081C	YPL011C
YBR081C	YPL254W
YBR102C	YDR166C
YBR102C	YER008C
YBR102C	YGL233W
YBR102C	YIL068C
YBR102C	YLR166C
YBR102C	YPR055W
YBR103W	YCR033W
YBR103W	YDR155C
YBR103W	YGL194C
YBR103W	YIL112W
YBR103W	YKR029C
YBR103W	YOL068C
YBR105C	YDL082W
YBR105C	YGL227W
YBR105C	YIL017C
YBR105C	YIL097W
YBR107C	YBR211C
YBR107C	YDR318W
YBR117C	YPR074C
YBR119W	YDR235W
YBR119W	YDR240C
YBR119W	YGR074W
YBR119W	YHR086W
YBR119W	YIL061C
YBR119W	YKL012W
YBR119W	YLR147C
YBR119W	YML046W
YBR119W	YMR125W
YBR119W	YOR159C
YBR119W	YPL178W
YBR119W	YPR182W
YBR122C	YCR046C
YBR122C	YCR071C
YBR122C	YDR116C
YBR122C	YDR237W
YBR122C	YDR296W
YBR122C	YDR322W
YBR122C	YDR462W
YBR122C	YGR220C
YBR122C	YHR147C
YBR122C	YJL063C
YBR122C	YKL167C
YBR122C	YLR439W
YBR122C	YMR024W
YBR122C	YNL005C
YBR122C	YNL252C
YBR122C	YOR150W
YBR123C	YDR362C
YBR123C	YGR047C
YBR123C	YPL007C
YBR125C	YDR071C
YBR125C	YDR186C
YBR126C	YMR261C
YBR127C	YDL185W
YBR128C	YPL120W
YBR136W	YNL312W
YBR142W	YDL014W
YBR142W	YDR060W
YBR142W	YDR496C
YBR142W	YGL076C
YBR142W	YGR085C
YBR142W	YHR052W
YBR142W	YJR145C
YBR142W	YLL008W
YBR142W	YLR029C
YBR142W	YML073C
YBR142W	YMR049C
YBR142W	YMR229C
YBR142W	YMR290C
YBR142W	YNL002C
YBR142W	YNL061W
YBR142W	YOL041C
YBR142W	YOR063W
YBR142W	YPL198W
YBR142W	YPL211W
YBR142W	YPL249C-A
YBR143C	YPL237W
YBR152W	YDL098C
YBR152W	YDR473C
YBR152W	YGR091W
YBR152W	YOR308C
YBR169C	YDR349C
YBR175W	YPL138C
YBR189W	YBR247C
YBR189W	YCL011C
YBR189W	YCR031C
YBR189W	YDL014W
YBR189W	YDL148C
YBR189W	YDR064W
YBR189W	YDR382W
YBR189W	YDR418W
YBR189W	YDR449C
YBR189W	YDR471W
YBR189W	YER074W
YBR189W	YGL030W
YBR189W	YGL031C
YBR189W	YGL147C
YBR189W	YGL173C
YBR189W	YGR081C
YBR189W	YGR085C
YBR189W	YGR214W
YBR189W	YJL190C
YBR189W	YJR002W
YBR189W	YJR123W
YBR189W	YJR145C
YBR189W	YKL180W
YBR189W	YLR029C
YBR189W	YLR186W
YBR189W	YLR197W
YBR189W	YLR264W
YBR189W	YLR340W
YBR189W	YLR367W
YBR189W	YLR441C
YBR189W	YML056C
YBR189W	YML063W
YBR189W	YML073C
YBR189W	YMR242C
YBR189W	YNL069C
YBR189W	YNL178W
YBR189W	YNL301C
YBR189W	YOR063W
YBR189W	YOR096W
YBR189W	YOR145C
YBR189W	YOR204W
YBR189W	YPL012W
YBR189W	YPL081W
YBR189W	YPL090C
YBR189W	YPL266W
YBR198C	YCL010C
YBR198C	YDR167W
YBR198C	YDR448W
YBR198C	YGL066W
YBR198C	YGR252W
YBR198C	YGR274C
YBR198C	YHR099W
YBR198C	YLR055C
YBR198C	YMR223W
YBR198C	YMR227C
YBR198C	YMR236W
YBR198C	YOL148C
YBR198C	YPL011C
YBR198C	YPL047W
YBR198C	YPL254W
YBR211C	YDR318W
YBR211C	YDR383C
YBR211C	YGR179C
YBR211C	YLR381W
YBR211C	YPL018W
YBR229C	YDR221W
YBR231C	YDR190C
YBR231C	YDR334W
YBR231C	YDR485C
YBR231C	YFL039C
YBR231C	YGR002C
YBR231C	YJL081C
YBR231C	YLR085C
YBR231C	YLR385C
YBR231C	YLR399C
YBR234C	YDL029W
YBR234C	YIL062C
YBR234C	YKL013C
YBR234C	YLR370C
YBR245C	YCR052W
YBR245C	YDR190C
YBR245C	YDR303C
YBR245C	YFL039C
YBR245C	YFR037C
YBR245C	YGL133W
YBR245C	YKR001C
YBR245C	YKR008W
YBR245C	YLR033W
YBR245C	YMR072W
YBR245C	YNL030W
YBR245C	YOL017W
YBR245C	YPL082C
YBR247C	YDL014W
YBR247C	YDL148C
YBR247C	YDR064W
YBR247C	YDR449C
YBR247C	YHR148W
YBR247C	YJR002W
YBR247C	YJR145C
YBR247C	YKL143W
YBR247C	YLR186W
YBR247C	YMR128W
YBR247C	YNL178W
YBR247C	YOR096W
YBR247C	YPL012W
YBR247C	YPL204W
YBR247C	YPL217C
YBR247C	YPL266W
YBR247C	YPR144C
YBR253W	YCR081W
YBR253W	YDR443C
YBR253W	YDR448W
YBR253W	YGL025C
YBR253W	YGL127C
YBR253W	YGL151W
YBR253W	YGR104C
YBR253W	YHR041C
YBR253W	YHR058C
YBR253W	YMR112C
YBR253W	YPL042C
YBR253W	YPR070W
YBR253W	YPR168W
YBR254C	YDR108W
YBR254C	YDR246W
YBR254C	YDR407C
YBR254C	YKR068C
YBR254C	YMR218C
YBR257W	YDR478W
YBR257W	YGR030C
YBR257W	YHR062C
YBR257W	YNL221C
YBR258C	YDR469W
YBR258C	YPL138C
YBR279W	YGL019W
YBR279W	YLR418C
YBR279W	YOR039W
YBR279W	YOR061W
YBR279W	YOR123C
YBR280C	YNL141W
YBR282W	YCR046C
YBR282W	YDR116C
YBR282W	YDR237W
YBR282W	YDR296W
YBR282W	YDR322W
YBR282W	YLR439W
YBR282W	YMR024W
YBR282W	YNL005C
YBR282W	YNL252C
YBR289W	YFL049W
YBR289W	YMR033W
YBR289W	YOR290C
YBR289W	YPL016W
YBR289W	YPR034W
YCL008C	YGR206W
YCL008C	YLR119W
YCL008C	YPL065W
YCL010C	YDR167W
YCL010C	YDR448W
YCL010C	YGL066W
YCL010C	YGR252W
YCL010C	YHR099W
YCL010C	YLR055C
YCL010C	YMR223W
YCL010C	YMR236W
YCL010C	YOL148C
YCL010C	YPL254W
YCL011C	YDL014W
YCL011C	YDL084W
YCL011C	YDR064W
YCL011C	YDR381W
YCL011C	YGL120C
YCL011C	YGL173C
YCL011C	YGR162W
YCL011C	YHL034C
YCL011C	YJR145C
YCL011C	YLR432W
YCL011C	YML062C
YCL011C	YMR125W
YCL011C	YNL253W
YCL011C	YOL139C
YCL011C	YOR204W
YCL011C	YPL081W
YCL017C	YER048W-A
YCL024W	YDR507C
YCL032W	YLR362W
YCL059C	YDL014W
YCL059C	YDL148C
YCL059C	YDL213C
YCL059C	YDR299W
YCL059C	YER082C
YCL059C	YHR148W
YCL059C	YJR002W
YCL059C	YJR145C
YCL059C	YLL011W
YCL059C	YLR175W
YCL059C	YLR186W
YCL059C	YLR197W
YCL059C	YMR128W
YCL059C	YMR229C
YCL059C	YMR290C
YCL059C	YPL217C
YCL059C	YPR144C
YCR012W	YKL060C
YCR012W	YLR044C
YCR014C	YDR108W
YCR014C	YDR427W
YCR014C	YFR004W
YCR014C	YFR052W
YCR014C	YKL145W
YCR014C	YLR421C
YCR014C	YOR259C
YCR020C-A	YPR051W
YCR020W-B	YCR052W
YCR020W-B	YDR303C
YCR020W-B	YFR037C
YCR020W-B	YGR056W
YCR020W-B	YKR008W
YCR020W-B	YLR033W
YCR020W-B	YLR321C
YCR020W-B	YMR033W
YCR020W-B	YPR034W
YCR028C-A	YNL312W
YCR031C	YDL014W
YCR031C	YDL075W
YCR031C	YDL082W
YCR031C	YDL148C
YCR031C	YDR064W
YCR031C	YDR382W
YCR031C	YDR418W
YCR031C	YDR471W
YCR031C	YER074W
YCR031C	YGL030W
YCR031C	YGL031C
YCR031C	YGL076C
YCR031C	YGL123W
YCR031C	YGL147C
YCR031C	YGR085C
YCR031C	YJL190C
YCR031C	YJR123W
YCR031C	YKL180W
YCR031C	YLR029C
YCR031C	YLR150W
YCR031C	YLR287C-A
YCR031C	YLR340W
YCR031C	YLR441C
YCR031C	YLR448W
YCR031C	YML063W
YCR031C	YML073C
YCR031C	YMR142C
YCR031C	YMR242C
YCR031C	YNL069C
YCR031C	YNL178W
YCR031C	YNL301C
YCR031C	YNL302C
YCR031C	YOR063W
YCR031C	YOR096W
YCR031C	YOR204W
YCR031C	YPL090C
YCR031C	YPL249C-A
YCR033W	YDR155C
YCR033W	YGL194C
YCR033W	YIL112W
YCR033W	YKR029C
YCR046C	YCR071C
YCR046C	YDR116C
YCR046C	YDR237W
YCR046C	YDR296W
YCR046C	YDR322W
YCR046C	YDR462W
YCR046C	YGR220C
YCR046C	YHR147C
YCR046C	YJL063C
YCR046C	YKL167C
YCR046C	YLR312W-A
YCR046C	YLR439W
YCR046C	YMR024W
YCR046C	YNL005C
YCR046C	YNL177C
YCR046C	YNL252C
YCR046C	YOR150W
YCR052W	YDR303C
YCR052W	YFR037C
YCR052W	YGR056W
YCR052W	YKR008W
YCR052W	YLR033W
YCR052W	YLR321C
YCR052W	YMR033W
YCR052W	YPR034W
YCR057C	YDL014W
YCR057C	YDL148C
YCR057C	YDR064W
YCR057C	YDR449C
YCR057C	YER082C
YCR057C	YGR128C
YCR057C	YHR148W
YCR057C	YHR196W
YCR057C	YJL069C
YCR057C	YJR002W
YCR057C	YJR145C
YCR057C	YKR060W
YCR057C	YLL011W
YCR057C	YLR129W
YCR057C	YLR186W
YCR057C	YLR197W
YCR057C	YLR222C
YCR057C	YLR409C
YCR057C	YMR128W
YCR057C	YOR145C
YCR057C	YPL217C
YCR057C	YPL266W
YCR057C	YPR137W
YCR057C	YPR144C
YCR063W	YDL030W
YCR063W	YDL209C
YCR063W	YLR117C
YCR063W	YML049C
YCR063W	YPL151C
YCR063W	YPR101W
YCR066W	YGL058W
YCR071C	YDR116C
YCR071C	YDR237W
YCR071C	YDR296W
YCR071C	YDR322W
YCR071C	YDR462W
YCR071C	YGR220C
YCR071C	YJL063C
YCR071C	YKL167C
YCR071C	YLR312W-A
YCR071C	YLR439W
YCR071C	YMR024W
YCR071C	YNL005C
YCR071C	YNL252C
YCR071C	YOR150W
YCR076C	YER094C
YCR077C	YDR378C
YCR077C	YDR473C
YCR077C	YER112W
YCR077C	YER146W
YCR077C	YGL173C
YCR077C	YGR091W
YCR077C	YKL173W
YCR077C	YLR147C
YCR077C	YLR438C-A
YCR077C	YOR308C
YCR077C	YPR082C
YCR081W	YDR443C
YCR081W	YGL025C
YCR081W	YGL127C
YCR081W	YGL151W
YCR081W	YGR104C
YCR081W	YHR041C
YCR081W	YHR058C
YCR081W	YMR112C
YCR081W	YNL025C
YCR081W	YPL042C
YCR081W	YPR070W
YCR081W	YPR168W
YCR088W	YDR129C
YCR088W	YFL039C
YCR088W	YLR429W
YCR088W	YPL004C
YCR092C	YOL090W
YDL002C	YDR190C
YDL002C	YFL013C
YDL002C	YFL039C
YDL002C	YGL150C
YDL002C	YJL081C
YDL002C	YLR052W
YDL002C	YNL059C
YDL002C	YPL129W
YDL013W	YDR320C
YDL013W	YFR004W
YDL013W	YKL145W
YDL013W	YLR421C
YDL013W	YOR259C
YDL014W	YDL082W
YDL014W	YDL148C
YDL014W	YDR060W
YDL014W	YDR064W
YDL014W	YDR299W
YDL014W	YDR449C
YDL014W	YDR496C
YDL014W	YER082C
YDL014W	YGL030W
YDL014W	YGL120C
YDL014W	YGR085C
YDL014W	YGR128C
YDL014W	YHR148W
YDL014W	YJL033W
YDL014W	YJL190C
YDL014W	YJR002W
YDL014W	YJR145C
YDL014W	YKR060W
YDL014W	YLL008W
YDL014W	YLL011W
YDL014W	YLR029C
YDL014W	YLR129W
YDL014W	YLR175W
YDL014W	YLR186W
YDL014W	YLR197W
YDL014W	YLR222C
YDL014W	YLR409C
YDL014W	YML063W
YDL014W	YMR128W
YDL014W	YMR229C
YDL014W	YMR290C
YDL014W	YNL061W
YDL014W	YNL069C
YDL014W	YOL077C
YDL014W	YOR063W
YDL014W	YOR096W
YDL014W	YOR206W
YDL014W	YPL012W
YDL014W	YPL198W
YDL014W	YPL217C
YDL014W	YPR137W
YDL014W	YPR144C
YDL029W	YIL062C
YDL029W	YKL013C
YDL029W	YLR370C
YDL030W	YDL043C
YDL030W	YDL098C
YDL030W	YDL209C
YDL030W	YDR416W
YDL030W	YDR473C
YDL030W	YGR074W
YDL030W	YGR091W
YDL030W	YIR009W
YDL030W	YKL173W
YDL030W	YLR117C
YDL030W	YLR147C
YDL030W	YML046W
YDL030W	YML049C
YDL030W	YMR125W
YDL030W	YMR240C
YDL030W	YMR288W
YDL030W	YOR308C
YDL030W	YOR319W
YDL030W	YPL151C
YDL030W	YPL213W
YDL030W	YPR082C
YDL030W	YPR101W
YDL040C	YHR013C
YDL040C	YPL198W
YDL042C	YDR227W
YDL042C	YJL076W
YDL043C	YKL173W
YDL043C	YLR147C
YDL043C	YML049C
YDL043C	YMR125W
YDL043C	YMR240C
YDL043C	YMR288W
YDL043C	YOR319W
YDL043C	YPL213W
YDL045W-A	YDR175C
YDL045W-A	YJR113C
YDL045W-A	YNL306W
YDL051W	YGR162W
YDL051W	YKL122C
YDL051W	YPL243W
YDL051W	YPR088C
YDL055C	YNL149C
YDL066W	YJL034W
YDL074C	YPL055C
YDL075W	YDL082W
YDL075W	YDR012W
YDL075W	YDR064W
YDL075W	YDR382W
YDL075W	YDR418W
YDL075W	YDR471W
YDL075W	YER074W
YDL075W	YFR032C-A
YDL075W	YGL014W
YDL075W	YGL030W
YDL075W	YGL076C
YDL075W	YGL147C
YDL075W	YGR085C
YDL075W	YGR103W
YDL075W	YJL190C
YDL075W	YJR123W
YDL075W	YKL180W
YDL075W	YLR029C
YDL075W	YLR287C-A
YDL075W	YLR340W
YDL075W	YLR367W
YDL075W	YLR448W
YDL075W	YML063W
YDL075W	YML073C
YDL075W	YMR242C
YDL075W	YNL002C
YDL075W	YNL069C
YDL075W	YNL301C
YDL075W	YOR063W
YDL075W	YOR096W
YDL075W	YPL012W
YDL075W	YPL090C
YDL075W	YPL198W
YDL075W	YPL249C-A
YDL075W	YPR067W
YDL076C	YIL084C
YDL076C	YMR263W
YDL076C	YNL097C
YDL076C	YOL004W
YDL077C	YLR148W
YDL077C	YLR396C
YDL077C	YPL045W
YDL081C	YDR382W
YDL082W	YDR012W
YDL082W	YDR064W
YDL082W	YDR382W
YDL082W	YDR418W
YDL082W	YDR471W
YDL082W	YEL054C
YDL082W	YER074W
YDL082W	YFR032C-A
YDL082W	YGL014W
YDL082W	YGL030W
YDL082W	YGL031C
YDL082W	YGL076C
YDL082W	YGL147C
YDL082W	YGR085C
YDL082W	YGR103W
YDL082W	YJL190C
YDL082W	YJR123W
YDL082W	YJR145C
YDL082W	YKL172W
YDL082W	YKL180W
YDL082W	YLR029C
YDL082W	YLR287C-A
YDL082W	YLR340W
YDL082W	YLR441C
YDL082W	YLR448W
YDL082W	YML063W
YDL082W	YML073C
YDL082W	YMR142C
YDL082W	YMR242C
YDL082W	YMR290C
YDL082W	YNL069C
YDL082W	YNL178W
YDL082W	YNL301C
YDL082W	YOL041C
YDL082W	YOL077C
YDL082W	YOR063W
YDL082W	YOR096W
YDL082W	YPL090C
YDL082W	YPL198W
YDL082W	YPL249C-A
YDL084W	YDR381W
YDL084W	YML062C
YDL084W	YNL004W
YDL090C	YKL019W
YDL097C	YDR363W-A
YDL097C	YDR427W
YDL097C	YFR004W
YDL097C	YFR010W
YDL097C	YFR052W
YDL097C	YGL048C
YDL097C	YGR232W
YDL097C	YHL030W
YDL097C	YIL075C
YDL097C	YKL145W
YDL097C	YLR421C
YDL097C	YOR259C
YDL098C	YDR378C
YDL098C	YDR473C
YDL098C	YGR074W
YDL098C	YGR091W
YDL098C	YKL173W
YDL098C	YLR147C
YDL098C	YML049C
YDL098C	YMR240C
YDL098C	YMR288W
YDL098C	YOR308C
YDL098C	YPL213W
YDL098C	YPR082C
YDL100C	YER083C
YDL111C	YDR280W
YDL111C	YGR095C
YDL111C	YGR158C
YDL111C	YGR195W
YDL111C	YHR081W
YDL111C	YOL021C
YDL111C	YOL142W
YDL111C	YOR001W
YDL111C	YOR076C
YDL112W	YKL182W
YDL115C	YDL140C
YDL115C	YDR404C
YDL115C	YGR005C
YDL115C	YGR186W
YDL115C	YIL021W
YDL115C	YJL140W
YDL115C	YOL005C
YDL115C	YOR210W
YDL115C	YOR224C
YDL115C	YPR187W
YDL116W	YGL100W
YDL116W	YJR042W
YDL116W	YLR208W
YDL126C	YDR049W
YDL126C	YGR048W
YDL131W	YDL182W
YDL132W	YDR054C
YDL132W	YDR328C
YDL132W	YJL047C
YDL134C	YDL188C
YDL134C	YGL190C
YDL134C	YMR273C
YDL140C	YDR404C
YDL140C	YER139C
YDL140C	YGL043W
YDL140C	YGR005C
YDL140C	YGR063C
YDL140C	YGR186W
YDL140C	YIL021W
YDL140C	YJL140W
YDL140C	YML010W
YDL140C	YOL005C
YDL140C	YOR210W
YDL140C	YOR224C
YDL140C	YPL129W
YDL140C	YPR093C
YDL140C	YPR187W
YDL143W	YDR188W
YDL143W	YGL195W
YDL145C	YDR238C
YDL145C	YFR051C
YDL145C	YGL137W
YDL145C	YNL287W
YDL148C	YDR064W
YDL148C	YDR299W
YDL148C	YDR449C
YDL148C	YER082C
YDL148C	YGR128C
YDL148C	YHR148W
YDL148C	YJR002W
YDL148C	YJR145C
YDL148C	YKR060W
YDL148C	YLL011W
YDL148C	YLR129W
YDL148C	YLR186W
YDL148C	YLR197W
YDL148C	YMR128W
YDL148C	YMR229C
YDL148C	YOR096W
YDL148C	YPL012W
YDL148C	YPL217C
YDL148C	YPR144C
YDL156W	YNL312W
YDL165W	YPR072W
YDL175C	YJL050W
YDL175C	YLR430W
YDL175C	YOL115W
YDL175C	YPL190C
YDL185W	YFR009W
YDL185W	YOR332W
YDL185W	YPR036W
YDL188C	YGL190C
YDL188C	YMR273C
YDL188C	YOR014W
YDL195W	YLR208W
YDL201W	YDR165W
YDL203C	YLR371W
YDL208W	YHR089C
YDL208W	YLR175W
YDL208W	YMR310C
YDL209C	YDR364C
YDL209C	YDR416W
YDL209C	YGL120C
YDL209C	YGR278W
YDL209C	YKL173W
YDL209C	YLR117C
YDL209C	YML049C
YDL209C	YMR125W
YDL209C	YMR288W
YDL209C	YPL151C
YDL209C	YPL213W
YDL209C	YPR101W
YDL216C	YDR179C
YDL216C	YIL071C
YDL216C	YOL117W
YDL225W	YHR107C
YDL225W	YJR076C
YDL225W	YLR314C
YDR001C	YDR099W
YDR001C	YER177W
YDR005C	YOR116C
YDR012W	YDR382W
YDR012W	YDR418W
YDR012W	YDR471W
YDR012W	YDR496C
YDR012W	YER074W
YDR012W	YGL147C
YDR012W	YGR085C
YDR012W	YJR123W
YDR012W	YJR145C
YDR012W	YKL180W
YDR012W	YKR081C
YDR012W	YLR029C
YDR012W	YLR340W
YDR012W	YLR441C
YDR012W	YLR448W
YDR012W	YML063W
YDR012W	YML073C
YDR012W	YMR242C
YDR012W	YMR290C
YDR012W	YNL061W
YDR012W	YNL069C
YDR012W	YNL178W
YDR012W	YNL301C
YDR012W	YOL041C
YDR012W	YOR063W
YDR012W	YOR096W
YDR012W	YPL090C
YDR012W	YPL198W
YDR013W	YJL072C
YDR016C	YDR201W
YDR016C	YGL061C
YDR016C	YKL052C
YDR016C	YKR037C
YDR027C	YDR484W
YDR027C	YJL029C
YDR028C	YDR477W
YDR028C	YER027C
YDR028C	YER133W
YDR028C	YER177W
YDR028C	YGL115W
YDR036C	YDR041W
YDR036C	YDR175C
YDR036C	YDR337W
YDR036C	YGL129C
YDR036C	YHL004W
YDR036C	YJR101W
YDR036C	YJR113C
YDR036C	YKL155C
YDR036C	YMR188C
YDR036C	YNL137C
YDR036C	YNL306W
YDR041W	YDR175C
YDR041W	YDR337W
YDR041W	YER050C
YDR041W	YGL129C
YDR041W	YGR215W
YDR041W	YHL004W
YDR041W	YJR101W
YDR041W	YJR113C
YDR041W	YKL155C
YDR041W	YMR188C
YDR041W	YNL137C
YDR041W	YNL306W
YDR041W	YNR037C
YDR041W	YOR158W
YDR041W	YOR204W
YDR041W	YPL013C
YDR050C	YKL060C
YDR054C	YJL047C
YDR060W	YDR496C
YDR060W	YFL002C
YDR060W	YGL076C
YDR060W	YGL111W
YDR060W	YGR103W
YDR060W	YHR052W
YDR060W	YKL172W
YDR060W	YKR081C
YDR060W	YLL008W
YDR060W	YLR002C
YDR060W	YLR029C
YDR060W	YLR276C
YDR060W	YMR049C
YDR060W	YMR229C
YDR060W	YMR290C
YDR060W	YNL002C
YDR060W	YNL061W
YDR060W	YNL301C
YDR060W	YOL041C
YDR060W	YOL077C
YDR060W	YOR063W
YDR060W	YOR206W
YDR060W	YPL012W
YDR060W	YPL211W
YDR064W	YDR382W
YDR064W	YDR418W
YDR064W	YDR449C
YDR064W	YDR471W
YDR064W	YER074W
YDR064W	YER082C
YDR064W	YGL014W
YDR064W	YGL030W
YDR064W	YGL120C
YDR064W	YGL147C
YDR064W	YGR054W
YDR064W	YGR085C
YDR064W	YHL034C
YDR064W	YHR148W
YDR064W	YJL190C
YDR064W	YJR002W
YDR064W	YJR123W
YDR064W	YJR145C
YDR064W	YKL180W
YDR064W	YLL011W
YDR064W	YLR029C
YDR064W	YLR129W
YDR064W	YLR186W
YDR064W	YLR197W
YDR064W	YLR264W
YDR064W	YLR287C-A
YDR064W	YLR367W
YDR064W	YLR432W
YDR064W	YLR441C
YDR064W	YLR448W
YDR064W	YML026C
YDR064W	YML063W
YDR064W	YML073C
YDR064W	YMR128W
YDR064W	YMR142C
YDR064W	YMR242C
YDR064W	YNL069C
YDR064W	YNL178W
YDR064W	YNL301C
YDR064W	YOR063W
YDR064W	YOR096W
YDR064W	YOR145C
YDR064W	YPL012W
YDR064W	YPL081W
YDR064W	YPL090C
YDR064W	YPL198W
YDR064W	YPL217C
YDR064W	YPL249C-A
YDR064W	YPL266W
YDR064W	YPR144C
YDR067C	YHL029C
YDR091C	YOR096W
YDR092W	YGL087C
YDR097C	YOL090W
YDR099W	YER177W
YDR108W	YDR246W
YDR108W	YDR407C
YDR108W	YKR068C
YDR108W	YMR218C
YDR108W	YOR259C
YDR116C	YDR237W
YDR116C	YDR296W
YDR116C	YDR322W
YDR116C	YDR462W
YDR116C	YGR220C
YDR116C	YHR147C
YDR116C	YJL063C
YDR116C	YKL167C
YDR116C	YLR312W-A
YDR116C	YLR439W
YDR116C	YMR024W
YDR116C	YNL005C
YDR116C	YNL252C
YDR116C	YOR150W
YDR118W	YKL022C
YDR118W	YLR102C
YDR118W	YNL172W
YDR127W	YGR240C
YDR127W	YLR180W
YDR127W	YMR186W
YDR129C	YFL039C
YDR129C	YLR429W
YDR137W	YLR039C
YDR155C	YGL194C
YDR155C	YIL112W
YDR156W	YJR063W
YDR156W	YNL113W
YDR156W	YNL248C
YDR156W	YOR210W
YDR156W	YOR341W
YDR156W	YPR187W
YDR166C	YER008C
YDR166C	YGL233W
YDR166C	YIL068C
YDR166C	YLR166C
YDR166C	YPR055W
YDR167W	YDR448W
YDR167W	YGL066W
YDR167W	YGR252W
YDR167W	YGR274C
YDR167W	YLR055C
YDR167W	YML098W
YDR167W	YMR223W
YDR167W	YMR227C
YDR167W	YMR236W
YDR167W	YOL148C
YDR167W	YPL011C
YDR167W	YPL254W
YDR171W	YPR035W
YDR174W	YMR242C
YDR175C	YDR337W
YDR175C	YGL129C
YDR175C	YGR215W
YDR175C	YHL004W
YDR175C	YJR101W
YDR175C	YJR113C
YDR175C	YKL155C
YDR175C	YMR188C
YDR175C	YNL081C
YDR175C	YNL137C
YDR175C	YNL306W
YDR175C	YNR037C
YDR175C	YOR158W
YDR175C	YPL013C
YDR179C	YIL071C
YDR179C	YOL117W
YDR180W	YER147C
YDR188W	YFR009W
YDR188W	YJL111W
YDR190C	YDR334W
YDR190C	YDR485C
YDR190C	YFL013C
YDR190C	YFL039C
YDR190C	YGL150C
YDR190C	YGR002C
YDR190C	YHR034C
YDR190C	YJL081C
YDR190C	YLR052W
YDR190C	YLR085C
YDR190C	YLR385C
YDR190C	YLR399C
YDR190C	YML041C
YDR190C	YMR072W
YDR190C	YNL059C
YDR190C	YPL129W
YDR201W	YGL061C
YDR201W	YGR113W
YDR201W	YKL052C
YDR201W	YKR037C
YDR201W	YKR083C
YDR202C	YDR328C
YDR211W	YER025W
YDR211W	YGR083C
YDR211W	YJR007W
YDR211W	YKR026C
YDR211W	YLR291C
YDR211W	YOR260W
YDR211W	YPL237W
YDR214W	YGL195W
YDR224C	YDR303C
YDR224C	YGL133W
YDR224C	YGL241W
YDR224C	YOR116C
YDR224C	YPL082C
YDR228C	YGL044C
YDR231C	YNL192W
YDR233C	YPL154C
YDR235W	YDR240C
YDR235W	YGR074W
YDR235W	YHR086W
YDR235W	YIL061C
YDR235W	YKL012W
YDR235W	YLR147C
YDR235W	YML046W
YDR235W	YML049C
YDR235W	YMR125W
YDR235W	YPL178W
YDR235W	YPR182W
YDR237W	YDR296W
YDR237W	YDR322W
YDR237W	YDR462W
YDR237W	YGR220C
YDR237W	YHR147C
YDR237W	YJL063C
YDR237W	YKL167C
YDR237W	YLR312W-A
YDR237W	YLR439W
YDR237W	YMR024W
YDR237W	YNL005C
YDR237W	YNL252C
YDR237W	YOR150W
YDR238C	YFR051C
YDR238C	YGL137W
YDR238C	YNL287W
YDR240C	YGR074W
YDR240C	YHR086W
YDR240C	YIL061C
YDR240C	YKL012W
YDR240C	YLR147C
YDR240C	YML046W
YDR240C	YMR125W
YDR240C	YPL178W
YDR240C	YPR182W
YDR246W	YDR407C
YDR246W	YKR068C
YDR246W	YMR218C
YDR255C	YIL017C
YDR255C	YIL097W
YDR280W	YGR095C
YDR280W	YGR158C
YDR280W	YGR195W
YDR280W	YHR081W
YDR280W	YOL021C
YDR280W	YOL142W
YDR280W	YOR001W
YDR280W	YOR076C
YDR292C	YKL154W
YDR295C	YNL021W
YDR295C	YPR179C
YDR296W	YDR322W
YDR296W	YDR462W
YDR296W	YGR220C
YDR296W	YHR147C
YDR296W	YJL063C
YDR296W	YKL167C
YDR296W	YLR312W-A
YDR296W	YLR439W
YDR296W	YMR024W
YDR296W	YNL005C
YDR296W	YNL177C
YDR296W	YNL252C
YDR296W	YOR150W
YDR299W	YER127W
YDR299W	YHR148W
YDR299W	YJL033W
YDR299W	YJR002W
YDR299W	YJR145C
YDR299W	YKR060W
YDR299W	YLR186W
YDR299W	YOR096W
YDR299W	YPL217C
YDR299W	YPR144C
YDR301W	YER133W
YDR301W	YGR156W
YDR301W	YJR093C
YDR301W	YKL059C
YDR301W	YLR115W
YDR301W	YLR277C
YDR301W	YNL317W
YDR301W	YPR107C
YDR303C	YFR037C
YDR303C	YGR056W
YDR303C	YKR001C
YDR303C	YKR008W
YDR303C	YLR033W
YDR303C	YLR321C
YDR303C	YMR033W
YDR303C	YPL082C
YDR303C	YPR034W
YDR311W	YLR005W
YDR311W	YPR056W
YDR318W	YDR383C
YDR318W	YGR179C
YDR318W	YLR381W
YDR318W	YPL018W
YDR318W	YPR046W
YDR322W	YDR462W
YDR322W	YGR220C
YDR322W	YHR147C
YDR322W	YJL063C
YDR322W	YKL167C
YDR322W	YLR312W-A
YDR322W	YLR439W
YDR322W	YMR024W
YDR322W	YNL005C
YDR322W	YNL252C
YDR322W	YOR150W
YDR325W	YFR031C
YDR328C	YKR014C
YDR334W	YDR485C
YDR334W	YFL039C
YDR334W	YGR002C
YDR334W	YJL081C
YDR334W	YLR085C
YDR334W	YLR385C
YDR334W	YLR399C
YDR337W	YGL129C
YDR337W	YGR215W
YDR337W	YHL004W
YDR337W	YJR101W
YDR337W	YJR113C
YDR337W	YKL155C
YDR337W	YMR188C
YDR337W	YNL137C
YDR337W	YNL306W
YDR337W	YNR037C
YDR337W	YOR158W
YDR337W	YPL013C
YDR349C	YLR430W
YDR353W	YHR106W
YDR357C	YKL061W
YDR361C	YPL208W
YDR362C	YGR047C
YDR362C	YPL007C
YDR363W-A	YDR427W
YDR363W-A	YFR004W
YDR363W-A	YFR010W
YDR363W-A	YFR052W
YDR363W-A	YGL048C
YDR363W-A	YIL075C
YDR363W-A	YKL145W
YDR363W-A	YLR421C
YDR363W-A	YOR259C
YDR364C	YDR416W
YDR364C	YGR278W
YDR364C	YKL173W
YDR364C	YLR117C
YDR364C	YPL151C
YDR364C	YPR101W
YDR365C	YJL033W
YDR378C	YDR473C
YDR378C	YER112W
YDR378C	YER146W
YDR378C	YGL173C
YDR378C	YGR091W
YDR378C	YJR022W
YDR378C	YKL173W
YDR378C	YLR147C
YDR378C	YOR308C
YDR378C	YPR082C
YDR381W	YML062C
YDR381W	YNL004W
YDR382W	YDR418W
YDR382W	YDR471W
YDR382W	YER074W
YDR382W	YFR032C-A
YDR382W	YGL030W
YDR382W	YGL076C
YDR382W	YGR085C
YDR382W	YJL190C
YDR382W	YJR123W
YDR382W	YKL180W
YDR382W	YLR029C
YDR382W	YLR287C-A
YDR382W	YLR340W
YDR382W	YLR441C
YDR382W	YLR448W
YDR382W	YML063W
YDR382W	YML073C
YDR382W	YMR242C
YDR382W	YNL069C
YDR382W	YNL301C
YDR382W	YOL039W
YDR382W	YOR063W
YDR382W	YOR096W
YDR382W	YPL249C-A
YDR383C	YGR179C
YDR383C	YPL018W
YDR388W	YPL249C
YDR398W	YEL055C
YDR398W	YGR128C
YDR398W	YHR196W
YDR404C	YGR005C
YDR404C	YGR063C
YDR404C	YGR186W
YDR404C	YIL021W
YDR404C	YJL140W
YDR404C	YML010W
YDR404C	YOL005C
YDR404C	YOR210W
YDR404C	YOR224C
YDR404C	YPL129W
YDR404C	YPR187W
YDR407C	YKR068C
YDR407C	YMR218C
YDR416W	YGL120C
YDR416W	YGR278W
YDR416W	YJR050W
YDR416W	YKL173W
YDR416W	YLR117C
YDR416W	YML049C
YDR416W	YMR288W
YDR416W	YPL151C
YDR416W	YPL213W
YDR416W	YPR101W
YDR418W	YDR471W
YDR418W	YGL030W
YDR418W	YGL076C
YDR418W	YGL123W
YDR418W	YGL147C
YDR418W	YGR085C
YDR418W	YJL190C
YDR418W	YJR123W
YDR418W	YKL180W
YDR418W	YLR150W
YDR418W	YLR340W
YDR418W	YLR441C
YDR418W	YLR448W
YDR418W	YML063W
YDR418W	YML073C
YDR418W	YMR242C
YDR418W	YNL069C
YDR418W	YNL178W
YDR418W	YOR063W
YDR418W	YOR096W
YDR418W	YPL249C-A
YDR422C	YDR477W
YDR422C	YER027C
YDR422C	YER129W
YDR422C	YGL115W
YDR427W	YFR004W
YDR427W	YFR010W
YDR427W	YFR052W
YDR427W	YGL048C
YDR427W	YGR232W
YDR427W	YHL030W
YDR427W	YIL075C
YDR427W	YKL145W
YDR427W	YLR421C
YDR427W	YOR259C
YDR443C	YGL025C
YDR443C	YGL127C
YDR443C	YGL151W
YDR443C	YGR104C
YDR443C	YHR041C
YDR443C	YHR058C
YDR443C	YMR112C
YDR443C	YPL042C
YDR443C	YPR070W
YDR443C	YPR168W
YDR448W	YGL066W
YDR448W	YGL151W
YDR448W	YGR252W
YDR448W	YGR274C
YDR448W	YHR041C
YDR448W	YHR058C
YDR448W	YHR099W
YDR448W	YLR055C
YDR448W	YMR223W
YDR448W	YMR236W
YDR448W	YOL148C
YDR448W	YPL011C
YDR448W	YPL254W
YDR448W	YPR070W
YDR449C	YER082C
YDR449C	YGL171W
YDR449C	YGR128C
YDR449C	YHR148W
YDR449C	YHR196W
YDR449C	YJL069C
YDR449C	YJR002W
YDR449C	YJR145C
YDR449C	YKR060W
YDR449C	YLL011W
YDR449C	YLR129W
YDR449C	YLR186W
YDR449C	YLR197W
YDR449C	YLR222C
YDR449C	YLR409C
YDR449C	YMR128W
YDR449C	YOR096W
YDR449C	YOR145C
YDR449C	YPL217C
YDR449C	YPL266W
YDR449C	YPR137W
YDR449C	YPR144C
YDR460W	YLR005W
YDR460W	YPR056W
YDR462W	YGR220C
YDR462W	YJL063C
YDR462W	YKL167C
YDR462W	YLR439W
YDR462W	YMR024W
YDR462W	YNL005C
YDR462W	YNL252C
YDR462W	YOR150W
YDR469W	YPL138C
YDR471W	YDR496C
YDR471W	YER074W
YDR471W	YFR032C-A
YDR471W	YGL014W
YDR471W	YGL030W
YDR471W	YGL031C
YDR471W	YGL076C
YDR471W	YGL147C
YDR471W	YGR085C
YDR471W	YJL190C
YDR471W	YJR123W
YDR471W	YJR145C
YDR471W	YKL180W
YDR471W	YKR081C
YDR471W	YLR029C
YDR471W	YLR150W
YDR471W	YLR287C-A
YDR471W	YLR344W
YDR471W	YLR441C
YDR471W	YLR448W
YDR471W	YML063W
YDR471W	YML073C
YDR471W	YMR142C
YDR471W	YMR242C
YDR471W	YMR290C
YDR471W	YNL061W
YDR471W	YNL069C
YDR471W	YNL112W
YDR471W	YNL178W
YDR471W	YNL301C
YDR471W	YOL077C
YDR471W	YOR063W
YDR471W	YOR096W
YDR471W	YPL090C
YDR471W	YPL198W
YDR471W	YPL211W
YDR471W	YPL249C-A
YDR473C	YER112W
YDR473C	YER146W
YDR473C	YGR074W
YDR473C	YGR091W
YDR473C	YKL173W
YDR473C	YLR147C
YDR473C	YML049C
YDR473C	YMR240C
YDR473C	YMR288W
YDR473C	YOR159C
YDR473C	YOR308C
YDR473C	YPR082C
YDR477W	YER027C
YDR477W	YER129W
YDR477W	YGL115W
YDR477W	YGL208W
YDR478W	YHR062C
YDR478W	YNL221C
YDR484W	YJL029C
YDR485C	YLR085C
YDR496C	YFL002C
YDR496C	YGL030W
YDR496C	YGL076C
YDR496C	YGL111W
YDR496C	YGL173C
YDR496C	YHR052W
YDR496C	YJR145C
YDR496C	YKL014C
YDR496C	YKR081C
YDR496C	YLL008W
YDR496C	YLR002C
YDR496C	YLR029C
YDR496C	YLR175W
YDR496C	YLR197W
YDR496C	YLR276C
YDR496C	YLR449W
YDR496C	YML073C
YDR496C	YMR049C
YDR496C	YMR229C
YDR496C	YMR242C
YDR496C	YMR290C
YDR496C	YNL002C
YDR496C	YNL061W
YDR496C	YOL077C
YDR496C	YOR063W
YDR496C	YOR206W
YDR496C	YPL012W
YDR496C	YPL198W
YDR496C	YPL211W
YDR496C	YPR016C
YDR498C	YGL098W
YDR498C	YGL145W
YDR498C	YLR268W
YDR498C	YNL258C
YDR502C	YLR180W
YEL002C	YGL022W
YEL002C	YMR149W
YEL003W	YJL179W
YEL003W	YML094W
YEL003W	YNL153C
YEL013W	YPR149W
YEL018W	YFL024C
YEL018W	YFL039C
YEL018W	YGR002C
YEL018W	YHR090C
YEL018W	YHR099W
YEL018W	YJL081C
YEL018W	YNL136W
YEL018W	YOR244W
YEL018W	YPR023C
YEL022W	YER110C
YEL022W	YJR077C
YEL022W	YMR012W
YEL054C	YGL030W
YEL054C	YJR145C
YEL054C	YML063W
YEL054C	YOR063W
YEL054C	YPL249C-A
YEL055C	YGR128C
YEL055C	YHR196W
YER007C-A	YJR014W
YER008C	YGL233W
YER008C	YIL068C
YER008C	YLR166C
YER008C	YPR055W
YER012W	YER094C
YER012W	YFL007W
YER012W	YFR050C
YER012W	YFR052W
YER012W	YGR135W
YER012W	YGR253C
YER012W	YML092C
YER012W	YOL038W
YER012W	YOR157C
YER012W	YOR362C
YER012W	YPR103W
YER017C	YMR089C
YER018C	YIL144W
YER018C	YMR117C
YER018C	YOL069W
YER025W	YGR083C
YER025W	YJR007W
YER025W	YKR026C
YER025W	YLR215C
YER025W	YLR291C
YER025W	YOR260W
YER025W	YPL237W
YER027C	YER129W
YER027C	YGL115W
YER031C	YER136W
YER050C	YGL129C
YER050C	YOR158W
YER071C	YKL007W
YER074W	YFR032C-A
YER074W	YGL014W
YER074W	YGL030W
YER074W	YGL076C
YER074W	YGL147C
YER074W	YGR085C
YER074W	YGR118W
YER074W	YJL190C
YER074W	YJR123W
YER074W	YJR145C
YER074W	YKL180W
YER074W	YLR029C
YER074W	YLR150W
YER074W	YLR287C-A
YER074W	YLR340W
YER074W	YLR441C
YER074W	YLR448W
YER074W	YML063W
YER074W	YML073C
YER074W	YMR142C
YER074W	YMR242C
YER074W	YNL069C
YER074W	YNL178W
YER074W	YNL301C
YER074W	YOR063W
YER074W	YOR096W
YER074W	YPL090C
YER074W	YPL198W
YER074W	YPL249C-A
YER082C	YGR128C
YER082C	YHR148W
YER082C	YHR196W
YER082C	YJR002W
YER082C	YKR060W
YER082C	YLL011W
YER082C	YLR129W
YER082C	YLR186W
YER082C	YLR197W
YER082C	YLR222C
YER082C	YLR409C
YER082C	YMR128W
YER082C	YOR096W
YER082C	YPL217C
YER082C	YPL266W
YER082C	YPR137W
YER082C	YPR144C
YER086W	YOR133W
YER090W	YKL211C
YER094C	YFL007W
YER094C	YFR050C
YER094C	YGR135W
YER094C	YGR253C
YER094C	YML092C
YER094C	YOL038W
YER094C	YOR157C
YER094C	YOR362C
YER094C	YPR103W
YER107C	YJL061W
YER110C	YGL195W
YER110C	YJR123W
YER110C	YLR441C
YER112W	YER146W
YER112W	YGL173C
YER112W	YGR091W
YER112W	YKL173W
YER112W	YLR147C
YER112W	YLR438C-A
YER112W	YOR308C
YER112W	YPR082C
YER125W	YJL084C
YER125W	YOR124C
YER129W	YGL115W
YER131W	YLR150W
YER131W	YLR435W
YER133W	YER177W
YER133W	YGR156W
YER133W	YJR093C
YER133W	YKL059C
YER133W	YLR028C
YER133W	YLR115W
YER133W	YLR277C
YER133W	YMR311C
YER133W	YNL317W
YER133W	YPL137C
YER133W	YPR107C
YER146W	YGL173C
YER146W	YJR022W
YER146W	YKL173W
YER151C	YNR051C
YER157W	YGL005C
YER157W	YGL223C
YER157W	YML071C
YER157W	YNL051W
YER157W	YPR105C
YER164W	YGL019W
YER164W	YOR039W
YER164W	YOR061W
YER177W	YLR028C
YER178W	YNL071W
YFL002C	YFR001W
YFL002C	YGL111W
YFL002C	YGR103W
YFL002C	YHR052W
YFL002C	YHR197W
YFL002C	YKL172W
YFL002C	YLL008W
YFL002C	YLR002C
YFL002C	YLR449W
YFL002C	YMR049C
YFL002C	YMR290C
YFL002C	YNL002C
YFL002C	YNL061W
YFL002C	YOL077C
YFL002C	YOR063W
YFL002C	YOR206W
YFL002C	YPL211W
YFL002C	YPR016C
YFL007W	YFR050C
YFL007W	YGR135W
YFL007W	YGR253C
YFL007W	YKL168C
YFL007W	YML092C
YFL007W	YOL038W
YFL007W	YOR362C
YFL007W	YPR103W
YFL013C	YFL039C
YFL013C	YGL150C
YFL013C	YJL081C
YFL013C	YLR052W
YFL013C	YNL059C
YFL013C	YPL129W
YFL018C	YFR049W
YFL018C	YIL125W
YFL022C	YLR060W
YFL024C	YFL039C
YFL024C	YGR002C
YFL024C	YHR090C
YFL024C	YHR099W
YFL024C	YJL081C
YFL024C	YNL136W
YFL024C	YOR244W
YFL024C	YPR023C
YFL039C	YGL150C
YFL039C	YGR002C
YFL039C	YHR090C
YFL039C	YJL081C
YFL039C	YKL007W
YFL039C	YLR052W
YFL039C	YLR429W
YFL039C	YML041C
YFL039C	YMR072W
YFL039C	YNL059C
YFL039C	YNL138W
YFL039C	YOR244W
YFL039C	YPL129W
YFL039C	YPR171W
YFL045C	YGL195W
YFL049W	YMR033W
YFL049W	YOR290C
YFL049W	YPL016W
YFL049W	YPR034W
YFR001W	YHR052W
YFR001W	YLL008W
YFR001W	YLR002C
YFR001W	YMR290C
YFR001W	YNL002C
YFR001W	YNL061W
YFR001W	YOR063W
YFR001W	YPR016C
YFR002W	YGL172W
YFR002W	YGR119C
YFR004W	YFR010W
YFR004W	YFR052W
YFR004W	YGL048C
YFR004W	YGR232W
YFR004W	YHL030W
YFR004W	YIL075C
YFR004W	YKL145W
YFR004W	YLR421C
YFR004W	YOR259C
YFR009W	YGL195W
YFR009W	YLR180W
YFR010W	YFR052W
YFR010W	YGL048C
YFR010W	YGR232W
YFR010W	YHL030W
YFR010W	YIL075C
YFR010W	YKL145W
YFR010W	YLR421C
YFR010W	YOR259C
YFR015C	YLR258W
YFR021W	YNL242W
YFR024C-A	YNL243W
YFR031C	YLR272C
YFR032C-A	YGL014W
YFR032C-A	YGL031C
YFR032C-A	YGL189C
YFR032C-A	YGR085C
YFR032C-A	YGR118W
YFR032C-A	YLR029C
YFR032C-A	YLR287C-A
YFR032C-A	YLR448W
YFR032C-A	YMR242C
YFR037C	YGL133W
YFR037C	YGR056W
YFR037C	YKR001C
YFR037C	YKR008W
YFR037C	YLR033W
YFR037C	YLR321C
YFR037C	YMR033W
YFR037C	YMR072W
YFR037C	YNL030W
YFR037C	YPL082C
YFR037C	YPR034W
YFR050C	YGR135W
YFR050C	YGR253C
YFR050C	YML092C
YFR050C	YOL038W
YFR050C	YOR157C
YFR050C	YOR362C
YFR050C	YPR103W
YFR051C	YGL137W
YFR051C	YNL287W
YFR052W	YGL048C
YFR052W	YGR232W
YFR052W	YHL030W
YFR052W	YIL075C
YFR052W	YKL145W
YFR052W	YLR421C
YFR052W	YOR259C
YGL005C	YGL223C
YGL005C	YML071C
YGL005C	YNL051W
YGL005C	YPR105C
YGL014W	YHR029C
YGL014W	YLR287C-A
YGL014W	YLR448W
YGL014W	YML063W
YGL014W	YML073C
YGL014W	YMR242C
YGL014W	YNL301C
YGL014W	YNL302C
YGL019W	YLR418C
YGL019W	YMR172W
YGL019W	YOR039W
YGL019W	YOR061W
YGL019W	YOR123C
YGL022W	YJL002C
YGL025C	YGL127C
YGL025C	YGL151W
YGL025C	YGR104C
YGL025C	YHR041C
YGL025C	YHR058C
YGL025C	YMR112C
YGL025C	YPL042C
YGL025C	YPR070W
YGL025C	YPR168W
YGL030W	YGL031C
YGL030W	YGL076C
YGL030W	YGL147C
YGL030W	YGR085C
YGL030W	YGR103W
YGL030W	YHR052W
YGL030W	YJL190C
YGL030W	YJR123W
YGL030W	YKL180W
YGL030W	YLR029C
YGL030W	YLR150W
YGL030W	YLR287C-A
YGL030W	YLR325C
YGL030W	YLR367W
YGL030W	YLR441C
YGL030W	YLR448W
YGL030W	YML063W
YGL030W	YML073C
YGL030W	YMR142C
YGL030W	YMR242C
YGL030W	YNL002C
YGL030W	YNL069C
YGL030W	YOL077C
YGL030W	YOR063W
YGL030W	YOR096W
YGL030W	YOR204W
YGL030W	YPL249C-A
YGL030W	YPR016C
YGL031C	YGL076C
YGL031C	YGR085C
YGL031C	YGR118W
YGL031C	YGR214W
YGL031C	YJR123W
YGL031C	YKL180W
YGL031C	YLR441C
YGL031C	YML063W
YGL031C	YML073C
YGL031C	YMR242C
YGL031C	YNL069C
YGL031C	YOR063W
YGL031C	YPL249C-A
YGL043W	YGR005C
YGL043W	YGR186W
YGL043W	YIL021W
YGL043W	YOL005C
YGL048C	YGR232W
YGL048C	YHL030W
YGL048C	YIL075C
YGL048C	YKL145W
YGL048C	YLR421C
YGL048C	YOR259C
YGL061C	YGR113W
YGL061C	YKL052C
YGL061C	YKR037C
YGL061C	YKR083C
YGL066W	YGR252W
YGL066W	YGR274C
YGL066W	YHR099W
YGL066W	YLR055C
YGL066W	YMR223W
YGL066W	YMR236W
YGL066W	YOL148C
YGL066W	YPL011C
YGL066W	YPL047W
YGL066W	YPL254W
YGL076C	YGL111W
YGL076C	YGL147C
YGL076C	YGR085C
YGL076C	YGR103W
YGL076C	YJL190C
YGL076C	YJR123W
YGL076C	YJR145C
YGL076C	YKL180W
YGL076C	YKR081C
YGL076C	YLR002C
YGL076C	YLR029C
YGL076C	YLR432W
YGL076C	YLR441C
YGL076C	YLR448W
YGL076C	YML056C
YGL076C	YML063W
YGL076C	YML073C
YGL076C	YMR142C
YGL076C	YMR242C
YGL076C	YMR290C
YGL076C	YNL069C
YGL076C	YNL178W
YGL076C	YNL301C
YGL076C	YOL041C
YGL076C	YOR063W
YGL076C	YOR096W
YGL076C	YOR206W
YGL076C	YPL198W
YGL076C	YPL249C-A
YGL086W	YJL030W
YGL094C	YKL025C
YGL097W	YLR293C
YGL097W	YOR185C
YGL098W	YGL145W
YGL098W	YKL196C
YGL098W	YLR268W
YGL098W	YNL258C
YGL100W	YJR042W
YGL100W	YLR208W
YGL105W	YGR264C
YGL111W	YGR103W
YGL111W	YHR052W
YGL111W	YHR197W
YGL111W	YKL172W
YGL111W	YLL008W
YGL111W	YLR002C
YGL111W	YLR276C
YGL111W	YMR049C
YGL111W	YMR290C
YGL111W	YNL002C
YGL111W	YNL061W
YGL111W	YOL077C
YGL111W	YOR063W
YGL111W	YOR206W
YGL111W	YPL211W
YGL111W	YPR016C
YGL115W	YGL208W
YGL120C	YGL173C
YGL120C	YJL190C
YGL120C	YJR145C
YGL120C	YKL173W
YGL120C	YLR117C
YGL120C	YLR197W
YGL120C	YMR128W
YGL120C	YOR063W
YGL120C	YOR096W
YGL120C	YPL151C
YGL120C	YPR101W
YGL123W	YGR085C
YGL123W	YJR123W
YGL123W	YKL180W
YGL123W	YLR441C
YGL123W	YML073C
YGL123W	YMR242C
YGL123W	YNL178W
YGL123W	YOR063W
YGL127C	YGL151W
YGL127C	YHR041C
YGL127C	YHR058C
YGL127C	YPL042C
YGL127C	YPR070W
YGL127C	YPR168W
YGL129C	YGR215W
YGL129C	YHL004W
YGL129C	YJR101W
YGL129C	YJR113C
YGL129C	YKL003C
YGL129C	YKL155C
YGL129C	YMR188C
YGL129C	YNL137C
YGL129C	YNL306W
YGL129C	YNR037C
YGL129C	YOR158W
YGL129C	YOR204W
YGL129C	YPL013C
YGL130W	YPL228W
YGL133W	YKR001C
YGL133W	YPL082C
YGL137W	YNL287W
YGL145W	YKL196C
YGL145W	YLR268W
YGL145W	YNL258C
YGL147C	YGR085C
YGL147C	YJL190C
YGL147C	YJR123W
YGL147C	YKL180W
YGL147C	YLR029C
YGL147C	YLR340W
YGL147C	YLR448W
YGL147C	YML063W
YGL147C	YML073C
YGL147C	YMR242C
YGL147C	YMR290C
YGL147C	YNL069C
YGL147C	YNL178W
YGL147C	YOR063W
YGL147C	YOR096W
YGL147C	YPL198W
YGL147C	YPL249C-A
YGL147C	YPR016C
YGL150C	YJL081C
YGL150C	YLR052W
YGL150C	YNL059C
YGL150C	YPL129W
YGL151W	YGR104C
YGL151W	YHR041C
YGL151W	YHR058C
YGL151W	YMR112C
YGL151W	YNL025C
YGL151W	YPL042C
YGL151W	YPR070W
YGL151W	YPR168W
YGL153W	YNL214W
YGL171W	YHR148W
YGL171W	YLR129W
YGL171W	YLR186W
YGL172W	YGR119C
YGL173C	YGR054W
YGL173C	YGR162W
YGL173C	YHL034C
YGL173C	YJR145C
YGL173C	YKL023W
YGL173C	YLR175W
YGL173C	YML056C
YGL173C	YMR290C
YGL173C	YOL139C
YGL173C	YPL004C
YGL190C	YMR273C
YGL194C	YIL112W
YGL194C	YKR029C
YGL195W	YLR180W
YGL195W	YOR136W
YGL197W	YJL098W
YGL197W	YLR310C
YGL200C	YML012W
YGL200C	YOR016C
YGL206C	YGR167W
YGL223C	YML071C
YGL223C	YNL051W
YGL223C	YPR105C
YGL227W	YIL017C
YGL227W	YIL097W
YGL233W	YIL068C
YGL233W	YLR166C
YGL240W	YKL022C
YGR002C	YHR090C
YGR002C	YJL081C
YGR002C	YLR085C
YGR002C	YLR385C
YGR002C	YLR399C
YGR002C	YNL136W
YGR002C	YOR244W
YGR002C	YPR023C
YGR005C	YGR063C
YGR005C	YGR186W
YGR005C	YIL021W
YGR005C	YJL140W
YGR005C	YML010W
YGR005C	YOL005C
YGR005C	YOR210W
YGR005C	YOR224C
YGR005C	YPL129W
YGR005C	YPR187W
YGR017W	YLR410W
YGR030C	YHR062C
YGR030C	YNL221C
YGR047C	YPL007C
YGR054W	YMR290C
YGR054W	YOR063W
YGR056W	YKR008W
YGR056W	YLR033W
YGR056W	YLR321C
YGR056W	YMR033W
YGR056W	YPR034W
YGR063C	YGR186W
YGR063C	YIL021W
YGR063C	YJL140W
YGR063C	YML010W
YGR063C	YOL005C
YGR063C	YPR187W
YGR074W	YGR091W
YGR074W	YHR086W
YGR074W	YIL061C
YGR074W	YJR022W
YGR074W	YKL012W
YGR074W	YKL173W
YGR074W	YLR147C
YGR074W	YML046W
YGR074W	YML049C
YGR074W	YMR125W
YGR074W	YMR240C
YGR074W	YOR159C
YGR074W	YOR308C
YGR074W	YPL213W
YGR074W	YPR082C
YGR074W	YPR182W
YGR081C	YMR308C
YGR081C	YPL012W
YGR083C	YJR007W
YGR083C	YKR026C
YGR083C	YLR291C
YGR083C	YOR260W
YGR083C	YPL237W
YGR085C	YJL190C
YGR085C	YJR123W
YGR085C	YJR145C
YGR085C	YKL180W
YGR085C	YKR081C
YGR085C	YLR029C
YGR085C	YLR150W
YGR085C	YLR340W
YGR085C	YLR367W
YGR085C	YLR432W
YGR085C	YLR441C
YGR085C	YLR448W
YGR085C	YML063W
YGR085C	YML073C
YGR085C	YMR142C
YGR085C	YMR242C
YGR085C	YMR290C
YGR085C	YNL061W
YGR085C	YNL069C
YGR085C	YNL112W
YGR085C	YNL178W
YGR085C	YNL301C
YGR085C	YOR063W
YGR085C	YOR096W
YGR085C	YOR198C
YGR085C	YOR204W
YGR085C	YPL090C
YGR085C	YPL198W
YGR085C	YPL249C-A
YGR091W	YKL173W
YGR091W	YLR147C
YGR091W	YML046W
YGR091W	YML049C
YGR091W	YMR240C
YGR091W	YMR288W
YGR091W	YOR308C
YGR091W	YPL213W
YGR091W	YPR082C
YGR095C	YGR158C
YGR095C	YGR195W
YGR095C	YHR081W
YGR095C	YOL021C
YGR095C	YOL142W
YGR095C	YOR001W
YGR095C	YOR076C
YGR103W	YGR245C
YGR103W	YHR052W
YGR103W	YHR197W
YGR103W	YKR081C
YGR103W	YLL008W
YGR103W	YLR002C
YGR103W	YLR029C
YGR103W	YLR106C
YGR103W	YMR049C
YGR103W	YMR290C
YGR103W	YNL002C
YGR103W	YNL061W
YGR103W	YNL182C
YGR103W	YNR053C
YGR103W	YOL077C
YGR103W	YOR063W
YGR103W	YOR206W
YGR103W	YPL211W
YGR103W	YPL249C-A
YGR103W	YPR016C
YGR104C	YHR041C
YGR104C	YHR058C
YGR104C	YMR112C
YGR104C	YPL042C
YGR104C	YPR070W
YGR104C	YPR168W
YGR113W	YKL052C
YGR116W	YPR133C
YGR118W	YLR287C-A
YGR118W	YLR441C
YGR118W	YML073C
YGR124W	YPR145W
YGR128C	YHR148W
YGR128C	YHR196W
YGR128C	YJR002W
YGR128C	YLL011W
YGR128C	YLR129W
YGR128C	YLR186W
YGR128C	YLR197W
YGR128C	YLR222C
YGR128C	YMR128W
YGR128C	YPL012W
YGR128C	YPL217C
YGR128C	YPR144C
YGR132C	YGR231C
YGR132C	YJL183W
YGR134W	YJR011C
YGR134W	YNR052C
YGR135W	YGR253C
YGR135W	YML092C
YGR135W	YOL038W
YGR135W	YOR157C
YGR135W	YOR362C
YGR135W	YPR103W
YGR156W	YJR093C
YGR156W	YKL059C
YGR156W	YLR115W
YGR156W	YLR277C
YGR156W	YLR448W
YGR156W	YNL317W
YGR156W	YOR179C
YGR156W	YPR107C
YGR158C	YGR195W
YGR158C	YHR081W
YGR158C	YOL021C
YGR158C	YOL142W
YGR158C	YOR001W
YGR158C	YOR076C
YGR162W	YHL034C
YGR162W	YJL138C
YGR162W	YJL190C
YGR162W	YMR125W
YGR162W	YOL139C
YGR162W	YOR204W
YGR179C	YLR381W
YGR179C	YPL018W
YGR180C	YJL026W
YGR186W	YIL021W
YGR186W	YJL140W
YGR186W	YML010W
YGR186W	YOL005C
YGR186W	YOR210W
YGR186W	YOR224C
YGR186W	YPL129W
YGR186W	YPR187W
YGR195W	YHR081W
YGR195W	YOL021C
YGR195W	YOL142W
YGR195W	YOR001W
YGR195W	YOR076C
YGR200C	YHR187W
YGR200C	YLR384C
YGR200C	YMR312W
YGR206W	YLR119W
YGR214W	YLR048W
YGR215W	YHL004W
YGR215W	YJR101W
YGR215W	YJR113C
YGR215W	YKL003C
YGR215W	YKL155C
YGR215W	YMR188C
YGR215W	YNL137C
YGR215W	YNL306W
YGR215W	YNR037C
YGR215W	YOR158W
YGR220C	YJL063C
YGR220C	YKL167C
YGR220C	YLR312W-A
YGR220C	YLR439W
YGR220C	YNL005C
YGR220C	YNL252C
YGR231C	YJL183W
YGR232W	YHL030W
YGR232W	YIL075C
YGR232W	YKL145W
YGR232W	YLR421C
YGR232W	YOR259C
YGR238C	YHR158C
YGR240C	YLR180W
YGR245C	YHR197W
YGR245C	YLR106C
YGR245C	YNL002C
YGR245C	YNL182C
YGR245C	YNR053C
YGR245C	YOR063W
YGR245C	YPR016C
YGR252W	YHR041C
YGR252W	YHR099W
YGR252W	YLR055C
YGR252W	YMR223W
YGR252W	YMR227C
YGR252W	YMR236W
YGR252W	YOL148C
YGR252W	YPL047W
YGR252W	YPL254W
YGR253C	YML092C
YGR253C	YOL038W
YGR253C	YOR157C
YGR253C	YOR362C
YGR253C	YPR103W
YGR274C	YML098W
YGR274C	YMR227C
YGR274C	YMR236W
YGR274C	YPL011C
YGR278W	YKL173W
YGR278W	YLR117C
YGR278W	YML049C
YGR278W	YMR288W
YGR278W	YPL151C
YHL002W	YNR006W
YHL004W	YJR101W
YHL004W	YJR113C
YHL004W	YKL155C
YHL004W	YMR188C
YHL004W	YNL137C
YHL004W	YNL306W
YHL004W	YNR037C
YHL004W	YOR158W
YHL004W	YOR204W
YHL004W	YPL013C
YHL011C	YKL181W
YHL019C	YLR170C
YHL019C	YPR029C
YHL029C	YNL032W
YHL029C	YNL099C
YHL030W	YIL075C
YHL030W	YKL145W
YHL030W	YLR421C
YHL030W	YOL038W
YHL030W	YOR259C
YHL034C	YJL190C
YHL034C	YJR123W
YHL034C	YJR145C
YHL034C	YMR125W
YHL034C	YOL139C
YHL034C	YOR096W
YHR012W	YJL053W
YHR012W	YJL154C
YHR012W	YOR069W
YHR012W	YOR132W
YHR023W	YOR326W
YHR023W	YPR188C
YHR029C	YLR287C-A
YHR041C	YHR058C
YHR041C	YMR112C
YHR041C	YPL042C
YHR041C	YPR070W
YHR041C	YPR168W
YHR052W	YHR197W
YHR052W	YKL172W
YHR052W	YKR081C
YHR052W	YLL008W
YHR052W	YLR002C
YHR052W	YLR106C
YHR052W	YLR276C
YHR052W	YLR449W
YHR052W	YMR049C
YHR052W	YMR229C
YHR052W	YMR242C
YHR052W	YMR290C
YHR052W	YNL002C
YHR052W	YNL061W
YHR052W	YNL182C
YHR052W	YOL041C
YHR052W	YOL077C
YHR052W	YOR063W
YHR052W	YOR206W
YHR052W	YPL012W
YHR052W	YPL211W
YHR052W	YPR016C
YHR058C	YMR112C
YHR058C	YPL042C
YHR058C	YPR070W
YHR058C	YPR168W
YHR062C	YNL221C
YHR062C	YNL282W
YHR064C	YNL209W
YHR081W	YOL021C
YHR081W	YOL142W
YHR081W	YOR001W
YHR081W	YOR076C
YHR084W	YPL049C
YHR085W	YHR197W
YHR085W	YLR106C
YHR085W	YNL182C
YHR085W	YNR053C
YHR086W	YIL061C
YHR086W	YKL012W
YHR086W	YLR147C
YHR086W	YML046W
YHR086W	YMR125W
YHR086W	YPL178W
YHR089C	YLR029C
YHR089C	YLR175W
YHR090C	YJL081C
YHR090C	YNL136W
YHR090C	YOR244W
YHR090C	YPR023C
YHR099W	YJL081C
YHR099W	YLR055C
YHR099W	YMR236W
YHR099W	YOL148C
YHR099W	YOR244W
YHR099W	YPL082C
YHR099W	YPL254W
YHR099W	YPR023C
YHR107C	YJR076C
YHR107C	YLR314C
YHR122W	YNL240C
YHR143W-A	YOR210W
YHR143W-A	YOR224C
YHR143W-A	YPR187W
YHR146W	YPL154C
YHR147C	YLR439W
YHR147C	YNL005C
YHR147C	YNL252C
YHR148W	YHR196W
YHR148W	YJL069C
YHR148W	YJR002W
YHR148W	YJR145C
YHR148W	YKR060W
YHR148W	YLL011W
YHR148W	YLR129W
YHR148W	YLR186W
YHR148W	YLR197W
YHR148W	YLR222C
YHR148W	YLR409C
YHR148W	YMR128W
YHR148W	YOR096W
YHR148W	YOR145C
YHR148W	YPL217C
YHR148W	YPR137W
YHR148W	YPR144C
YHR172W	YNL126W
YHR179W	YPL171C
YHR187W	YLR384C
YHR196W	YJR002W
YHR196W	YLL011W
YHR196W	YLR129W
YHR196W	YLR186W
YHR196W	YLR197W
YHR196W	YPL217C
YHR196W	YPR137W
YHR196W	YPR144C
YHR197W	YKR081C
YHR197W	YLL008W
YHR197W	YLR002C
YHR197W	YLR106C
YHR197W	YMR049C
YHR197W	YMR290C
YHR197W	YNL002C
YHR197W	YNL061W
YHR197W	YNL182C
YHR197W	YNR053C
YHR197W	YOL077C
YHR197W	YOR063W
YHR197W	YOR206W
YHR197W	YPL211W
YHR197W	YPR016C
YIL017C	YIL097W
YIL021W	YJL140W
YIL021W	YML010W
YIL021W	YOL005C
YIL021W	YOR210W
YIL021W	YOR224C
YIL021W	YPL129W
YIL021W	YPR187W
YIL022W	YJR045C
YIL061C	YKL012W
YIL061C	YLR147C
YIL061C	YML046W
YIL061C	YML049C
YIL061C	YMR125W
YIL061C	YPL178W
YIL061C	YPR182W
YIL062C	YKL013C
YIL062C	YLR370C
YIL068C	YLR166C
YIL068C	YPR055W
YIL070C	YNL137C
YIL071C	YOL117W
YIL075C	YKL145W
YIL075C	YLR180W
YIL075C	YLR421C
YIL075C	YOR259C
YIL084C	YMR263W
YIL084C	YNL097C
YIL084C	YOL004W
YIL084C	YPR023C
YIL109C	YPR181C
YIL112W	YKR029C
YIL115C	YJL061W
YIL143C	YOR352W
YIL144W	YMR117C
YIL144W	YOL069W
YIL153W	YNL201C
YIL161W	YNL023C
YIR008C	YKL045W
YIR008C	YNL102W
YIR009W	YML049C
YIR009W	YMR240C
YIR009W	YMR288W
YIR009W	YPL213W
YIR010W	YJR112W
YIR010W	YPL233W
YJL005W	YNL138W
YJL011C	YKR025W
YJL011C	YNL113W
YJL011C	YNL151C
YJL011C	YOR116C
YJL011C	YOR224C
YJL011C	YPR187W
YJL031C	YPR176C
YJL033W	YMR290C
YJL047C	YOL063C
YJL050W	YOL115W
YJL050W	YPL190C
YJL053W	YJL154C
YJL053W	YOR069W
YJL063C	YKL167C
YJL063C	YLR312W-A
YJL063C	YLR439W
YJL063C	YMR024W
YJL063C	YNL005C
YJL063C	YNL252C
YJL063C	YOR150W
YJL069C	YLR129W
YJL069C	YLR222C
YJL069C	YLR409C
YJL070C	YML035C
YJL080C	YJR123W
YJL081C	YLR052W
YJL081C	YLR085C
YJL081C	YLR399C
YJL081C	YNL059C
YJL081C	YNL136W
YJL081C	YOR244W
YJL081C	YPL129W
YJL081C	YPR023C
YJL098W	YLR310C
YJL098W	YOR267C
YJL099W	YOR299W
YJL115W	YNL031C
YJL115W	YPL153C
YJL125C	YNL062C
YJL138C	YMR186W
YJL138C	YOL139C
YJL140W	YML010W
YJL140W	YOL005C
YJL140W	YOR210W
YJL140W	YOR224C
YJL140W	YPL129W
YJL140W	YPR187W
YJL154C	YOR069W
YJL154C	YOR132W
YJL155C	YLR345W
YJL179W	YML094W
YJL179W	YNL153C
YJL183W	YJR075W
YJL190C	YJR002W
YJL190C	YJR123W
YJL190C	YJR145C
YJL190C	YKL180W
YJL190C	YLR029C
YJL190C	YLR150W
YJL190C	YLR175W
YJL190C	YLR197W
YJL190C	YLR340W
YJL190C	YLR441C
YJL190C	YLR448W
YJL190C	YML063W
YJL190C	YML073C
YJL190C	YMR125W
YJL190C	YMR242C
YJL190C	YNL069C
YJL190C	YNL178W
YJL190C	YOL139C
YJL190C	YOR063W
YJL190C	YOR096W
YJL190C	YOR204W
YJL190C	YPL081W
YJL190C	YPL146C
YJL190C	YPL198W
YJR002W	YJR123W
YJR002W	YJR145C
YJR002W	YKR060W
YJR002W	YLL011W
YJR002W	YLR129W
YJR002W	YLR186W
YJR002W	YLR197W
YJR002W	YLR222C
YJR002W	YLR409C
YJR002W	YMR128W
YJR002W	YOR096W
YJR002W	YOR145C
YJR002W	YPL012W
YJR002W	YPL217C
YJR002W	YPL266W
YJR002W	YPR137W
YJR002W	YPR144C
YJR007W	YKR026C
YJR007W	YLR291C
YJR007W	YOR260W
YJR007W	YPL237W
YJR022W	YKL173W
YJR022W	YOR308C
YJR041C	YKL014C
YJR041C	YOL144W
YJR042W	YLR208W
YJR042W	YPL169C
YJR045C	YLR203C
YJR050W	YLR117C
YJR050W	YPL151C
YJR050W	YPR101W
YJR063W	YNL113W
YJR063W	YNL248C
YJR063W	YOR210W
YJR063W	YOR224C
YJR063W	YOR341W
YJR063W	YPR187W
YJR067C	YNL260C
YJR074W	YOR185C
YJR076C	YJR092W
YJR076C	YLR314C
YJR077C	YKL182W
YJR093C	YKL059C
YJR093C	YLR115W
YJR093C	YLR277C
YJR093C	YNL317W
YJR093C	YPR107C
YJR101W	YJR113C
YJR101W	YKL155C
YJR101W	YMR188C
YJR101W	YNL081C
YJR101W	YNL137C
YJR101W	YNL306W
YJR101W	YNR037C
YJR101W	YOR158W
YJR101W	YOR204W
YJR101W	YPL013C
YJR104C	YMR038C
YJR109C	YOR303W
YJR112W	YPL233W
YJR113C	YKL155C
YJR113C	YMR188C
YJR113C	YNL081C
YJR113C	YNL137C
YJR113C	YNL306W
YJR113C	YNR037C
YJR113C	YOR158W
YJR113C	YPL013C
YJR123W	YJR145C
YJR123W	YKL180W
YJR123W	YLR029C
YJR123W	YLR197W
YJR123W	YLR287C-A
YJR123W	YLR340W
YJR123W	YLR441C
YJR123W	YLR448W
YJR123W	YML063W
YJR123W	YML073C
YJR123W	YMR142C
YJR123W	YMR242C
YJR123W	YNL069C
YJR123W	YNL178W
YJR123W	YNL301C
YJR123W	YNL302C
YJR123W	YOR063W
YJR123W	YOR096W
YJR123W	YOR204W
YJR123W	YPL090C
YJR123W	YPL266W
YJR145C	YLR029C
YJR145C	YLR150W
YJR145C	YLR175W
YJR145C	YLR186W
YJR145C	YLR197W
YJR145C	YLR367W
YJR145C	YLR441C
YJR145C	YML056C
YJR145C	YML063W
YJR145C	YML073C
YJR145C	YMR128W
YJR145C	YMR229C
YJR145C	YMR242C
YJR145C	YMR290C
YJR145C	YNL069C
YJR145C	YNL178W
YJR145C	YOR063W
YJR145C	YOR096W
YJR145C	YOR204W
YJR145C	YPL012W
YJR145C	YPL081W
YJR145C	YPL090C
YJR145C	YPL198W
YJR145C	YPL217C
YJR145C	YPR144C
YKL003C	YPL013C
YKL007W	YLR429W
YKL012W	YLR147C
YKL012W	YML046W
YKL012W	YML049C
YKL012W	YMR125W
YKL012W	YOR159C
YKL012W	YPR182W
YKL013C	YLR370C
YKL014C	YMR290C
YKL014C	YNL061W
YKL014C	YOL144W
YKL022C	YLR102C
YKL022C	YNL172W
YKL045W	YNL102W
YKL052C	YKR037C
YKL052C	YKR083C
YKL058W	YOR194C
YKL059C	YLR115W
YKL059C	YLR277C
YKL059C	YNL317W
YKL059C	YPR107C
YKL060C	YKL152C
YKL060C	YLR044C
YKL060C	YOR133W
YKL078W	YNL186W
YKL081W	YPL048W
YKL088W	YKR072C
YKL088W	YML016C
YKL088W	YOR039W
YKL088W	YOR054C
YKL088W	YOR061W
YKL122C	YPL243W
YKL122C	YPR088C
YKL139W	YML112W
YKL143W	YNL178W
YKL143W	YPL266W
YKL145W	YLR421C
YKL145W	YOR259C
YKL152C	YML028W
YKL155C	YMR188C
YKL155C	YNL137C
YKL155C	YNL306W
YKL155C	YNR037C
YKL155C	YOR158W
YKL155C	YOR204W
YKL155C	YPL013C
YKL167C	YLR312W-A
YKL167C	YLR439W
YKL167C	YMR024W
YKL167C	YNL005C
YKL167C	YNL252C
YKL172W	YKR081C
YKL172W	YLL008W
YKL172W	YLR002C
YKL172W	YLR029C
YKL172W	YLR196W
YKL172W	YLR276C
YKL172W	YMR049C
YKL172W	YMR290C
YKL172W	YNL002C
YKL172W	YNL061W
YKL172W	YOL077C
YKL172W	YOR063W
YKL172W	YOR206W
YKL172W	YPL211W
YKL173W	YLR117C
YKL173W	YLR147C
YKL173W	YML046W
YKL173W	YML049C
YKL173W	YMR125W
YKL173W	YMR240C
YKL173W	YMR288W
YKL173W	YOR159C
YKL173W	YOR308C
YKL173W	YPL151C
YKL173W	YPL213W
YKL173W	YPR082C
YKL173W	YPR101W
YKL173W	YPR182W
YKL180W	YLR029C
YKL180W	YLR287C-A
YKL180W	YLR340W
YKL180W	YLR441C
YKL180W	YLR448W
YKL180W	YML063W
YKL180W	YML073C
YKL180W	YMR142C
YKL180W	YMR242C
YKL180W	YNL069C
YKL180W	YNL178W
YKL180W	YNL301C
YKL180W	YNL302C
YKL180W	YOR063W
YKL180W	YOR096W
YKL180W	YPL198W
YKL180W	YPL249C-A
YKL182W	YLR044C
YKL182W	YPL231W
YKL191W	YOR133W
YKL196C	YMR197C
YKL196C	YNL258C
YKL196C	YOR036W
YKL206C	YLR199C
YKL214C	YMR125W
YKL214C	YPL178W
YKR001C	YLR033W
YKR001C	YMR033W
YKR001C	YMR072W
YKR001C	YPL082C
YKR008W	YLR033W
YKR008W	YLR321C
YKR008W	YMR033W
YKR008W	YPR034W
YKR025W	YNL113W
YKR025W	YNL151C
YKR025W	YOR116C
YKR025W	YOR210W
YKR025W	YOR224C
YKR025W	YPR187W
YKR026C	YLR291C
YKR026C	YOR260W
YKR026C	YPL237W
YKR027W	YMR237W
YKR060W	YLL011W
YKR060W	YLR129W
YKR060W	YLR186W
YKR060W	YLR197W
YKR060W	YLR409C
YKR060W	YMR128W
YKR060W	YOR096W
YKR060W	YPR144C
YKR068C	YMR218C
YKR071C	YPR048W
YKR081C	YLL008W
YKR081C	YLR002C
YKR081C	YLR029C
YKR081C	YLR276C
YKR081C	YMR290C
YKR081C	YNL002C
YKR081C	YNL061W
YKR081C	YNR053C
YKR081C	YOL077C
YKR081C	YOR063W
YKR081C	YOR096W
YKR081C	YOR206W
YKR081C	YOR294W
YKR081C	YPL198W
YKR081C	YPR016C
YLL002W	YNL246W
YLL004W	YNL261W
YLL004W	YPR162C
YLL008W	YLR002C
YLL008W	YLR106C
YLL008W	YLR276C
YLL008W	YMR049C
YLL008W	YMR229C
YLL008W	YMR290C
YLL008W	YNL002C
YLL008W	YNL061W
YLL008W	YOL077C
YLL008W	YOR063W
YLL008W	YOR206W
YLL008W	YPL198W
YLL008W	YPL211W
YLL008W	YPR016C
YLL010C	YOR043W
YLL011W	YLR129W
YLL011W	YLR186W
YLL011W	YLR197W
YLL011W	YLR222C
YLL011W	YLR409C
YLL011W	YPL217C
YLL011W	YPR137W
YLL011W	YPR144C
YLL022C	YNL030W
YLL022C	YNL031C
YLL022C	YOL054W
YLL022C	YPL001W
YLL026W	YPL048W
YLR002C	YLR029C
YLR002C	YLR449W
YLR002C	YMR049C
YLR002C	YMR290C
YLR002C	YNL002C
YLR002C	YNL061W
YLR002C	YOL041C
YLR002C	YOL077C
YLR002C	YOR063W
YLR002C	YOR206W
YLR002C	YOR294W
YLR002C	YPL198W
YLR002C	YPL211W
YLR002C	YPR016C
YLR005W	YPR056W
YLR025W	YPR173C
YLR028C	YMR120C
YLR029C	YLR196W
YLR029C	YLR287C-A
YLR029C	YLR340W
YLR029C	YLR432W
YLR029C	YLR448W
YLR029C	YML063W
YLR029C	YML073C
YLR029C	YMR229C
YLR029C	YMR242C
YLR029C	YMR290C
YLR029C	YNL002C
YLR029C	YNL069C
YLR029C	YNL178W
YLR029C	YNL301C
YLR029C	YOL041C
YLR029C	YOL077C
YLR029C	YOR063W
YLR029C	YOR096W
YLR029C	YOR204W
YLR029C	YOR206W
YLR029C	YOR294W
YLR029C	YPL090C
YLR029C	YPL198W
YLR033W	YLR321C
YLR033W	YMR033W
YLR033W	YPL082C
YLR033W	YPR034W
YLR052W	YNL059C
YLR052W	YPL129W
YLR055C	YMR223W
YLR055C	YMR227C
YLR055C	YMR236W
YLR055C	YOL148C
YLR055C	YPL254W
YLR085C	YML041C
YLR106C	YLR180W
YLR106C	YMR012W
YLR106C	YNL002C
YLR106C	YNL182C
YLR106C	YNR053C
YLR115W	YLR277C
YLR115W	YNL317W
YLR115W	YPR107C
YLR117C	YLR147C
YLR117C	YML049C
YLR117C	YMR125W
YLR117C	YMR240C
YLR117C	YMR288W
YLR117C	YPL151C
YLR117C	YPL213W
YLR117C	YPR101W
YLR129W	YLR186W
YLR129W	YLR197W
YLR129W	YLR222C
YLR129W	YLR409C
YLR129W	YMR128W
YLR129W	YOR145C
YLR129W	YPL012W
YLR129W	YPL217C
YLR129W	YPL266W
YLR129W	YPR112C
YLR129W	YPR137W
YLR129W	YPR144C
YLR146C	YPR069C
YLR147C	YML046W
YLR147C	YML049C
YLR147C	YMR125W
YLR147C	YMR240C
YLR147C	YMR288W
YLR147C	YOR159C
YLR147C	YOR308C
YLR147C	YPL151C
YLR147C	YPL213W
YLR147C	YPR082C
YLR147C	YPR182W
YLR148W	YLR396C
YLR148W	YPL045W
YLR150W	YLR448W
YLR150W	YML063W
YLR150W	YML073C
YLR150W	YMR242C
YLR150W	YNL069C
YLR150W	YNL112W
YLR150W	YOR063W
YLR150W	YOR096W
YLR150W	YPL198W
YLR150W	YPL249C-A
YLR166C	YPR055W
YLR170C	YPL259C
YLR170C	YPR029C
YLR175W	YLR197W
YLR175W	YMR229C
YLR175W	YMR290C
YLR175W	YMR310C
YLR175W	YOR063W
YLR175W	YPL012W
YLR180W	YMR012W
YLR186W	YLR197W
YLR186W	YLR222C
YLR186W	YLR409C
YLR186W	YMR128W
YLR186W	YOR096W
YLR186W	YOR145C
YLR186W	YPL012W
YLR186W	YPL217C
YLR186W	YPR137W
YLR186W	YPR144C
YLR196W	YOL041C
YLR196W	YOL077C
YLR197W	YLR222C
YLR197W	YLR409C
YLR197W	YLR448W
YLR197W	YMR128W
YLR197W	YMR229C
YLR197W	YMR290C
YLR197W	YOR096W
YLR197W	YPL012W
YLR197W	YPL217C
YLR197W	YPR137W
YLR197W	YPR144C
YLR208W	YPL085W
YLR208W	YPR181C
YLR222C	YLR409C
YLR222C	YMR128W
YLR222C	YPL217C
YLR222C	YPR137W
YLR222C	YPR144C
YLR240W	YLR360W
YLR240W	YPL120W
YLR268W	YNL258C
YLR270W	YOR173W
YLR276C	YMR049C
YLR276C	YMR290C
YLR276C	YNL002C
YLR276C	YNL061W
YLR276C	YOL077C
YLR276C	YOR063W
YLR276C	YOR206W
YLR276C	YPL012W
YLR276C	YPL211W
YLR277C	YLR448W
YLR277C	YNL317W
YLR277C	YPR107C
YLR287C	YLR340W
YLR287C-A	YLR441C
YLR287C-A	YLR448W
YLR287C-A	YML063W
YLR287C-A	YML073C
YLR287C-A	YMR242C
YLR287C-A	YNL069C
YLR287C-A	YNL178W
YLR287C-A	YNL302C
YLR287C-A	YOL039W
YLR287C-A	YOR063W
YLR291C	YOR260W
YLR291C	YPL237W
YLR292C	YPL094C
YLR312W-A	YLR439W
YLR312W-A	YMR024W
YLR312W-A	YNL005C
YLR312W-A	YNL252C
YLR321C	YMR033W
YLR321C	YPR034W
YLR325C	YNR053C
YLR325C	YOR063W
YLR325C	YPL249C-A
YLR337C	YOR181W
YLR340W	YLR441C
YLR340W	YLR448W
YLR340W	YML063W
YLR340W	YML073C
YLR340W	YMR242C
YLR340W	YNL069C
YLR340W	YNL178W
YLR340W	YNL301C
YLR340W	YOL039W
YLR340W	YPL090C
YLR340W	YPL249C-A
YLR360W	YPL120W
YLR367W	YML026C
YLR367W	YOL139C
YLR367W	YOR096W
YLR367W	YPL249C-A
YLR381W	YPL018W
YLR384C	YMR312W
YLR385C	YLR399C
YLR396C	YPL045W
YLR407W	YOR061W
YLR409C	YPL217C
YLR409C	YPR137W
YLR409C	YPR144C
YLR418C	YOR039W
YLR418C	YOR061W
YLR418C	YOR123C
YLR421C	YOR259C
YLR423C	YPL166W
YLR423C	YPR049C
YLR429W	YNL106C
YLR429W	YPR171W
YLR430W	YPL190C
YLR432W	YML056C
YLR432W	YML073C
YLR432W	YMR290C
YLR432W	YNL178W
YLR432W	YPL198W
YLR436C	YMR304W
YLR439W	YMR024W
YLR439W	YNL005C
YLR439W	YNL252C
YLR439W	YOR150W
YLR441C	YLR448W
YLR441C	YML063W
YLR441C	YML073C
YLR441C	YMR242C
YLR441C	YNL069C
YLR441C	YNL178W
YLR441C	YNL301C
YLR441C	YOR063W
YLR441C	YOR096W
YLR441C	YPL090C
YLR441C	YPL198W
YLR448W	YML063W
YLR448W	YML073C
YLR448W	YMR142C
YLR448W	YMR242C
YLR448W	YMR290C
YLR448W	YNL069C
YLR448W	YNL178W
YLR448W	YNL301C
YLR448W	YOL041C
YLR448W	YOR063W
YLR448W	YOR096W
YLR448W	YPL090C
YLR448W	YPL198W
YLR448W	YPL249C-A
YLR449W	YMR049C
YLR449W	YMR242C
YLR449W	YMR290C
YLR449W	YNL061W
YLR449W	YOL077C
YLR449W	YOR063W
YLR449W	YOR206W
YLR449W	YPL146C
YLR449W	YPL198W
YLR449W	YPL211W
YML010W	YNL201C
YML010W	YOL005C
YML010W	YOR224C
YML010W	YPR187W
YML014W	YNR046W
YML026C	YOR096W
YML046W	YML049C
YML046W	YMR125W
YML046W	YMR240C
YML046W	YMR288W
YML046W	YPL213W
YML046W	YPR082C
YML046W	YPR182W
YML049C	YMR125W
YML049C	YMR240C
YML049C	YMR288W
YML049C	YOR159C
YML049C	YOR308C
YML049C	YOR319W
YML049C	YPL151C
YML049C	YPL213W
YML049C	YPR082C
YML049C	YPR101W
YML056C	YOL139C
YML056C	YOR063W
YML056C	YPL198W
YML062C	YNL004W
YML062C	YNL253W
YML063W	YML073C
YML063W	YMR142C
YML063W	YMR242C
YML063W	YMR290C
YML063W	YNL069C
YML063W	YNL178W
YML063W	YNL301C
YML063W	YOR063W
YML063W	YOR096W
YML063W	YOR204W
YML063W	YPL012W
YML063W	YPL090C
YML063W	YPL198W
YML063W	YPL249C-A
YML071C	YNL051W
YML071C	YPR105C
YML073C	YMR142C
YML073C	YMR242C
YML073C	YMR290C
YML073C	YNL002C
YML073C	YNL061W
YML073C	YNL069C
YML073C	YNL112W
YML073C	YNL178W
YML073C	YNL301C
YML073C	YOL041C
YML073C	YOR063W
YML073C	YOR096W
YML073C	YOR204W
YML073C	YPL090C
YML073C	YPL198W
YML073C	YPL249C-A
YML092C	YOL038W
YML092C	YOR157C
YML092C	YOR362C
YML092C	YPR103W
YML094W	YNL153C
YML095C	YPL022W
YML098W	YMR236W
YMR024W	YNL005C
YMR024W	YNL252C
YMR024W	YOR150W
YMR033W	YMR072W
YMR033W	YOR290C
YMR033W	YPL016W
YMR033W	YPL129W
YMR033W	YPR034W
YMR049C	YMR229C
YMR049C	YMR290C
YMR049C	YNL002C
YMR049C	YNL061W
YMR049C	YOL077C
YMR049C	YOR063W
YMR049C	YOR206W
YMR049C	YPL211W
YMR049C	YPR016C
YMR072W	YPL082C
YMR072W	YPR052C
YMR112C	YPL042C
YMR112C	YPR070W
YMR112C	YPR168W
YMR117C	YOL069W
YMR125W	YMR240C
YMR125W	YOL139C
YMR125W	YPL151C
YMR125W	YPL178W
YMR125W	YPL190C
YMR125W	YPL213W
YMR128W	YMR229C
YMR128W	YOR096W
YMR128W	YPL012W
YMR128W	YPL217C
YMR128W	YPR137W
YMR128W	YPR144C
YMR142C	YMR242C
YMR142C	YNL069C
YMR142C	YNL178W
YMR142C	YNL301C
YMR142C	YOR063W
YMR142C	YOR096W
YMR142C	YOR204W
YMR142C	YPL090C
YMR142C	YPL198W
YMR142C	YPL249C-A
YMR172W	YOR039W
YMR172W	YOR061W
YMR186W	YOR027W
YMR188C	YNL137C
YMR188C	YNL306W
YMR188C	YNR037C
YMR188C	YOR158W
YMR192W	YPL249C
YMR223W	YMR236W
YMR223W	YOL148C
YMR223W	YPL047W
YMR223W	YPL254W
YMR227C	YMR236W
YMR227C	YPL011C
YMR227C	YPL254W
YMR229C	YMR290C
YMR229C	YNL061W
YMR229C	YOL041C
YMR229C	YOL077C
YMR229C	YOR206W
YMR229C	YPL012W
YMR236W	YOL148C
YMR236W	YPL011C
YMR236W	YPL254W
YMR240C	YMR288W
YMR240C	YOR308C
YMR240C	YOR319W
YMR240C	YPL151C
YMR240C	YPL213W
YMR240C	YPR082C
YMR242C	YMR290C
YMR242C	YNL002C
YMR242C	YNL069C
YMR242C	YNL178W
YMR242C	YNL301C
YMR242C	YNL302C
YMR242C	YOL041C
YMR242C	YOL077C
YMR242C	YOR063W
YMR242C	YOR096W
YMR242C	YOR204W
YMR242C	YOR206W
YMR242C	YPL090C
YMR242C	YPL198W
YMR242C	YPL249C-A
YMR263W	YNL097C
YMR263W	YOL004W
YMR288W	YNL286W
YMR288W	YOR159C
YMR288W	YOR319W
YMR288W	YPL151C
YMR288W	YPL213W
YMR288W	YPR082C
YMR288W	YPR101W
YMR290C	YNL002C
YMR290C	YNL061W
YMR290C	YNL069C
YMR290C	YOL041C
YMR290C	YOL077C
YMR290C	YOR063W
YMR290C	YOR096W
YMR290C	YOR206W
YMR290C	YOR294W
YMR290C	YPL012W
YMR290C	YPL198W
YMR290C	YPL211W
YMR290C	YPR016C
YMR308C	YPL020C
YNL002C	YNL061W
YNL002C	YNL182C
YNL002C	YNR053C
YNL002C	YOL041C
YNL002C	YOL077C
YNL002C	YOR063W
YNL002C	YOR206W
YNL002C	YPL211W
YNL002C	YPL249C-A
YNL002C	YPR016C
YNL005C	YNL252C
YNL005C	YOR150W
YNL005C	YOR204W
YNL021W	YPR179C
YNL023C	YNL135C
YNL030W	YOL054W
YNL030W	YPL001W
YNL031C	YOL054W
YNL031C	YPL001W
YNL032W	YNL099C
YNL049C	YPL085W
YNL049C	YPR181C
YNL051W	YPR105C
YNL056W	YNL099C
YNL059C	YPL129W
YNL061W	YOL041C
YNL061W	YOL077C
YNL061W	YOR063W
YNL061W	YOR206W
YNL061W	YOR294W
YNL061W	YPL198W
YNL061W	YPL211W
YNL061W	YPR016C
YNL069C	YNL178W
YNL069C	YNL301C
YNL069C	YOL039W
YNL069C	YOR063W
YNL069C	YOR096W
YNL069C	YOR204W
YNL069C	YPL090C
YNL069C	YPL198W
YNL069C	YPL249C-A
YNL097C	YOL004W
YNL097C	YPR023C
YNL104C	YOR108W
YNL106C	YPR171W
YNL112W	YOR063W
YNL113W	YNL151C
YNL113W	YNL248C
YNL113W	YOR116C
YNL113W	YOR210W
YNL113W	YOR224C
YNL113W	YOR341W
YNL113W	YPR187W
YNL136W	YOR244W
YNL136W	YPR023C
YNL137C	YNL306W
YNL137C	YOR158W
YNL137C	YPL013C
YNL151C	YOR116C
YNL151C	YOR210W
YNL151C	YOR224C
YNL151C	YPR187W
YNL178W	YNL301C
YNL178W	YOR063W
YNL178W	YOR096W
YNL178W	YPL090C
YNL178W	YPL198W
YNL182C	YNR053C
YNL182C	YOR063W
YNL182C	YPR016C
YNL221C	YNL282W
YNL238W	YOL031C
YNL244C	YOR361C
YNL248C	YOR210W
YNL248C	YOR224C
YNL248C	YOR341W
YNL248C	YPR187W
YNL252C	YOR150W
YNL261W	YPR162C
YNL301C	YOR063W
YNL301C	YOR096W
YNL301C	YOR204W
YNL301C	YOR206W
YNL301C	YPL090C
YNL301C	YPL249C-A
YNL306W	YNR037C
YNL306W	YOR158W
YNL306W	YOR204W
YNL306W	YPL013C
YNL317W	YPR107C
YNR024W	YOL021C
YNR024W	YOL142W
YNR024W	YOR001W
YNR037C	YOR158W
YNR053C	YOR063W
YNR053C	YPL249C-A
YNR053C	YPR016C
YOL004W	YPR023C
YOL005C	YOR210W
YOL005C	YOR224C
YOL005C	YPL129W
YOL005C	YPR187W
YOL021C	YOL142W
YOL021C	YOR001W
YOL021C	YOR076C
YOL038W	YOR157C
YOL038W	YOR362C
YOL038W	YPR103W
YOL041C	YOL077C
YOL041C	YOR063W
YOL041C	YOR206W
YOL041C	YPL012W
YOL041C	YPL198W
YOL054W	YPL001W
YOL077C	YOR063W
YOL077C	YOR206W
YOL077C	YPL012W
YOL077C	YPL198W
YOL077C	YPL211W
YOL115W	YPL190C
YOL142W	YOR001W
YOL142W	YOR076C
YOL148C	YPL047W
YOL148C	YPL254W
YOR001W	YOR076C
YOR039W	YOR061W
YOR061W	YOR123C
YOR063W	YOR096W
YOR063W	YOR206W
YOR063W	YPL012W
YOR063W	YPL090C
YOR063W	YPL198W
YOR063W	YPL211W
YOR063W	YPL249C-A
YOR063W	YPR016C
YOR069W	YOR132W
YOR096W	YPL012W
YOR096W	YPL081W
YOR096W	YPL090C
YOR096W	YPL198W
YOR096W	YPL217C
YOR096W	YPL249C-A
YOR096W	YPR144C
YOR116C	YOR210W
YOR116C	YOR224C
YOR116C	YPL082C
YOR116C	YPR187W
YOR145C	YPL012W
YOR145C	YPL266W
YOR156C	YPR034W
YOR157C	YOR362C
YOR157C	YPR103W
YOR158W	YPL013C
YOR159C	YPL213W
YOR159C	YPR182W
YOR204W	YOR361C
YOR204W	YPL081W
YOR204W	YPL090C
YOR204W	YPL249C-A
YOR206W	YPL211W
YOR206W	YPR016C
YOR210W	YOR224C
YOR210W	YOR341W
YOR210W	YPR187W
YOR224C	YOR341W
YOR224C	YPL129W
YOR224C	YPR187W
YOR244W	YPR023C
YOR260W	YPL237W
YOR270C	YPR149W
YOR290C	YPL016W
YOR290C	YPR034W
YOR308C	YPL213W
YOR308C	YPR082C
YOR332W	YPR036W
YOR341W	YPR187W
YOR362C	YPR103W
YPL011C	YPL254W
YPL012W	YPL217C
YPL012W	YPL266W
YPL012W	YPR144C
YPL016W	YPR034W
YPL042C	YPR070W
YPL042C	YPR168W
YPL085W	YPR181C
YPL090C	YPL198W
YPL129W	YPR187W
YPL151C	YPL213W
YPL151C	YPR101W
YPL178W	YPL190C
YPL198W	YPL211W
YPL204W	YPL266W
YPL211W	YPR016C
YPL213W	YPR082C
YPL213W	YPR101W
YPL217C	YPR112C
YPL217C	YPR137W
YPL217C	YPR144C
YPL243W	YPR088C
YPL249C-A	YPR016C
YPL259C	YPR029C
YPL266W	YPR144C
YPR070W	YPR168W
YPR082C	YPR101W
YPR137W	YPR144C
