YAL003W	YHR064C
YAL003W	YKL081W
YAL003W	YLR249W
YAL011W	YDR190C
YAL011W	YJL081C
YAL011W	YPL235W
YAL021C	YNR052C
YAL024C	YHR158C
YAL029C	YBR130C
YAL029C	YGL106W
YAL029C	YHR023W
YAL029C	YKL130C
YAL043C	YDR195W
YAL043C	YDR301W
YAL043C	YGR156W
YAL043C	YJR093C
YAL043C	YKL059C
YAL043C	YKR002W
YAL043C	YNL222W
YAL043C	YNL317W
YAL043C	YOR179C
YAL043C	YPR107C
YAR007C	YJL173C
YAR007C	YNL312W
YAR007C	YOL090W
YAR073W	YGR085C
YAR073W	YHR216W
YAR073W	YJR123W
YAR073W	YLR432W
YAR073W	YML063W
YAR073W	YOR096W
YBL002W	YBL003C
YBL002W	YML069W
YBL003C	YBR245C
YBL003C	YDR224C
YBL008W	YBR215W
YBL008W	YOR038C
YBL018C	YBR257W
YBL018C	YNL221C
YBL021C	YOR358W
YBL026W	YBR055C
YBL026W	YCR077C
YBL026W	YDL098C
YBL026W	YDR473C
YBL026W	YER112W
YBL026W	YER146W
YBL026W	YGR074W
YBL026W	YGR075C
YBL026W	YGR091W
YBL026W	YHR165C
YBL026W	YJL124C
YBL026W	YLR147C
YBL026W	YLR438C-A
YBL026W	YNL147W
YBL026W	YPR082C
YBL026W	YPR178W
YBL027W	YBR031W
YBL027W	YBR048W
YBL027W	YBR191W
YBL027W	YCR031C
YBL027W	YDL082W
YBL027W	YDR012W
YBL027W	YDR471W
YBL027W	YER074W
YBL027W	YFR031C-A
YBL027W	YFR032C-A
YBL027W	YGL103W
YBL027W	YGL147C
YBL027W	YGR085C
YBL027W	YHL001W
YBL027W	YJR123W
YBL027W	YLL045C
YBL027W	YLR029C
YBL027W	YLR150W
YBL027W	YLR287C-A
YBL027W	YLR344W
YBL027W	YLR441C
YBL027W	YLR448W
YBL027W	YML063W
YBL027W	YML073C
YBL027W	YMR194W
YBL027W	YNL069C
YBL027W	YNL096C
YBL027W	YNL178W
YBL027W	YOL040C
YBL027W	YOR063W
YBL027W	YOR096W
YBL027W	YPL090C
YBL045C	YPR191W
YBL046W	YDR075W
YBL046W	YNL201C
YBL072C	YBR031W
YBL072C	YBR048W
YBL072C	YBR079C
YBL072C	YBR189W
YBL072C	YBR247C
YBL072C	YCL037C
YBL072C	YCL059C
YBL072C	YCR031C
YBL072C	YDL060W
YBL072C	YDL082W
YBL072C	YDL148C
YBL072C	YDR418W
YBL072C	YDR449C
YBL072C	YDR471W
YBL072C	YER074W
YBL072C	YFR031C-A
YBL072C	YGL076C
YBL072C	YGL103W
YBL072C	YGL120C
YBL072C	YGL147C
YBL072C	YGR054W
YBL072C	YGR085C
YBL072C	YGR090W
YBL072C	YHL001W
YBL072C	YHL015W
YBL072C	YHL034C
YBL072C	YJL190C
YBL072C	YJR002W
YBL072C	YJR123W
YBL072C	YLL011W
YBL072C	YLL045C
YBL072C	YLR029C
YBL072C	YLR129W
YBL072C	YLR287C-A
YBL072C	YLR340W
YBL072C	YLR441C
YBL072C	YLR448W
YBL072C	YML063W
YBL072C	YML073C
YBL072C	YMR093W
YBL072C	YMR116C
YBL072C	YMR128W
YBL072C	YMR146C
YBL072C	YMR194W
YBL072C	YMR290C
YBL072C	YNL096C
YBL072C	YNL132W
YBL072C	YNL178W
YBL072C	YNL308C
YBL072C	YOR063W
YBL072C	YOR096W
YBL072C	YOR361C
YBL072C	YPL012W
YBL072C	YPL090C
YBL072C	YPR144C
YBL084C	YLR127C
YBL084C	YOR249C
YBL087C	YDR361C
YBL087C	YGL111W
YBL087C	YMR290C
YBL087C	YPL208W
YBL090W	YBR146W
YBL090W	YDR036C
YBL090W	YDR175C
YBL090W	YDR337W
YBL090W	YDR347W
YBL090W	YGL129C
YBL090W	YGR084C
YBL090W	YGR165W
YBL090W	YGR215W
YBL090W	YHL004W
YBL090W	YNL137C
YBL090W	YNL306W
YBL090W	YOR158W
YBR017C	YEL022W
YBR017C	YGL122C
YBR017C	YJR077C
YBR025C	YGL195W
YBR025C	YKL081W
YBR031W	YBR048W
YBR031W	YBR189W
YBR031W	YBR191W
YBR031W	YCR031C
YBR031W	YDL082W
YBR031W	YDR012W
YBR031W	YDR418W
YBR031W	YDR471W
YBR031W	YDR496C
YBR031W	YER074W
YBR031W	YFR031C-A
YBR031W	YGL103W
YBR031W	YGL147C
YBR031W	YGR085C
YBR031W	YHL001W
YBR031W	YJL190C
YBR031W	YJR123W
YBR031W	YKR081C
YBR031W	YLL045C
YBR031W	YLR029C
YBR031W	YLR287C-A
YBR031W	YLR441C
YBR031W	YLR448W
YBR031W	YML063W
YBR031W	YML073C
YBR031W	YMR194W
YBR031W	YMR290C
YBR031W	YNL069C
YBR031W	YNL096C
YBR031W	YNL112W
YBR031W	YNL132W
YBR031W	YNL178W
YBR031W	YOL120C
YBR031W	YOR063W
YBR031W	YOR096W
YBR031W	YPL012W
YBR031W	YPL090C
YBR031W	YPL220W
YBR048W	YBR189W
YBR048W	YBR247C
YBR048W	YCL059C
YBR048W	YCR031C
YBR048W	YDL060W
YBR048W	YDL148C
YBR048W	YDR012W
YBR048W	YDR299W
YBR048W	YDR365C
YBR048W	YDR418W
YBR048W	YDR471W
YBR048W	YER025W
YBR048W	YER074W
YBR048W	YFR031C-A
YBR048W	YGL076C
YBR048W	YGR085C
YBR048W	YGR090W
YBR048W	YHL001W
YBR048W	YJL190C
YBR048W	YJR123W
YBR048W	YLL045C
YBR048W	YLR029C
YBR048W	YLR287C-A
YBR048W	YLR340W
YBR048W	YLR367W
YBR048W	YLR441C
YBR048W	YLR448W
YBR048W	YML063W
YBR048W	YML073C
YBR048W	YMR194W
YBR048W	YMR290C
YBR048W	YNL069C
YBR048W	YNL096C
YBR048W	YNL132W
YBR048W	YNL178W
YBR048W	YNL308C
YBR048W	YNR054C
YBR048W	YOR063W
YBR048W	YOR096W
YBR048W	YOR204W
YBR048W	YPL012W
YBR048W	YPL081W
YBR048W	YPL090C
YBR055C	YCR077C
YBR055C	YDL098C
YBR055C	YDR473C
YBR055C	YER112W
YBR055C	YER146W
YBR055C	YGR074W
YBR055C	YGR075C
YBR055C	YGR091W
YBR055C	YHR165C
YBR055C	YJL124C
YBR055C	YLR147C
YBR055C	YLR424W
YBR055C	YNL147W
YBR055C	YOR159C
YBR055C	YPR082C
YBR055C	YPR178W
YBR060C	YLL004W
YBR060C	YNL261W
YBR060C	YPR162C
YBR065C	YHR165C
YBR065C	YPR101W
YBR079C	YDR429C
YBR079C	YER025W
YBR079C	YMR146C
YBR079C	YMR309C
YBR079C	YNL244C
YBR079C	YOR096W
YBR079C	YOR361C
YBR079C	YPL081W
YBR079C	YPL237W
YBR081C	YGL112C
YBR081C	YGR252W
YBR081C	YGR274C
YBR081C	YLR055C
YBR081C	YML015C
YBR081C	YMR236W
YBR081C	YPL254W
YBR087W	YJR068W
YBR095C	YNL097C
YBR095C	YNL330C
YBR095C	YOL004W
YBR103W	YIL112W
YBR105C	YDL082W
YBR105C	YMR135C
YBR127C	YGR020C
YBR127C	YKL080W
YBR130C	YGL106W
YBR130C	YKL130C
YBR143C	YDR172W
YBR143C	YPL237W
YBR146W	YDR036C
YBR146W	YDR175C
YBR146W	YDR337W
YBR146W	YDR347W
YBR146W	YER050C
YBR146W	YGL129C
YBR146W	YGR084C
YBR146W	YGR165W
YBR146W	YGR215W
YBR146W	YHL004W
YBR146W	YKL003C
YBR146W	YNL137C
YBR146W	YNL306W
YBR146W	YOR158W
YBR146W	YOR204W
YBR160W	YDL155W
YBR189W	YBR247C
YBR189W	YCL037C
YBR189W	YCR031C
YBR189W	YDL060W
YBR189W	YDL148C
YBR189W	YDR418W
YBR189W	YDR449C
YBR189W	YDR471W
YBR189W	YER074W
YBR189W	YGL103W
YBR189W	YGL147C
YBR189W	YGR081C
YBR189W	YGR085C
YBR189W	YGR090W
YBR189W	YGR214W
YBR189W	YHL015W
YBR189W	YJL190C
YBR189W	YJR002W
YBR189W	YJR123W
YBR189W	YLL045C
YBR189W	YLR029C
YBR189W	YLR264W
YBR189W	YLR340W
YBR189W	YLR367W
YBR189W	YLR441C
YBR189W	YML063W
YBR189W	YML073C
YBR189W	YMR116C
YBR189W	YMR194W
YBR189W	YNL069C
YBR189W	YNL096C
YBR189W	YNL132W
YBR189W	YNL178W
YBR189W	YOL040C
YBR189W	YOR063W
YBR189W	YOR096W
YBR189W	YOR204W
YBR189W	YPL012W
YBR189W	YPL081W
YBR189W	YPL090C
YBR189W	YPL266W
YBR191W	YCR031C
YBR191W	YDL082W
YBR191W	YDR418W
YBR191W	YDR471W
YBR191W	YER074W
YBR191W	YFR031C-A
YBR191W	YFR032C-A
YBR191W	YGL103W
YBR191W	YGL147C
YBR191W	YGR085C
YBR191W	YHL001W
YBR191W	YJR123W
YBR191W	YLR287C-A
YBR191W	YLR441C
YBR191W	YLR448W
YBR191W	YML073C
YBR191W	YMR194W
YBR191W	YNL069C
YBR191W	YNL096C
YBR191W	YNL178W
YBR191W	YOR063W
YBR196C	YLR249W
YBR196C	YOL086C
YBR215W	YJR140C
YBR215W	YOR038C
YBR234C	YKL013C
YBR245C	YDR190C
YBR245C	YFR013W
YBR245C	YFR037C
YBR245C	YGL133W
YBR245C	YKR001C
YBR245C	YKR008W
YBR245C	YLR033W
YBR245C	YLR357W
YBR245C	YMR091C
YBR245C	YOL017W
YBR245C	YOR207C
YBR247C	YDL060W
YBR247C	YDL148C
YBR247C	YDR449C
YBR247C	YHR148W
YBR247C	YJR002W
YBR247C	YKL143W
YBR247C	YMR093W
YBR247C	YMR128W
YBR247C	YNL132W
YBR247C	YNL178W
YBR247C	YOR096W
YBR247C	YPL012W
YBR247C	YPL266W
YBR247C	YPR144C
YBR253W	YCR081W
YBR253W	YDR308C
YBR253W	YHR041C
YBR253W	YHR058C
YBR253W	YOL135C
YBR253W	YOR174W
YBR253W	YPL042C
YBR254C	YDR407C
YBR254C	YDR472W
YBR254C	YGR166W
YBR254C	YKR068C
YBR254C	YMR218C
YBR257W	YDR478W
YBR257W	YNL221C
YBR267W	YDR101C
YBR267W	YGL099W
YBR267W	YHR170W
YBR282W	YCR046C
YBR282W	YDR237W
YBR282W	YDR296W
YBR282W	YDR322W
YBR282W	YLR439W
YBR282W	YMR024W
YBR282W	YMR193W
YBR288C	YPL195W
YBR289W	YFL049W
YBR289W	YNR023W
YCL037C	YGL120C
YCL037C	YGR162W
YCL037C	YHL034C
YCL037C	YJL190C
YCL037C	YLR175W
YCL037C	YMR290C
YCL037C	YOL139C
YCL037C	YOR096W
YCL054W	YDL031W
YCL054W	YER006W
YCL054W	YGL111W
YCL054W	YKL172W
YCL054W	YLL008W
YCL054W	YMR290C
YCL054W	YNL110C
YCL054W	YPL211W
YCL059C	YDL148C
YCL059C	YDR299W
YCL059C	YER082C
YCL059C	YHR148W
YCL059C	YJR002W
YCL059C	YLL011W
YCL059C	YLR175W
YCL059C	YMR128W
YCL059C	YMR290C
YCL059C	YNL132W
YCL059C	YNL308C
YCL059C	YPR144C
YCR002C	YDL225W
YCR002C	YHR107C
YCR002C	YLR314C
YCR012W	YKL060C
YCR012W	YOL086C
YCR020C-A	YPR051W
YCR020W-B	YFR037C
YCR020W-B	YGR056W
YCR020W-B	YKR008W
YCR020W-B	YLR033W
YCR020W-B	YLR321C
YCR020W-B	YLR357W
YCR020W-B	YMR091C
YCR031C	YDL082W
YCR031C	YDL148C
YCR031C	YDR418W
YCR031C	YDR471W
YCR031C	YER074W
YCR031C	YFR031C-A
YCR031C	YGL076C
YCR031C	YGL103W
YCR031C	YGL147C
YCR031C	YGR085C
YCR031C	YHL001W
YCR031C	YHL015W
YCR031C	YJL190C
YCR031C	YJL191W
YCR031C	YJR123W
YCR031C	YLL045C
YCR031C	YLR029C
YCR031C	YLR150W
YCR031C	YLR287C-A
YCR031C	YLR340W
YCR031C	YLR441C
YCR031C	YLR448W
YCR031C	YML063W
YCR031C	YML073C
YCR031C	YMR142C
YCR031C	YMR194W
YCR031C	YNL069C
YCR031C	YNL096C
YCR031C	YNL132W
YCR031C	YNL178W
YCR031C	YNL302C
YCR031C	YOR063W
YCR031C	YOR096W
YCR031C	YOR204W
YCR031C	YOR234C
YCR031C	YPL090C
YCR046C	YCR071C
YCR046C	YDR237W
YCR046C	YDR296W
YCR046C	YDR322W
YCR046C	YHR147C
YCR046C	YJL063C
YCR046C	YKR085C
YCR046C	YLR439W
YCR046C	YML025C
YCR046C	YMR024W
YCR046C	YMR193W
YCR046C	YNL177C
YCR046C	YOR150W
YCR057C	YDL148C
YCR057C	YDR449C
YCR057C	YER082C
YCR057C	YGR090W
YCR057C	YGR128C
YCR057C	YHR148W
YCR057C	YHR196W
YCR057C	YJL109C
YCR057C	YJR002W
YCR057C	YKR060W
YCR057C	YLL011W
YCR057C	YLR129W
YCR057C	YLR409C
YCR057C	YMR093W
YCR057C	YMR128W
YCR057C	YNL075W
YCR057C	YNL132W
YCR057C	YPL266W
YCR057C	YPR137W
YCR057C	YPR144C
YCR063W	YHR165C
YCR063W	YPR101W
YCR071C	YDR237W
YCR071C	YDR296W
YCR071C	YDR322W
YCR071C	YDR405W
YCR071C	YJL063C
YCR071C	YKR085C
YCR071C	YLR439W
YCR071C	YML025C
YCR071C	YMR024W
YCR071C	YMR193W
YCR071C	YOR150W
YCR077C	YDR473C
YCR077C	YER112W
YCR077C	YER146W
YCR077C	YGR091W
YCR077C	YHR165C
YCR077C	YJL124C
YCR077C	YLR147C
YCR077C	YLR438C-A
YCR077C	YNL147W
YCR077C	YPR082C
YCR077C	YPR178W
YCR081W	YDR308C
YCR081W	YHR041C
YCR081W	YHR058C
YCR081W	YOL135C
YCR081W	YOR174W
YCR081W	YPL042C
YCR092C	YOL090W
YDL002C	YDR190C
YDL002C	YER092W
YDL002C	YGL150C
YDL002C	YJL081C
YDL002C	YPL235W
YDL031W	YDR060W
YDL031W	YDR087C
YDL031W	YDR101C
YDL031W	YDR496C
YDL031W	YER006W
YDL031W	YER126C
YDL031W	YGL111W
YDL031W	YHR088W
YDL031W	YHR197W
YDL031W	YKL009W
YDL031W	YKL172W
YDL031W	YKR081C
YDL031W	YLL008W
YDL031W	YLL045C
YDL031W	YLR002C
YDL031W	YLR029C
YDL031W	YLR276C
YDL031W	YLR449W
YDL031W	YMR049C
YDL031W	YMR290C
YDL031W	YNL110C
YDL031W	YNL182C
YDL031W	YOR063W
YDL031W	YOR206W
YDL031W	YOR272W
YDL031W	YPL043W
YDL031W	YPL211W
YDL031W	YPR016C
YDL042C	YJL076W
YDL051W	YDL092W
YDL051W	YGR162W
YDL051W	YNL262W
YDL051W	YPR088C
YDL056W	YLR182W
YDL060W	YER074W
YDL060W	YGR054W
YDL060W	YGR081C
YDL060W	YKL143W
YDL060W	YOR096W
YDL060W	YPL012W
YDL060W	YPL266W
YDL066W	YJL034W
YDL074C	YPL055C
YDL082W	YDR012W
YDL082W	YDR418W
YDL082W	YDR471W
YDL082W	YEL054C
YDL082W	YER074W
YDL082W	YFR031C-A
YDL082W	YFR032C-A
YDL082W	YGL076C
YDL082W	YGL103W
YDL082W	YGL147C
YDL082W	YGR085C
YDL082W	YHL001W
YDL082W	YHR216W
YDL082W	YJL190C
YDL082W	YJL191W
YDL082W	YJR123W
YDL082W	YKL172W
YDL082W	YLL045C
YDL082W	YLR029C
YDL082W	YLR287C-A
YDL082W	YLR340W
YDL082W	YLR441C
YDL082W	YLR448W
YDL082W	YML063W
YDL082W	YML073C
YDL082W	YMR142C
YDL082W	YMR194W
YDL082W	YMR290C
YDL082W	YNL069C
YDL082W	YNL096C
YDL082W	YNL110C
YDL082W	YNL178W
YDL082W	YOL041C
YDL082W	YOL120C
YDL082W	YOR063W
YDL082W	YOR096W
YDL082W	YOR234C
YDL082W	YOR272W
YDL082W	YPL090C
YDL082W	YPL220W
YDL092W	YPR088C
YDL098C	YDR473C
YDL098C	YGR074W
YDL098C	YGR075C
YDL098C	YGR091W
YDL098C	YHR165C
YDL098C	YLR147C
YDL098C	YNL147W
YDL098C	YPR082C
YDL098C	YPR178W
YDL102W	YJR006W
YDL102W	YJR043C
YDL140C	YGL070C
YDL140C	YGR005C
YDL140C	YGR063C
YDL140C	YGR186W
YDL140C	YIL021W
YDL140C	YOL005C
YDL140C	YOR151C
YDL140C	YOR210W
YDL140C	YOR224C
YDL140C	YPR093C
YDL140C	YPR187W
YDL143W	YGL195W
YDL143W	YIL142W
YDL143W	YKL029C
YDL143W	YOR281C
YDL148C	YDR299W
YDL148C	YDR449C
YDL148C	YER082C
YDL148C	YGR090W
YDL148C	YGR128C
YDL148C	YHR148W
YDL148C	YJL109C
YDL148C	YJR002W
YDL148C	YKR060W
YDL148C	YLL011W
YDL148C	YLR129W
YDL148C	YMR093W
YDL148C	YMR128W
YDL148C	YNL132W
YDL148C	YNL308C
YDL148C	YOL010W
YDL148C	YOR096W
YDL148C	YOR310C
YDL148C	YPL012W
YDL148C	YPR144C
YDL150W	YKR025W
YDL150W	YNL113W
YDL150W	YNL151C
YDL150W	YOR116C
YDL150W	YOR207C
YDL150W	YOR210W
YDL150W	YOR224C
YDL150W	YPR187W
YDL150W	YPR190C
YDL175C	YLR430W
YDL175C	YOL115W
YDL208W	YLR175W
YDL208W	YMR310C
YDL225W	YHR107C
YDL225W	YLR314C
YDR012W	YDR418W
YDR012W	YDR471W
YDR012W	YDR496C
YDR012W	YER074W
YDR012W	YFR031C-A
YDR012W	YGL103W
YDR012W	YGL147C
YDR012W	YGR085C
YDR012W	YJR123W
YDR012W	YKR081C
YDR012W	YLL045C
YDR012W	YLR029C
YDR012W	YLR340W
YDR012W	YLR441C
YDR012W	YLR448W
YDR012W	YML063W
YDR012W	YML073C
YDR012W	YMR194W
YDR012W	YMR290C
YDR012W	YNL069C
YDR012W	YNL178W
YDR012W	YOL041C
YDR012W	YOL120C
YDR012W	YOR063W
YDR012W	YOR096W
YDR012W	YPL090C
YDR012W	YPL220W
YDR013W	YJL072C
YDR016C	YDR201W
YDR016C	YGL061C
YDR016C	YKR037C
YDR036C	YDR175C
YDR036C	YDR337W
YDR036C	YDR347W
YDR036C	YGL129C
YDR036C	YGR084C
YDR036C	YHL004W
YDR036C	YNL137C
YDR036C	YNL306W
YDR060W	YDR087C
YDR060W	YDR496C
YDR060W	YER006W
YDR060W	YGL076C
YDR060W	YGL111W
YDR060W	YHR088W
YDR060W	YKL172W
YDR060W	YKR081C
YDR060W	YLL008W
YDR060W	YLL045C
YDR060W	YLR002C
YDR060W	YLR029C
YDR060W	YLR276C
YDR060W	YMR049C
YDR060W	YMR290C
YDR060W	YOL041C
YDR060W	YOR063W
YDR060W	YOR206W
YDR060W	YOR272W
YDR060W	YPL012W
YDR060W	YPL043W
YDR060W	YPL211W
YDR075W	YNL201C
YDR087C	YDR496C
YDR087C	YER006W
YDR087C	YGL111W
YDR087C	YGR085C
YDR087C	YHR088W
YDR087C	YKL009W
YDR087C	YKR081C
YDR087C	YLL008W
YDR087C	YMR049C
YDR087C	YMR290C
YDR087C	YOR206W
YDR087C	YOR272W
YDR087C	YPL211W
YDR087C	YPR016C
YDR097C	YOL090W
YDR101C	YER006W
YDR101C	YER126C
YDR101C	YGL099W
YDR101C	YGL103W
YDR101C	YHR197W
YDR101C	YKL009W
YDR101C	YKR081C
YDR101C	YLL045C
YDR101C	YLR106C
YDR101C	YNL110C
YDR101C	YNL182C
YDR101C	YNR053C
YDR101C	YOR063W
YDR101C	YPL211W
YDR101C	YPR016C
YDR127W	YLR180W
YDR148C	YIL125W
YDR170C	YLR342W
YDR175C	YDR337W
YDR175C	YDR347W
YDR175C	YGL129C
YDR175C	YGR084C
YDR175C	YGR165W
YDR175C	YGR215W
YDR175C	YHL004W
YDR175C	YNL137C
YDR175C	YNL306W
YDR175C	YOR158W
YDR190C	YER092W
YDR190C	YGL150C
YDR190C	YGR002C
YDR190C	YJL081C
YDR190C	YLR385C
YDR190C	YPL235W
YDR195W	YDR301W
YDR195W	YGR156W
YDR195W	YJR093C
YDR195W	YKL059C
YDR195W	YKR002W
YDR195W	YLR448W
YDR195W	YNL222W
YDR195W	YNL317W
YDR195W	YOR179C
YDR195W	YPR107C
YDR201W	YGL061C
YDR201W	YKR037C
YDR201W	YKR083C
YDR211W	YER025W
YDR211W	YKR026C
YDR211W	YLR291C
YDR211W	YPL237W
YDR211W	YPR010C
YDR224C	YGL133W
YDR224C	YLR357W
YDR224C	YOR116C
YDR225W	YLR357W
YDR237W	YDR296W
YDR237W	YDR322W
YDR237W	YDR405W
YDR237W	YHR147C
YDR237W	YJL063C
YDR237W	YKR085C
YDR237W	YLR439W
YDR237W	YML025C
YDR237W	YMR024W
YDR237W	YMR193W
YDR237W	YOR150W
YDR240C	YGR074W
YDR240C	YHR086W
YDR240C	YHR165C
YDR240C	YLR147C
YDR240C	YPL178W
YDR254W	YGR179C
YDR295C	YNL021W
YDR295C	YPR179C
YDR296W	YDR322W
YDR296W	YDR405W
YDR296W	YHR147C
YDR296W	YJL063C
YDR296W	YKR085C
YDR296W	YLR439W
YDR296W	YML025C
YDR296W	YMR024W
YDR296W	YMR193W
YDR296W	YNL177C
YDR296W	YOR150W
YDR299W	YHR148W
YDR299W	YJL033W
YDR299W	YJR002W
YDR299W	YKR060W
YDR299W	YNL132W
YDR299W	YNL308C
YDR299W	YNR054C
YDR299W	YOR096W
YDR299W	YPR144C
YDR301W	YGR156W
YDR301W	YJR093C
YDR301W	YKL059C
YDR301W	YKR002W
YDR301W	YNL222W
YDR301W	YNL317W
YDR301W	YPR107C
YDR308C	YHR041C
YDR308C	YHR058C
YDR308C	YOL135C
YDR308C	YOR174W
YDR308C	YPL042C
YDR311W	YPR056W
YDR322W	YDR405W
YDR322W	YHR147C
YDR322W	YJL063C
YDR322W	YKR085C
YDR322W	YLR439W
YDR322W	YML025C
YDR322W	YMR024W
YDR322W	YMR193W
YDR322W	YOR150W
YDR325W	YFR031C
YDR337W	YDR347W
YDR337W	YGL129C
YDR337W	YGR084C
YDR337W	YGR165W
YDR337W	YGR215W
YDR337W	YHL004W
YDR337W	YNL137C
YDR337W	YNL306W
YDR337W	YOR158W
YDR347W	YGL129C
YDR347W	YGR084C
YDR347W	YGR165W
YDR347W	YGR215W
YDR347W	YHL004W
YDR347W	YNL137C
YDR347W	YNL306W
YDR347W	YOR158W
YDR361C	YPL208W
YDR365C	YJL033W
YDR365C	YNR054C
YDR398W	YEL055C
YDR398W	YGR128C
YDR398W	YHR196W
YDR398W	YJL109C
YDR398W	YMR093W
YDR405W	YLR439W
YDR405W	YML025C
YDR405W	YMR024W
YDR407C	YDR472W
YDR407C	YGR166W
YDR407C	YKR068C
YDR407C	YMR218C
YDR418W	YDR471W
YDR418W	YFR031C-A
YDR418W	YGL076C
YDR418W	YGL103W
YDR418W	YGL147C
YDR418W	YGR085C
YDR418W	YHL001W
YDR418W	YJL190C
YDR418W	YJR123W
YDR418W	YLL045C
YDR418W	YLR150W
YDR418W	YLR340W
YDR418W	YLR441C
YDR418W	YLR448W
YDR418W	YML063W
YDR418W	YML073C
YDR418W	YMR194W
YDR418W	YNL069C
YDR418W	YNL178W
YDR418W	YOR063W
YDR418W	YOR096W
YDR418W	YPL220W
YDR429C	YMR146C
YDR429C	YMR309C
YDR429C	YNL244C
YDR429C	YOR204W
YDR429C	YOR361C
YDR432W	YPL178W
YDR449C	YER082C
YDR449C	YGR090W
YDR449C	YGR128C
YDR449C	YHR148W
YDR449C	YHR196W
YDR449C	YJL109C
YDR449C	YJR002W
YDR449C	YKR060W
YDR449C	YLL011W
YDR449C	YLR129W
YDR449C	YLR409C
YDR449C	YMR093W
YDR449C	YMR128W
YDR449C	YNL075W
YDR449C	YNL132W
YDR449C	YOR096W
YDR449C	YPL266W
YDR449C	YPR137W
YDR449C	YPR144C
YDR471W	YDR496C
YDR471W	YER006W
YDR471W	YER074W
YDR471W	YFR031C-A
YDR471W	YFR032C-A
YDR471W	YGL076C
YDR471W	YGL103W
YDR471W	YGL147C
YDR471W	YGR085C
YDR471W	YHL001W
YDR471W	YHL015W
YDR471W	YJL190C
YDR471W	YJR123W
YDR471W	YKR081C
YDR471W	YLL045C
YDR471W	YLR029C
YDR471W	YLR150W
YDR471W	YLR287C-A
YDR471W	YLR344W
YDR471W	YLR441C
YDR471W	YLR448W
YDR471W	YML063W
YDR471W	YML073C
YDR471W	YMR142C
YDR471W	YMR194W
YDR471W	YMR290C
YDR471W	YNL069C
YDR471W	YNL096C
YDR471W	YNL110C
YDR471W	YNL112W
YDR471W	YNL178W
YDR471W	YOL040C
YDR471W	YOR063W
YDR471W	YOR096W
YDR471W	YPL090C
YDR471W	YPL211W
YDR471W	YPL220W
YDR472W	YGR166W
YDR472W	YKR068C
YDR472W	YMR218C
YDR473C	YER112W
YDR473C	YER146W
YDR473C	YGR074W
YDR473C	YGR075C
YDR473C	YGR091W
YDR473C	YHR165C
YDR473C	YJL124C
YDR473C	YLR147C
YDR473C	YNL147W
YDR473C	YOR159C
YDR473C	YPR082C
YDR473C	YPR178W
YDR478W	YNL221C
YDR496C	YER006W
YDR496C	YGL076C
YDR496C	YGL111W
YDR496C	YHR088W
YDR496C	YKL009W
YDR496C	YKR081C
YDR496C	YLL008W
YDR496C	YLL045C
YDR496C	YLR002C
YDR496C	YLR029C
YDR496C	YLR175W
YDR496C	YLR276C
YDR496C	YLR449W
YDR496C	YML073C
YDR496C	YMR049C
YDR496C	YMR290C
YDR496C	YNL110C
YDR496C	YOR063W
YDR496C	YOR206W
YDR496C	YOR272W
YDR496C	YPL012W
YDR496C	YPL043W
YDR496C	YPL211W
YDR496C	YPL220W
YDR496C	YPR016C
YDR502C	YLR180W
YDR517W	YPR181C
YEL003W	YJL179W
YEL003W	YLR200W
YEL003W	YML094W
YEL003W	YNL153C
YEL018W	YGR002C
YEL018W	YJL081C
YEL018W	YNL136W
YEL022W	YJR077C
YEL022W	YMR012W
YEL036C	YJL183W
YEL036C	YJR075W
YEL036C	YLR342W
YEL054C	YML063W
YEL054C	YOR063W
YEL055C	YGR128C
YEL055C	YHR196W
YEL055C	YMR093W
YEL058W	YNL218W
YER006W	YER126C
YER006W	YGL111W
YER006W	YGR085C
YER006W	YHR088W
YER006W	YHR197W
YER006W	YKL009W
YER006W	YKL172W
YER006W	YKR081C
YER006W	YLL008W
YER006W	YLL045C
YER006W	YLR002C
YER006W	YLR106C
YER006W	YLR276C
YER006W	YLR325C
YER006W	YLR449W
YER006W	YMR049C
YER006W	YMR290C
YER006W	YNL110C
YER006W	YNL182C
YER006W	YNR053C
YER006W	YOR063W
YER006W	YOR206W
YER006W	YOR272W
YER006W	YPL043W
YER006W	YPL211W
YER006W	YPR016C
YER012W	YFR052W
YER012W	YGR135W
YER012W	YGR253C
YER012W	YOR362C
YER018C	YIL144W
YER025W	YKR026C
YER025W	YLR291C
YER025W	YMR146C
YER025W	YMR309C
YER025W	YPL237W
YER027C	YGL115W
YER043C	YFL028C
YER050C	YGL129C
YER050C	YOR158W
YER071C	YIR003W
YER071C	YKL007W
YER074W	YFR031C-A
YER074W	YFR032C-A
YER074W	YGL076C
YER074W	YGL103W
YER074W	YGL147C
YER074W	YGR085C
YER074W	YGR118W
YER074W	YHL001W
YER074W	YJL190C
YER074W	YJR123W
YER074W	YLL045C
YER074W	YLR029C
YER074W	YLR150W
YER074W	YLR287C-A
YER074W	YLR340W
YER074W	YLR441C
YER074W	YLR448W
YER074W	YML063W
YER074W	YML073C
YER074W	YMR142C
YER074W	YMR194W
YER074W	YNL069C
YER074W	YNL096C
YER074W	YNL178W
YER074W	YOL040C
YER074W	YOR063W
YER074W	YOR096W
YER074W	YOR234C
YER074W	YPL090C
YER081W	YIL074C
YER082C	YGR090W
YER082C	YGR128C
YER082C	YHR148W
YER082C	YHR196W
YER082C	YJL109C
YER082C	YJR002W
YER082C	YKR060W
YER082C	YLL011W
YER082C	YLR129W
YER082C	YLR409C
YER082C	YMR093W
YER082C	YMR128W
YER082C	YNL132W
YER082C	YOR096W
YER082C	YPL266W
YER082C	YPR137W
YER082C	YPR144C
YER086W	YGL245W
YER086W	YKL029C
YER086W	YLR259C
YER086W	YOR133W
YER092W	YGL150C
YER092W	YJL081C
YER092W	YPL235W
YER107C	YJL061W
YER112W	YER146W
YER112W	YGR091W
YER112W	YHR165C
YER112W	YJL124C
YER112W	YLR147C
YER112W	YLR438C-A
YER112W	YNL147W
YER112W	YPR082C
YER112W	YPR178W
YER126C	YHR197W
YER126C	YKL009W
YER126C	YKR081C
YER126C	YLR325C
YER126C	YMR049C
YER126C	YMR290C
YER126C	YNL110C
YER126C	YNR053C
YER126C	YOR063W
YER126C	YPR016C
YER146W	YHR165C
YER146W	YJL124C
YER146W	YNL147W
YER146W	YPR178W
YER148W	YGL112C
YER148W	YGR274C
YER151C	YNR051C
YER157W	YGL005C
YER157W	YGR120C
YER157W	YNL041C
YER165W	YGL120C
YER165W	YGR162W
YER165W	YHL034C
YER165W	YOL139C
YER171W	YIL128W
YFL049W	YNR023W
YFR002W	YJL041W
YFR009W	YGL195W
YFR009W	YKL029C
YFR009W	YLR180W
YFR013W	YGL133W
YFR024C-A	YNL243W
YFR031C	YLR272C
YFR031C-A	YGL076C
YFR031C-A	YGL103W
YFR031C-A	YGL147C
YFR031C-A	YGR085C
YFR031C-A	YHL001W
YFR031C-A	YJL190C
YFR031C-A	YJL191W
YFR031C-A	YJR123W
YFR031C-A	YLL045C
YFR031C-A	YLR029C
YFR031C-A	YLR150W
YFR031C-A	YLR287C-A
YFR031C-A	YLR340W
YFR031C-A	YLR344W
YFR031C-A	YLR367W
YFR031C-A	YLR441C
YFR031C-A	YLR448W
YFR031C-A	YML063W
YFR031C-A	YML073C
YFR031C-A	YMR142C
YFR031C-A	YMR194W
YFR031C-A	YNL069C
YFR031C-A	YNL096C
YFR031C-A	YNL178W
YFR031C-A	YNL302C
YFR031C-A	YOL040C
YFR031C-A	YOL120C
YFR031C-A	YOR063W
YFR031C-A	YOR096W
YFR031C-A	YOR204W
YFR031C-A	YPL090C
YFR031C-A	YPL220W
YFR032C-A	YGL103W
YFR032C-A	YGR085C
YFR032C-A	YGR118W
YFR032C-A	YLR029C
YFR032C-A	YLR287C-A
YFR032C-A	YLR448W
YFR032C-A	YMR194W
YFR032C-A	YNL096C
YFR032C-A	YOL040C
YFR037C	YGL133W
YFR037C	YGR056W
YFR037C	YKR001C
YFR037C	YKR008W
YFR037C	YLR033W
YFR037C	YLR321C
YFR037C	YLR357W
YFR037C	YMR091C
YFR052W	YHR200W
YFR052W	YKL145W
YFR052W	YOR259C
YGL005C	YGR120C
YGL005C	YNL041C
YGL019W	YGL207W
YGL019W	YGL244W
YGL019W	YGR090W
YGL019W	YLR418C
YGL019W	YML069W
YGL019W	YOL145C
YGL019W	YOR123C
YGL061C	YKR037C
YGL061C	YKR083C
YGL070C	YGR005C
YGL070C	YGR063C
YGL070C	YGR186W
YGL070C	YIL021W
YGL070C	YOL005C
YGL070C	YOR151C
YGL070C	YOR210W
YGL070C	YOR224C
YGL070C	YPR187W
YGL076C	YGL103W
YGL076C	YGL111W
YGL076C	YGL147C
YGL076C	YGR085C
YGL076C	YHL001W
YGL076C	YHR088W
YGL076C	YJL190C
YGL076C	YJR123W
YGL076C	YKR081C
YGL076C	YLL045C
YGL076C	YLR002C
YGL076C	YLR029C
YGL076C	YLR432W
YGL076C	YLR441C
YGL076C	YLR448W
YGL076C	YML063W
YGL076C	YML073C
YGL076C	YMR142C
YGL076C	YMR194W
YGL076C	YMR290C
YGL076C	YNL069C
YGL076C	YNL132W
YGL076C	YNL178W
YGL076C	YOL041C
YGL076C	YOL120C
YGL076C	YOR063W
YGL076C	YOR096W
YGL076C	YOR206W
YGL076C	YPL220W
YGL098W	YGL145W
YGL098W	YLR268W
YGL098W	YNL258C
YGL099W	YHR170W
YGL099W	YLL045C
YGL099W	YMR194W
YGL099W	YOR063W
YGL103W	YGL147C
YGL103W	YGR085C
YGL103W	YGR118W
YGL103W	YHL001W
YGL103W	YHL015W
YGL103W	YJL190C
YGL103W	YJR123W
YGL103W	YKL172W
YGL103W	YKR081C
YGL103W	YLL045C
YGL103W	YLR029C
YGL103W	YLR287C-A
YGL103W	YLR325C
YGL103W	YLR340W
YGL103W	YLR342W
YGL103W	YLR441C
YGL103W	YLR448W
YGL103W	YML063W
YGL103W	YML073C
YGL103W	YMR142C
YGL103W	YMR194W
YGL103W	YNL069C
YGL103W	YNL096C
YGL103W	YNL110C
YGL103W	YNL178W
YGL103W	YNL302C
YGL103W	YOL040C
YGL103W	YOR063W
YGL103W	YOR096W
YGL103W	YPL012W
YGL103W	YPL090C
YGL103W	YPL220W
YGL106W	YHR023W
YGL106W	YKL130C
YGL111W	YHR088W
YGL111W	YHR197W
YGL111W	YKL009W
YGL111W	YKL172W
YGL111W	YLL008W
YGL111W	YLR002C
YGL111W	YLR276C
YGL111W	YMR049C
YGL111W	YMR290C
YGL111W	YNL110C
YGL111W	YOR063W
YGL111W	YOR206W
YGL111W	YOR272W
YGL111W	YPL043W
YGL111W	YPL211W
YGL111W	YPR016C
YGL112C	YGR252W
YGL112C	YGR274C
YGL112C	YHR041C
YGL112C	YLR055C
YGL112C	YML015C
YGL112C	YMR236W
YGL112C	YPL254W
YGL115W	YGL208W
YGL120C	YGR159C
YGL120C	YHR165C
YGL120C	YJL190C
YGL120C	YLR424W
YGL120C	YMR128W
YGL120C	YNL132W
YGL120C	YNL224C
YGL120C	YOR063W
YGL120C	YOR096W
YGL120C	YOR310C
YGL120C	YPR101W
YGL129C	YGR084C
YGL129C	YGR165W
YGL129C	YGR215W
YGL129C	YHL004W
YGL129C	YKL003C
YGL129C	YNL137C
YGL129C	YNL306W
YGL129C	YOR158W
YGL129C	YOR204W
YGL133W	YKR001C
YGL145W	YLR268W
YGL145W	YNL258C
YGL147C	YGR085C
YGL147C	YHL001W
YGL147C	YHL015W
YGL147C	YJL190C
YGL147C	YJR123W
YGL147C	YKL009W
YGL147C	YLL045C
YGL147C	YLR029C
YGL147C	YLR340W
YGL147C	YLR448W
YGL147C	YML063W
YGL147C	YML073C
YGL147C	YMR194W
YGL147C	YMR290C
YGL147C	YNL069C
YGL147C	YNL096C
YGL147C	YNL178W
YGL147C	YOL040C
YGL147C	YOR063W
YGL147C	YOR096W
YGL147C	YPR016C
YGL150C	YJL081C
YGL150C	YPL235W
YGL195W	YIL094C
YGL195W	YKL029C
YGL195W	YLR180W
YGL207W	YGL244W
YGL207W	YLR418C
YGL207W	YML069W
YGL207W	YOL054W
YGL207W	YOL145C
YGL207W	YOR123C
YGL213C	YPR189W
YGL240W	YLR127C
YGL244W	YLR418C
YGL244W	YML069W
YGL244W	YOL145C
YGL244W	YOR123C
YGL245W	YGR264C
YGL245W	YPR010C
YGR002C	YJL081C
YGR002C	YLR385C
YGR002C	YNL136W
YGR002C	YPL235W
YGR005C	YGR063C
YGR005C	YGR186W
YGR005C	YIL021W
YGR005C	YOL005C
YGR005C	YOR151C
YGR005C	YOR210W
YGR005C	YOR224C
YGR005C	YPR187W
YGR020C	YOR332W
YGR027C	YJR123W
YGR027C	YLR287C-A
YGR054W	YMR290C
YGR054W	YOR063W
YGR056W	YKR008W
YGR056W	YLR033W
YGR056W	YLR321C
YGR056W	YLR357W
YGR056W	YMR091C
YGR063C	YGR186W
YGR063C	YIL021W
YGR063C	YOL005C
YGR063C	YOR151C
YGR063C	YPR187W
YGR074W	YGR091W
YGR074W	YHR086W
YGR074W	YHR165C
YGR074W	YLR147C
YGR074W	YOR159C
YGR074W	YPR057W
YGR074W	YPR082C
YGR074W	YPR178W
YGR075C	YGR091W
YGR075C	YHR165C
YGR075C	YPR178W
YGR081C	YPL012W
YGR084C	YGR165W
YGR084C	YGR215W
YGR084C	YHL004W
YGR084C	YKL003C
YGR084C	YNL137C
YGR084C	YNL306W
YGR084C	YOR158W
YGR085C	YHL001W
YGR085C	YHL015W
YGR085C	YJL190C
YGR085C	YJR123W
YGR085C	YKR081C
YGR085C	YLL045C
YGR085C	YLR029C
YGR085C	YLR150W
YGR085C	YLR340W
YGR085C	YLR367W
YGR085C	YLR432W
YGR085C	YLR441C
YGR085C	YLR448W
YGR085C	YML063W
YGR085C	YML073C
YGR085C	YMR142C
YGR085C	YMR194W
YGR085C	YMR290C
YGR085C	YNL069C
YGR085C	YNL096C
YGR085C	YNL112W
YGR085C	YNL132W
YGR085C	YNL178W
YGR085C	YOL040C
YGR085C	YOR063W
YGR085C	YOR096W
YGR085C	YOR204W
YGR085C	YOR234C
YGR085C	YPL090C
YGR085C	YPL220W
YGR090W	YGR128C
YGR090W	YHR148W
YGR090W	YJL109C
YGR090W	YJR002W
YGR090W	YLR129W
YGR090W	YLR223C
YGR090W	YLR409C
YGR090W	YMR093W
YGR090W	YMR128W
YGR090W	YMR290C
YGR090W	YNL132W
YGR090W	YOR063W
YGR090W	YOR096W
YGR090W	YPL012W
YGR090W	YPR144C
YGR091W	YHR165C
YGR091W	YJL124C
YGR091W	YLR147C
YGR091W	YLR424W
YGR091W	YNL147W
YGR091W	YPR082C
YGR091W	YPR178W
YGR095C	YGR158C
YGR095C	YGR195W
YGR095C	YNL189W
YGR095C	YOL021C
YGR095C	YOR001W
YGR116W	YPR133C
YGR118W	YLR287C-A
YGR118W	YLR441C
YGR118W	YML073C
YGR118W	YMR194W
YGR118W	YOL040C
YGR120C	YNL041C
YGR128C	YHR148W
YGR128C	YHR196W
YGR128C	YJL109C
YGR128C	YJR002W
YGR128C	YLL011W
YGR128C	YLR129W
YGR128C	YMR093W
YGR128C	YMR128W
YGR128C	YNL132W
YGR128C	YPL012W
YGR128C	YPR144C
YGR135W	YGR253C
YGR135W	YOR362C
YGR156W	YJR093C
YGR156W	YKL059C
YGR156W	YKR002W
YGR156W	YLR448W
YGR156W	YNL222W
YGR156W	YNL317W
YGR156W	YOR179C
YGR156W	YPR107C
YGR158C	YGR195W
YGR158C	YNL189W
YGR158C	YOL021C
YGR158C	YOR001W
YGR158C	YPR189W
YGR162W	YHL034C
YGR162W	YJL138C
YGR162W	YJL190C
YGR162W	YOL139C
YGR162W	YOR204W
YGR165W	YHL004W
YGR165W	YNL137C
YGR165W	YNL306W
YGR165W	YOR158W
YGR166W	YKR068C
YGR166W	YMR218C
YGR186W	YIL021W
YGR186W	YOL005C
YGR186W	YOR151C
YGR186W	YOR210W
YGR186W	YOR224C
YGR186W	YPR187W
YGR195W	YNL189W
YGR195W	YOL021C
YGR195W	YOR001W
YGR214W	YLR048W
YGR215W	YHL004W
YGR215W	YKL003C
YGR215W	YNL137C
YGR215W	YNL306W
YGR215W	YOR158W
YGR238C	YHR158C
YGR252W	YHR041C
YGR252W	YLR055C
YGR252W	YMR236W
YGR252W	YPL254W
YGR253C	YOR362C
YGR262C	YKR038C
YGR274C	YML015C
YGR274C	YMR236W
YGR283C	YMR310C
YHL001W	YJL190C
YHL001W	YJR123W
YHL001W	YLL045C
YHL001W	YLR287C-A
YHL001W	YLR340W
YHL001W	YLR441C
YHL001W	YLR448W
YHL001W	YML063W
YHL001W	YML073C
YHL001W	YMR142C
YHL001W	YMR194W
YHL001W	YNL069C
YHL001W	YNL178W
YHL001W	YOL040C
YHL001W	YOR063W
YHL001W	YOR096W
YHL001W	YPL090C
YHL001W	YPL220W
YHL004W	YNL137C
YHL004W	YNL306W
YHL004W	YOR158W
YHL004W	YOR204W
YHL015W	YJL190C
YHL015W	YJR123W
YHL015W	YLR340W
YHL015W	YML073C
YHL015W	YNL178W
YHL015W	YOL040C
YHL015W	YOR096W
YHL029C	YNL099C
YHL034C	YJL190C
YHL034C	YJR123W
YHL034C	YLL045C
YHL034C	YOL139C
YHL034C	YOR096W
YHR012W	YJL053W
YHR024C	YLR163C
YHR041C	YHR058C
YHR041C	YOL135C
YHR041C	YOR174W
YHR041C	YPL042C
YHR058C	YOL135C
YHR058C	YOR174W
YHR058C	YPL042C
YHR064C	YLR249W
YHR064C	YNL209W
YHR086W	YLR147C
YHR086W	YPL178W
YHR088W	YHR197W
YHR088W	YKL009W
YHR088W	YKL172W
YHR088W	YLL008W
YHR088W	YLL045C
YHR088W	YLR002C
YHR088W	YLR449W
YHR088W	YMR049C
YHR088W	YMR290C
YHR088W	YNL110C
YHR088W	YOR063W
YHR088W	YOR206W
YHR088W	YOR272W
YHR088W	YPL043W
YHR088W	YPL211W
YHR088W	YPR016C
YHR107C	YLR314C
YHR122W	YIL128W
YHR146W	YPL154C
YHR147C	YLR439W
YHR147C	YMR193W
YHR148W	YHR196W
YHR148W	YJL109C
YHR148W	YJR002W
YHR148W	YKR060W
YHR148W	YLL011W
YHR148W	YLR129W
YHR148W	YLR409C
YHR148W	YMR093W
YHR148W	YMR128W
YHR148W	YNL075W
YHR148W	YNL132W
YHR148W	YOR096W
YHR148W	YPR137W
YHR148W	YPR144C
YHR165C	YJL124C
YHR165C	YLR147C
YHR165C	YLR424W
YHR165C	YNL147W
YHR165C	YOR159C
YHR165C	YPR082C
YHR165C	YPR101W
YHR165C	YPR178W
YHR167W	YML062C
YHR172W	YNL126W
YHR193C	YNL112W
YHR196W	YJL109C
YHR196W	YJR002W
YHR196W	YLL011W
YHR196W	YLR129W
YHR196W	YMR093W
YHR196W	YPR137W
YHR196W	YPR144C
YHR197W	YKL009W
YHR197W	YKR081C
YHR197W	YLL008W
YHR197W	YLR002C
YHR197W	YLR106C
YHR197W	YMR049C
YHR197W	YMR290C
YHR197W	YNL110C
YHR197W	YNL182C
YHR197W	YNR053C
YHR197W	YOR063W
YHR197W	YOR206W
YHR197W	YOR272W
YHR197W	YPL211W
YHR197W	YPR016C
YHR200W	YKL145W
YHR200W	YOR259C
YHR216W	YLR432W
YHR216W	YMR142C
YIL021W	YOL005C
YIL021W	YOR151C
YIL021W	YOR210W
YIL021W	YOR224C
YIL021W	YPR187W
YIL103W	YKL191W
YIL103W	YOR133W
YIL142W	YOR281C
YIL161W	YNL023C
YIR003W	YKL007W
YIR010W	YPL233W
YJL024C	YPL195W
YJL033W	YMR290C
YJL034W	YMR214W
YJL041W	YJL061W
YJL063C	YKR085C
YJL063C	YLR439W
YJL063C	YML025C
YJL063C	YMR024W
YJL063C	YMR193W
YJL063C	YOR150W
YJL080C	YJR123W
YJL080C	YMR116C
YJL081C	YNL136W
YJL081C	YPL235W
YJL109C	YJR002W
YJL109C	YLL011W
YJL109C	YLR129W
YJL109C	YLR409C
YJL109C	YMR093W
YJL109C	YMR128W
YJL109C	YNL132W
YJL109C	YPL012W
YJL109C	YPR137W
YJL109C	YPR144C
YJL124C	YLR147C
YJL124C	YLR438C-A
YJL124C	YNL147W
YJL124C	YPR082C
YJL124C	YPR178W
YJL125C	YNL062C
YJL138C	YOL139C
YJL148W	YJR063W
YJL148W	YNL113W
YJL148W	YNL248C
YJL148W	YOR210W
YJL148W	YPR010C
YJL148W	YPR187W
YJL173C	YNL312W
YJL179W	YLR200W
YJL179W	YML094W
YJL179W	YNL153C
YJL183W	YJR075W
YJL184W	YKR038C
YJL190C	YJL191W
YJL190C	YJR002W
YJL190C	YJR123W
YJL190C	YLL045C
YJL190C	YLR029C
YJL190C	YLR150W
YJL190C	YLR175W
YJL190C	YLR340W
YJL190C	YLR441C
YJL190C	YLR448W
YJL190C	YML024W
YJL190C	YML063W
YJL190C	YML073C
YJL190C	YMR116C
YJL190C	YMR194W
YJL190C	YNL069C
YJL190C	YNL096C
YJL190C	YNL178W
YJL190C	YOL139C
YJL190C	YOR063W
YJL190C	YOR096W
YJL190C	YOR204W
YJL190C	YPL081W
YJL191W	YJR123W
YJL191W	YML063W
YJL191W	YMR142C
YJL191W	YNL178W
YJL191W	YOR063W
YJL191W	YOR096W
YJL208C	YKR079C
YJL208C	YMR099C
YJR002W	YJR123W
YJR002W	YKR060W
YJR002W	YLL011W
YJR002W	YLR129W
YJR002W	YLR409C
YJR002W	YMR093W
YJR002W	YMR128W
YJR002W	YNL075W
YJR002W	YNL132W
YJR002W	YOL010W
YJR002W	YOR078W
YJR002W	YOR096W
YJR002W	YOR310C
YJR002W	YPL012W
YJR002W	YPL266W
YJR002W	YPR137W
YJR002W	YPR144C
YJR006W	YJR043C
YJR041C	YOL144W
YJR063W	YNL113W
YJR063W	YNL248C
YJR063W	YOR210W
YJR063W	YOR224C
YJR063W	YPR010C
YJR063W	YPR187W
YJR077C	YLR342W
YJR093C	YKL059C
YJR093C	YKR002W
YJR093C	YNL222W
YJR093C	YNL317W
YJR093C	YPR107C
YJR123W	YLL045C
YJR123W	YLR029C
YJR123W	YLR287C-A
YJR123W	YLR340W
YJR123W	YLR441C
YJR123W	YLR448W
YJR123W	YML063W
YJR123W	YML073C
YJR123W	YMR093W
YJR123W	YMR116C
YJR123W	YMR142C
YJR123W	YMR194W
YJR123W	YNL069C
YJR123W	YNL096C
YJR123W	YNL132W
YJR123W	YNL178W
YJR123W	YNL302C
YJR123W	YOL040C
YJR123W	YOR063W
YJR123W	YOR096W
YJR123W	YOR204W
YJR123W	YPL090C
YJR123W	YPL220W
YJR123W	YPL266W
YJR123W	YPR189W
YJR140C	YOR038C
YKL009W	YKR081C
YKL009W	YLL008W
YKL009W	YLL045C
YKL009W	YLR002C
YKL009W	YMR049C
YKL009W	YMR290C
YKL009W	YNL110C
YKL009W	YNL182C
YKL009W	YNR053C
YKL009W	YOR063W
YKL009W	YOR206W
YKL009W	YOR272W
YKL009W	YPL211W
YKL009W	YPR016C
YKL029C	YLR106C
YKL029C	YMR012W
YKL045W	YNL102W
YKL058W	YOR194C
YKL059C	YKR002W
YKL059C	YNL222W
YKL059C	YNL317W
YKL059C	YPR107C
YKL060C	YOL086C
YKL060C	YOR133W
YKL078W	YNL186W
YKL080W	YOR332W
YKL081W	YLR249W
YKL143W	YNL178W
YKL143W	YPL266W
YKL145W	YOR259C
YKL172W	YKR081C
YKL172W	YLL008W
YKL172W	YLL045C
YKL172W	YLR002C
YKL172W	YLR029C
YKL172W	YLR276C
YKL172W	YMR049C
YKL172W	YMR290C
YKL172W	YOR063W
YKL172W	YOR206W
YKL172W	YOR272W
YKL172W	YPL211W
YKL191W	YOR133W
YKL214C	YPL178W
YKR001C	YLR033W
YKR001C	YLR357W
YKR001C	YMR091C
YKR002W	YNL222W
YKR002W	YNL317W
YKR002W	YPR107C
YKR008W	YLR033W
YKR008W	YLR321C
YKR008W	YLR357W
YKR008W	YMR091C
YKR025W	YNL113W
YKR025W	YNL151C
YKR025W	YOR116C
YKR025W	YOR207C
YKR025W	YOR210W
YKR025W	YOR224C
YKR025W	YPR187W
YKR025W	YPR190C
YKR026C	YLR291C
YKR026C	YPL237W
YKR027W	YLR330W
YKR027W	YMR237W
YKR060W	YLL011W
YKR060W	YLR129W
YKR060W	YLR409C
YKR060W	YMR093W
YKR060W	YMR128W
YKR060W	YNL132W
YKR060W	YOR096W
YKR060W	YPR144C
YKR068C	YMR218C
YKR079C	YMR099C
YKR081C	YLL008W
YKR081C	YLL045C
YKR081C	YLR002C
YKR081C	YLR029C
YKR081C	YLR276C
YKR081C	YMR290C
YKR081C	YNL110C
YKR081C	YNR053C
YKR081C	YOR063W
YKR081C	YOR096W
YKR081C	YOR206W
YKR081C	YOR294W
YKR081C	YPR016C
YKR085C	YLR439W
YKR085C	YML025C
YKR085C	YMR024W
YKR085C	YMR193W
YKR085C	YOR150W
YLL004W	YNL261W
YLL004W	YPR162C
YLL008W	YLL045C
YLL008W	YLR002C
YLL008W	YLR106C
YLL008W	YLR276C
YLL008W	YMR049C
YLL008W	YMR290C
YLL008W	YNL110C
YLL008W	YOR063W
YLL008W	YOR206W
YLL008W	YOR272W
YLL008W	YPL043W
YLL008W	YPL211W
YLL008W	YPR016C
YLL011W	YLR129W
YLL011W	YLR409C
YLL011W	YMR093W
YLL011W	YNL132W
YLL011W	YPR137W
YLL011W	YPR144C
YLL045C	YLR002C
YLL045C	YLR029C
YLL045C	YLR432W
YLL045C	YLR441C
YLL045C	YLR448W
YLL045C	YML063W
YLL045C	YML073C
YLL045C	YMR142C
YLL045C	YMR194W
YLL045C	YMR290C
YLL045C	YNL069C
YLL045C	YNL112W
YLL045C	YNL132W
YLL045C	YNL178W
YLL045C	YOL041C
YLL045C	YOL120C
YLL045C	YOR063W
YLL045C	YOR096W
YLL045C	YOR206W
YLL045C	YOR272W
YLL045C	YPL012W
YLL045C	YPL043W
YLL045C	YPL090C
YLL045C	YPL211W
YLL045C	YPL220W
YLL045C	YPR016C
YLR002C	YLR029C
YLR002C	YLR449W
YLR002C	YMR049C
YLR002C	YMR290C
YLR002C	YNL110C
YLR002C	YOL041C
YLR002C	YOR063W
YLR002C	YOR206W
YLR002C	YOR272W
YLR002C	YOR294W
YLR002C	YPL211W
YLR002C	YPR016C
YLR029C	YLR287C-A
YLR029C	YLR340W
YLR029C	YLR432W
YLR029C	YLR448W
YLR029C	YML063W
YLR029C	YML073C
YLR029C	YMR194W
YLR029C	YMR290C
YLR029C	YNL069C
YLR029C	YNL096C
YLR029C	YNL132W
YLR029C	YNL178W
YLR029C	YOL040C
YLR029C	YOL041C
YLR029C	YOL120C
YLR029C	YOR063W
YLR029C	YOR096W
YLR029C	YOR204W
YLR029C	YOR206W
YLR029C	YOR294W
YLR029C	YPL090C
YLR029C	YPL220W
YLR033W	YLR321C
YLR033W	YLR357W
YLR033W	YMR091C
YLR055C	YMR236W
YLR055C	YPL254W
YLR106C	YLR180W
YLR106C	YMR012W
YLR106C	YNL182C
YLR106C	YNR053C
YLR106C	YOR151C
YLR127C	YOR249C
YLR129W	YLR409C
YLR129W	YMR093W
YLR129W	YMR128W
YLR129W	YNL132W
YLR129W	YPL012W
YLR129W	YPL266W
YLR129W	YPR137W
YLR129W	YPR144C
YLR132C	YPR191W
YLR146C	YPR069C
YLR147C	YNL147W
YLR147C	YOR159C
YLR147C	YPR082C
YLR147C	YPR178W
YLR150W	YLR448W
YLR150W	YML063W
YLR150W	YML073C
YLR150W	YNL069C
YLR150W	YNL112W
YLR150W	YOR063W
YLR150W	YOR096W
YLR175W	YMR290C
YLR175W	YMR310C
YLR175W	YNL308C
YLR175W	YOR063W
YLR175W	YPL012W
YLR180W	YMR012W
YLR180W	YOR151C
YLR200W	YML094W
YLR200W	YNL153C
YLR249W	YOL086C
YLR249W	YOR133W
YLR259C	YNL085W
YLR264W	YNL096C
YLR268W	YNL258C
YLR276C	YMR049C
YLR276C	YMR290C
YLR276C	YOR063W
YLR276C	YOR206W
YLR276C	YPL012W
YLR276C	YPL043W
YLR276C	YPL211W
YLR287C	YLR340W
YLR287C-A	YLR441C
YLR287C-A	YLR448W
YLR287C-A	YML063W
YLR287C-A	YML073C
YLR287C-A	YMR194W
YLR287C-A	YNL069C
YLR287C-A	YNL096C
YLR287C-A	YNL178W
YLR287C-A	YNL302C
YLR287C-A	YOL039W
YLR287C-A	YOL040C
YLR287C-A	YOR063W
YLR291C	YPL237W
YLR292C	YOR254C
YLR292C	YPL094C
YLR321C	YLR357W
YLR321C	YMR091C
YLR325C	YNR053C
YLR325C	YOR063W
YLR330W	YMR237W
YLR337C	YOR181W
YLR340W	YLR441C
YLR340W	YLR448W
YLR340W	YML063W
YLR340W	YML073C
YLR340W	YMR194W
YLR340W	YNL069C
YLR340W	YNL132W
YLR340W	YNL178W
YLR340W	YOL039W
YLR340W	YPL090C
YLR340W	YPL220W
YLR344W	YMR194W
YLR357W	YMR091C
YLR367W	YMR116C
YLR367W	YMR194W
YLR367W	YOL139C
YLR367W	YOR096W
YLR409C	YMR093W
YLR409C	YNL132W
YLR409C	YPR137W
YLR409C	YPR144C
YLR418C	YOL145C
YLR418C	YOR123C
YLR424W	YPR082C
YLR424W	YPR101W
YLR432W	YML073C
YLR432W	YMR290C
YLR432W	YNL178W
YLR439W	YML025C
YLR439W	YMR024W
YLR439W	YMR193W
YLR439W	YOR150W
YLR441C	YLR448W
YLR441C	YML063W
YLR441C	YML073C
YLR441C	YMR194W
YLR441C	YNL069C
YLR441C	YNL096C
YLR441C	YNL178W
YLR441C	YOL040C
YLR441C	YOR063W
YLR441C	YOR096W
YLR441C	YPL090C
YLR441C	YPL220W
YLR448W	YML063W
YLR448W	YML073C
YLR448W	YMR142C
YLR448W	YMR194W
YLR448W	YMR290C
YLR448W	YNL069C
YLR448W	YNL096C
YLR448W	YNL132W
YLR448W	YNL178W
YLR448W	YOL040C
YLR448W	YOL041C
YLR448W	YOR063W
YLR448W	YOR096W
YLR448W	YPL090C
YLR448W	YPL220W
YLR449W	YMR049C
YLR449W	YMR290C
YLR449W	YOR063W
YLR449W	YOR206W
YLR449W	YPL211W
YML009C	YMR193W
YML015C	YMR236W
YML024W	YML063W
YML024W	YOR096W
YML024W	YOR204W
YML025C	YMR024W
YML025C	YMR193W
YML025C	YNL177C
YML063W	YML073C
YML063W	YMR142C
YML063W	YMR194W
YML063W	YMR290C
YML063W	YNL069C
YML063W	YNL096C
YML063W	YNL132W
YML063W	YNL178W
YML063W	YOL040C
YML063W	YOL120C
YML063W	YOR063W
YML063W	YOR096W
YML063W	YOR204W
YML063W	YPL012W
YML063W	YPL090C
YML063W	YPL220W
YML069W	YOL054W
YML069W	YOL145C
YML069W	YOR123C
YML073C	YMR142C
YML073C	YMR194W
YML073C	YMR290C
YML073C	YNL069C
YML073C	YNL096C
YML073C	YNL112W
YML073C	YNL178W
YML073C	YOL040C
YML073C	YOL041C
YML073C	YOL120C
YML073C	YOR063W
YML073C	YOR096W
YML073C	YOR204W
YML073C	YOR234C
YML073C	YPL090C
YML073C	YPL220W
YML094W	YNL153C
YML109W	YMR273C
YMR012W	YOR151C
YMR024W	YMR193W
YMR024W	YOR150W
YMR049C	YMR290C
YMR049C	YNL110C
YMR049C	YOR063W
YMR049C	YOR206W
YMR049C	YOR272W
YMR049C	YPL043W
YMR049C	YPL211W
YMR049C	YPR016C
YMR083W	YOL086C
YMR093W	YMR128W
YMR093W	YNL075W
YMR093W	YNL132W
YMR093W	YOR096W
YMR093W	YPL012W
YMR093W	YPL266W
YMR093W	YPR137W
YMR093W	YPR144C
YMR116C	YOR096W
YMR116C	YPR189W
YMR128W	YNL075W
YMR128W	YNL132W
YMR128W	YOL010W
YMR128W	YOR096W
YMR128W	YPL012W
YMR128W	YPR137W
YMR128W	YPR144C
YMR142C	YMR194W
YMR142C	YNL069C
YMR142C	YNL178W
YMR142C	YOR063W
YMR142C	YOR096W
YMR142C	YOR204W
YMR142C	YPL090C
YMR143W	YMR194W
YMR146C	YMR309C
YMR146C	YNL244C
YMR146C	YOR204W
YMR146C	YOR361C
YMR146C	YPL081W
YMR192W	YPL249C
YMR194W	YNL069C
YMR194W	YNL096C
YMR194W	YNL132W
YMR194W	YNL178W
YMR194W	YNL302C
YMR194W	YOL040C
YMR194W	YOR063W
YMR194W	YOR096W
YMR194W	YPL220W
YMR236W	YPL254W
YMR290C	YNL069C
YMR290C	YNL110C
YMR290C	YNL132W
YMR290C	YNL308C
YMR290C	YOL041C
YMR290C	YOL120C
YMR290C	YOR063W
YMR290C	YOR096W
YMR290C	YOR206W
YMR290C	YOR272W
YMR290C	YOR294W
YMR290C	YPL012W
YMR290C	YPL043W
YMR290C	YPL211W
YMR290C	YPL220W
YMR290C	YPR016C
YMR309C	YNL244C
YMR309C	YOR204W
YMR309C	YOR361C
YMR312W	YPL086C
YNL021W	YPR179C
YNL023C	YNL135C
YNL049C	YPR181C
YNL069C	YNL096C
YNL069C	YNL178W
YNL069C	YOL039W
YNL069C	YOL040C
YNL069C	YOL120C
YNL069C	YOR063W
YNL069C	YOR096W
YNL069C	YOR204W
YNL069C	YPL090C
YNL069C	YPL220W
YNL075W	YPR137W
YNL075W	YPR144C
YNL096C	YNL178W
YNL096C	YOL040C
YNL096C	YOR063W
YNL096C	YOR096W
YNL096C	YPL090C
YNL096C	YPR067W
YNL097C	YNL330C
YNL097C	YOL004W
YNL110C	YNL182C
YNL110C	YOR063W
YNL110C	YOR206W
YNL110C	YOR272W
YNL110C	YPL211W
YNL110C	YPR016C
YNL112W	YOR063W
YNL113W	YNL151C
YNL113W	YNL248C
YNL113W	YOR116C
YNL113W	YOR207C
YNL113W	YOR210W
YNL113W	YOR224C
YNL113W	YPR010C
YNL113W	YPR187W
YNL113W	YPR190C
YNL132W	YNL178W
YNL132W	YOR063W
YNL132W	YOR096W
YNL132W	YOR310C
YNL132W	YPL012W
YNL132W	YPL081W
YNL132W	YPL090C
YNL132W	YPR137W
YNL132W	YPR144C
YNL137C	YNL306W
YNL137C	YOR158W
YNL147W	YPR082C
YNL147W	YPR178W
YNL151C	YOR116C
YNL151C	YOR207C
YNL151C	YOR210W
YNL151C	YOR224C
YNL151C	YPR187W
YNL151C	YPR190C
YNL178W	YOL040C
YNL178W	YOR063W
YNL178W	YOR096W
YNL178W	YPL090C
YNL182C	YNR053C
YNL182C	YOR063W
YNL182C	YPR016C
YNL189W	YOL021C
YNL189W	YOR001W
YNL189W	YPL020C
YNL189W	YPL178W
YNL222W	YNL317W
YNL222W	YOR179C
YNL222W	YPR107C
YNL244C	YOR361C
YNL248C	YOR210W
YNL248C	YOR224C
YNL248C	YPR010C
YNL248C	YPR187W
YNL261W	YPR162C
YNL262W	YPR175W
YNL306W	YOR158W
YNL306W	YOR204W
YNL308C	YPL012W
YNL317W	YPR107C
YNL330C	YOL004W
YNR053C	YOR063W
YNR053C	YPR016C
YOL005C	YOR151C
YOL005C	YOR210W
YOL005C	YOR224C
YOL005C	YPR187W
YOL021C	YOR001W
YOL040C	YOR063W
YOL040C	YOR096W
YOL040C	YPL090C
YOL041C	YOR063W
YOL041C	YOR206W
YOL041C	YOR272W
YOL041C	YPL012W
YOL041C	YPL043W
YOL086C	YOR133W
YOL120C	YOR063W
YOL120C	YOR206W
YOL135C	YOR174W
YOL135C	YPL042C
YOL139C	YOR276W
YOL145C	YOR123C
YOR063W	YOR096W
YOR063W	YOR206W
YOR063W	YOR272W
YOR063W	YPL012W
YOR063W	YPL043W
YOR063W	YPL090C
YOR063W	YPL211W
YOR063W	YPL220W
YOR063W	YPR016C
YOR063W	YPR189W
YOR078W	YPR137W
YOR096W	YOR310C
YOR096W	YPL012W
YOR096W	YPL081W
YOR096W	YPL090C
YOR096W	YPL220W
YOR096W	YPR144C
YOR116C	YOR207C
YOR116C	YOR210W
YOR116C	YOR224C
YOR116C	YPR187W
YOR116C	YPR190C
YOR133W	YOR151C
YOR151C	YOR210W
YOR151C	YOR224C
YOR151C	YPR010C
YOR151C	YPR093C
YOR151C	YPR187W
YOR159C	YPR178W
YOR174W	YPL042C
YOR204W	YOR361C
YOR204W	YPL081W
YOR204W	YPL090C
YOR206W	YOR272W
YOR206W	YPL043W
YOR206W	YPL211W
YOR206W	YPR016C
YOR207C	YOR210W
YOR207C	YOR224C
YOR207C	YPR187W
YOR207C	YPR190C
YOR210W	YOR224C
YOR210W	YPR010C
YOR210W	YPR187W
YOR210W	YPR190C
YOR224C	YPR010C
YOR224C	YPR187W
YOR224C	YPR190C
YOR254C	YPL094C
YOR272W	YPL043W
YOR272W	YPL211W
YOR310C	YPR137W
YPL012W	YPL043W
YPL012W	YPL266W
YPL012W	YPR144C
YPL043W	YPL211W
YPL211W	YPR016C
YPL266W	YPR144C
YPR010C	YPR187W
YPR082C	YPR101W
YPR082C	YPR178W
YPR137W	YPR144C
YPR187W	YPR190C
