Q0085	YPR103W
YAL007C	YBL003C
YAL007C	YGL008C
YAL007C	YGL055W
YAL007C	YKR072C
YAL007C	YLR075W
YAL007C	YLR150W
YAL007C	YLR342W
YAL007C	YML012W
YAL007C	YMR072W
YAL007C	YNL055C
YAL007C	YNL121C
YAL007C	YOR058C
YAL007C	YPL146C
YAL012W	YGR010W
YAL012W	YKL210W
YAL012W	YOL013C
YAL013W	YPL139C
YAL013W	YPL181W
YAL015C	YLR418C
YAL017W	YBL003C
YAL017W	YBR079C
YAL017W	YCR020W-B
YAL017W	YDL100C
YAL017W	YIL071C
YAL017W	YLR150W
YAL019W	YAL026C
YAL019W	YBR079C
YAL019W	YDL036C
YAL019W	YDL147W
YAL019W	YDR363W-A
YAL019W	YDR365C
YAL019W	YDR448W
YAL019W	YGR078C
YAL019W	YJR119C
YAL019W	YLR027C
YAL019W	YLR418C
YAL019W	YLR429W
YAL019W	YLR435W
YAL019W	YML104C
YAL019W	YOR061W
YAL021C	YBL003C
YAL021C	YBR299W
YAL021C	YCR093W
YAL021C	YDR087C
YAL021C	YHR193C
YAL021C	YIL148W
YAL021C	YLR177W
YAL021C	YNL288W
YAL021C	YOR157C
YAL026C	YDL019C
YAL026C	YKR084C
YAL028W	YMR186W
YAL029C	YDL134C
YAL029C	YDL195W
YAL029C	YDR457W
YAL029C	YFR044C
YAL029C	YGL106W
YAL029C	YGL213C
YAL029C	YIL031W
YAL029C	YJR104C
YAL029C	YKL124W
YAL029C	YML041C
YAL029C	YMR109W
YAL029C	YOR057W
YAL033W	YBR167C
YAL033W	YHR062C
YAL033W	YNL221C
YAL034C	YER110C
YAL034C	YFR004W
YAL034W-A	YFR044C
YAL034W-A	YGR032W
YAL034W-A	YIR010W
YAL034W-A	YMR117C
YAL036C	YHL034C
YAL036C	YOR091W
YAL042W	YDL147W
YAL043C	YBL076C
YAL043C	YDL147W
YAL043C	YDR046C
YAL043C	YDR301W
YAL043C	YER133W
YAL043C	YLR303W
YAL043C	YLR442C
YAL043C	YNL317W
YAL043C	YPR107C
YAL051W	YDL019C
YAL051W	YDR060W
YAL051W	YKL157W
YAL051W	YLR197W
YAL051W	YOR310C
YAL051W	YPL146C
YAL053W	YFR004W
YAL053W	YPR103W
YAL059W	YNR053C
YAL060W	YAL061W
YAL060W	YGL167C
YAL060W	YNL327W
YAL061W	YPL022W
YAL061W	YPR110C
YAR002W	YER110C
YAR002W	YGR067C
YAR002W	YLR335W
YAR003W	YDR172W
YAR003W	YER062C
YAR003W	YJR070C
YAR019C	YDL220C
YAR035W	YFR015C
YAR042W	YBR079C
YAR042W	YCR008W
YAR042W	YDL019C
YAR042W	YDR099W
YAR042W	YDR148C
YAR042W	YFR024C-A
YAR042W	YOL122C
YAR042W	YOR310C
YAR042W	YPR080W
YAR062W	YMR108W
YAR070C	YBR061C
YAR071W	YBR079C
YAR071W	YBR093C
YAR071W	YFR055W
YBL003C	YBL046W
YBL003C	YBL052C
YBL003C	YBR060C
YBL003C	YBR247C
YBL003C	YCR079W
YBL003C	YCR084C
YBL003C	YDL014W
YBL003C	YDL019C
YBL003C	YDL060W
YBL003C	YDL105W
YBL003C	YDL208W
YBL003C	YDR052C
YBL003C	YDR075W
YBL003C	YDR145W
YBL003C	YDR207C
YBL003C	YDR225W
YBL003C	YDR299W
YBL003C	YDR310C
YBL003C	YDR362C
YBL003C	YDR463W
YBL003C	YEL023C
YBL003C	YEL055C
YBL003C	YER116C
YBL003C	YFL024C
YBL003C	YGL035C
YBL003C	YGL112C
YBL003C	YGR250C
YBL003C	YGR275W
YBL003C	YHL024W
YBL003C	YHL027W
YBL003C	YHL034C
YBL003C	YHR052W
YBL003C	YHR118C
YBL003C	YHR193C
YBL003C	YIL026C
YBL003C	YIL148W
YBL003C	YJL033W
YBL003C	YJL081C
YBL003C	YJL087C
YBL003C	YJL115W
YBL003C	YJL138C
YBL003C	YJR010C-A
YBL003C	YJR082C
YBL003C	YKL023W
YBL003C	YKR024C
YBL003C	YLR022C
YBL003C	YLR033W
YBL003C	YLR052W
YBL003C	YLR150W
YBL003C	YLR153C
YBL003C	YLR362W
YBL003C	YLR399C
YBL003C	YLR429W
YBL003C	YLR442C
YBL003C	YML012W
YBL003C	YML017W
YBL003C	YML109W
YBL003C	YMR044W
YBL003C	YMR072W
YBL003C	YMR284W
YBL003C	YNL030W
YBL003C	YNL031C
YBL003C	YNL088W
YBL003C	YNL201C
YBL003C	YOR058C
YBL003C	YOR061W
YBL003C	YOR159C
YBL003C	YPL032C
YBL003C	YPL047W
YBL003C	YPL090C
YBL003C	YPR008W
YBL003C	YPR052C
YBL004W	YMR186W
YBL004W	YOL005C
YBL010C	YNL317W
YBL013W	YMR109W
YBL016W	YDR171W
YBL016W	YLR259C
YBL016W	YNL246W
YBL017C	YBR079C
YBL017C	YGL048C
YBL017C	YLR435W
YBL017C	YMR229C
YBL020W	YGL011C
YBL023C	YBL024W
YBL023C	YDR022C
YBL023C	YEL037C
YBL023C	YER062C
YBL023C	YJL163C
YBL023C	YNL262W
YBL023C	YPR046W
YBL024W	YDL014W
YBL024W	YDR283C
YBL024W	YIL070C
YBL024W	YLR150W
YBL024W	YLR175W
YBL024W	YPR103W
YBL030C	YGL167C
YBL030C	YNL250W
YBL034C	YBR058C
YBL044W	YMR224C
YBL046W	YDR075W
YBL046W	YDR225W
YBL046W	YDR293C
YBL046W	YDR533C
YBL046W	YGR063C
YBL046W	YNL201C
YBL048W	YMR304W
YBL052C	YGL061C
YBL052C	YJR082C
YBL052C	YLR455W
YBL052C	YNL088W
YBL055C	YOR052C
YBL056W	YDR071C
YBL056W	YDR289C
YBL056W	YPL061W
YBL058W	YBR155W
YBL058W	YDL060W
YBL058W	YDR283C
YBL058W	YDR295C
YBL058W	YFL044C
YBL058W	YJL138C
YBL058W	YJR098C
YBL058W	YLR381W
YBL058W	YNL155W
YBL058W	YOR342C
YBL060W	YER144C
YBL060W	YLR335W
YBL062W	YLR435W
YBL063W	YMR016C
YBL063W	YPL190C
YBL067C	YER030W
YBL067C	YOL087C
YBL067C	YPL090C
YBL076C	YDL147W
YBL076C	YER086W
YBL076C	YKL210W
YBL076C	YMR207C
YBL082C	YBR193C
YBL082C	YLR203C
YBL084C	YKL022C
YBL084C	YNL172W
YBL084C	YOR242C
YBL084C	YOR249C
YBL089W	YBR267W
YBL093C	YBR193C
YBL093C	YDL005C
YBL093C	YER022W
YBL093C	YGL025C
YBL093C	YGL151W
YBL093C	YGR104C
YBL093C	YGR198W
YBL093C	YHR041C
YBL093C	YLR071C
YBL093C	YLR150W
YBL093C	YNL236W
YBL093C	YNR010W
YBL093C	YOL135C
YBL093C	YOR174W
YBL093C	YPR070W
YBL106C	YGR274C
YBL106C	YKL117W
YBR020W	YDR179C
YBR020W	YDR533C
YBR023C	YDR129C
YBR023C	YHR077C
YBR026C	YIL148W
YBR027C	YER070W
YBR041W	YFR015C
YBR045C	YOR124C
YBR050C	YDR075W
YBR057C	YLL040C
YBR058C	YBR112C
YBR058C	YBR234C
YBR058C	YCR073W-A
YBR058C	YDL215C
YBR058C	YDR129C
YBR058C	YDR177W
YBR058C	YDR363W-A
YBR058C	YER012W
YBR058C	YER098W
YBR058C	YFR034C
YBR058C	YGL105W
YBR058C	YGL106W
YBR058C	YIL094C
YBR058C	YIL126W
YBR058C	YIL148W
YBR058C	YKR049C
YBR058C	YLL029W
YBR058C	YLR177W
YBR058C	YLR384C
YBR058C	YML017W
YBR058C	YML072C
YBR058C	YMR028W
YBR058C	YMR108W
YBR058C	YMR304W
YBR058C	YNL273W
YBR058C	YNL317W
YBR058C	YOL006C
YBR058C	YOR046C
YBR058C	YOR261C
YBR058C	YPL084W
YBR058C	YPL085W
YBR058C	YPL183C
YBR058C	YPR042C
YBR060C	YDR310C
YBR060C	YDR341C
YBR060C	YGR167W
YBR060C	YHR118C
YBR060C	YJL087C
YBR060C	YLR150W
YBR060C	YML065W
YBR060C	YMR025W
YBR060C	YMR072W
YBR060C	YPR052C
YBR061C	YIR026C
YBR061C	YKL210W
YBR061C	YPL183C
YBR065C	YMR146C
YBR065C	YMR186W
YBR065C	YNL250W
YBR065C	YPL240C
YBR065C	YPR080W
YBR066C	YCR082W
YBR073W	YGR126W
YBR073W	YKR072C
YBR079C	YBR247C
YBR079C	YDL014W
YBR079C	YDL019C
YBR079C	YDR055W
YBR079C	YDR104C
YBR079C	YDR198C
YBR079C	YDR457W
YBR079C	YER070W
YBR079C	YGL106W
YBR079C	YGR258C
YBR079C	YJL187C
YBR079C	YKL124W
YBR079C	YLL057C
YBR079C	YLR192C
YBR079C	YLR259C
YBR079C	YMR146C
YBR079C	YMR186W
YBR079C	YNL049C
YBR079C	YNL250W
YBR079C	YOR052C
YBR079C	YOR061W
YBR079C	YOR093C
YBR079C	YPL028W
YBR079C	YPL066W
YBR079C	YPL178W
YBR082C	YDR341C
YBR082C	YOR257W
YBR084W	YIL152W
YBR084W	YLR033W
YBR084W	YOL138C
YBR085W	YGL167C
YBR088C	YDR097C
YBR088C	YIL002C
YBR088C	YJL204C
YBR088C	YMR232W
YBR088C	YNL088W
YBR088C	YOR174W
YBR094W	YEL015W
YBR094W	YKR009C
YBR094W	YLL034C
YBR094W	YNL050C
YBR094W	YOL149W
YBR101C	YDL215C
YBR101C	YER129W
YBR108W	YCR009C
YBR108W	YGR086C
YBR112C	YDR172W
YBR112C	YFR010W
YBR112C	YHR019C
YBR112C	YLR435W
YBR112C	YNL311C
YBR112C	YOL149W
YBR123C	YDR362C
YBR123C	YMR109W
YBR123C	YOR110W
YBR123C	YPL007C
YBR127C	YDL185W
YBR127C	YDR202C
YBR127C	YDR289C
YBR127C	YDR328C
YBR127C	YER070W
YBR127C	YGR155W
YBR127C	YLR153C
YBR127C	YMR229C
YBR127C	YOR189W
YBR127C	YPL151C
YBR135W	YDR099W
YBR135W	YJL138C
YBR135W	YLL050C
YBR135W	YLR079W
YBR136W	YHR114W
YBR136W	YML062C
YBR137W	YOL111C
YBR137W	YOR007C
YBR139W	YCR079W
YBR139W	YDR087C
YBR139W	YDR416W
YBR139W	YER062C
YBR139W	YFR031C
YBR139W	YOR267C
YBR139W	YPL091W
YBR140C	YHR001W
YBR140C	YLR435W
YBR143C	YDR172W
YBR143C	YOR188W
YBR152W	YDL098C
YBR152W	YER029C
YBR154C	YDL150W
YBR154C	YDR156W
YBR154C	YGL043W
YBR154C	YGR063C
YBR154C	YGR186W
YBR154C	YJL140W
YBR154C	YJR063W
YBR154C	YKR025W
YBR154C	YNL113W
YBR154C	YNL248C
YBR154C	YNR003C
YBR154C	YOL005C
YBR154C	YOR151C
YBR154C	YOR224C
YBR154C	YOR341W
YBR154C	YPR010C
YBR154C	YPR110C
YBR154C	YPR187W
YBR155W	YCL014W
YBR155W	YJR031C
YBR155W	YMR186W
YBR155W	YMR258C
YBR155W	YNL288W
YBR156C	YJR089W
YBR156C	YNL162W
YBR167C	YHR062C
YBR167C	YNL221C
YBR167C	YNL246W
YBR171W	YOR254C
YBR173C	YER012W
YBR173C	YER094C
YBR173C	YER110C
YBR173C	YFL007W
YBR173C	YGL011C
YBR173C	YGR167W
YBR173C	YGR253C
YBR173C	YKR054C
YBR173C	YML092C
YBR173C	YML119W
YBR173C	YMR314W
YBR173C	YOR157C
YBR173C	YOR362C
YBR176W	YPR080W
YBR188C	YDL043C
YBR188C	YDR416W
YBR188C	YJR050W
YBR188C	YKL104C
YBR188C	YLL036C
YBR188C	YLR117C
YBR189W	YCL031C
YBR189W	YCR077C
YBR189W	YDL060W
YBR189W	YDL134C
YBR189W	YFR024C-A
YBR189W	YGL167C
YBR189W	YJR010C-A
YBR189W	YOR310C
YBR189W	YPL037C
YBR193C	YER022W
YBR193C	YGL025C
YBR193C	YGL151W
YBR193C	YGR104C
YBR193C	YGR167W
YBR193C	YHR041C
YBR193C	YLR071C
YBR193C	YLR150W
YBR193C	YNL236W
YBR193C	YNR010W
YBR193C	YOR174W
YBR193C	YOR192C
YBR193C	YPR070W
YBR194W	YLL036C
YBR198C	YDR145W
YBR198C	YDR167W
YBR198C	YDR176W
YBR198C	YDR392W
YBR198C	YDR448W
YBR198C	YGL112C
YBR198C	YGR274C
YBR198C	YJR090C
YBR198C	YLR055C
YBR198C	YML098W
YBR198C	YMR005W
YBR198C	YMR236W
YBR198C	YPL011C
YBR198C	YPL047W
YBR198C	YPL137C
YBR198C	YPL254W
YBR203W	YEL037C
YBR208C	YJL115W
YBR211C	YDR254W
YBR211C	YDR318W
YBR211C	YDR383C
YBR211C	YLR315W
YBR211C	YLR381W
YBR211C	YNL088W
YBR211C	YPR046W
YBR212W	YDR099W
YBR212W	YIR037W
YBR212W	YPL037C
YBR218C	YDR171W
YBR218C	YGL106W
YBR218C	YJL092W
YBR218C	YLR429W
YBR218C	YNL079C
YBR221C	YDL239C
YBR221C	YLR418C
YBR221C	YNL071W
YBR221C	YPR103W
YBR223C	YGL082W
YBR223C	YLR429W
YBR223C	YPL181W
YBR229C	YDR221W
YBR229C	YLR150W
YBR229C	YML056C
YBR231C	YDR190C
YBR231C	YGR002C
YBR231C	YJL081C
YBR231C	YLL007C
YBR231C	YLR399C
YBR231C	YML041C
YBR234C	YDL029W
YBR234C	YDR127W
YBR234C	YEL037C
YBR234C	YGR149W
YBR234C	YHR034C
YBR234C	YJR065C
YBR234C	YLR370C
YBR234C	YLR429W
YBR234C	YMR276W
YBR234C	YNL153C
YBR234C	YNR035C
YBR234C	YOR141C
YBR239C	YGR104C
YBR239C	YJR082C
YBR245C	YDL147W
YBR245C	YFR004W
YBR245C	YGL048C
YBR245C	YHR084W
YBR245C	YIR008C
YBR245C	YLL021W
YBR245C	YLR095C
YBR245C	YLR336C
YBR245C	YLR424W
YBR245C	YMR044W
YBR245C	YOL006C
YBR245C	YPR052C
YBR247C	YIL150C
YBR247C	YKL109W
YBR247C	YKL143W
YBR247C	YLR405W
YBR247C	YMR210W
YBR247C	YNL055C
YBR247C	YNR050C
YBR251W	YDL029W
YBR251W	YDR175C
YBR251W	YGR165W
YBR251W	YIL070C
YBR251W	YIL093C
YBR251W	YJR065C
YBR251W	YJR113C
YBR251W	YMR186W
YBR251W	YMR224C
YBR251W	YNL022C
YBR251W	YNL306W
YBR251W	YOR158W
YBR251W	YPL240C
YBR260C	YLL005C
YBR260C	YLL021W
YBR264C	YOR261C
YBR267W	YER006W
YBR267W	YER075C
YBR267W	YIR039C
YBR276C	YML062C
YBR283C	YJL138C
YBR291C	YJR010C-A
YBR291C	YLR435W
YCL008C	YGR206W
YCL008C	YOR253W
YCL014W	YDL105W
YCL014W	YDL225W
YCL014W	YDR087C
YCL014W	YDR099W
YCL014W	YDR243C
YCL014W	YEL023C
YCL014W	YFR053C
YCL014W	YMR186W
YCL016C	YPL023C
YCL031C	YDR341C
YCL031C	YGR103W
YCL031C	YLR150W
YCL031C	YLR418C
YCL031C	YMR229C
YCL050C	YPL022W
YCL054W	YDL105W
YCL059C	YDL060W
YCL059C	YDL112W
YCL059C	YDL208W
YCL059C	YKL035W
YCL059C	YLR175W
YCL059C	YNR054C
YCL063W	YDR499W
YCL064C	YGR198W
YCL064C	YJL138C
YCL064C	YLR429W
YCL064C	YNR016C
YCL068C	YHR027C
YCR008W	YCR009C
YCR008W	YDR129C
YCR008W	YGL106W
YCR008W	YGR086C
YCR008W	YLR175W
YCR008W	YLR197W
YCR008W	YLR429W
YCR008W	YMR229C
YCR008W	YPR171W
YCR009C	YDR087C
YCR009C	YDR243C
YCR009C	YDR440W
YCR009C	YEL037C
YCR009C	YER116C
YCR009C	YFR010W
YCR009C	YGL013C
YCR009C	YGL106W
YCR009C	YGR086C
YCR009C	YIL148W
YCR009C	YLR150W
YCR009C	YLR218C
YCR009C	YLR335W
YCR009C	YLR429W
YCR009C	YMR086W
YCR009C	YMR229C
YCR009C	YOL098C
YCR009C	YOR057W
YCR009C	YOR124C
YCR009C	YOR241W
YCR009C	YPL022W
YCR009C	YPR093C
YCR011C	YMR304W
YCR013C	YDR293C
YCR016W	YDL058W
YCR016W	YDL208W
YCR016W	YGL213C
YCR016W	YHR066W
YCR016W	YLR022C
YCR016W	YLR175W
YCR016W	YLR197W
YCR020C-A	YEL053C
YCR020C-A	YJL197W
YCR020C-A	YPR051W
YCR020W-B	YDL147W
YCR020W-B	YDR520C
YCR020W-B	YGR275W
YCR020W-B	YIL033C
YCR020W-B	YIL126W
YCR020W-B	YLR033W
YCR020W-B	YLR357W
YCR020W-B	YOL070C
YCR030C	YDR074W
YCR030C	YJR082C
YCR033W	YIL112W
YCR033W	YKR029C
YCR073W-A	YER064C
YCR073W-A	YER133W
YCR073W-A	YLR257W
YCR073W-A	YNR034W
YCR077C	YDL160C
YCR077C	YGL173C
YCR077C	YMR186W
YCR077C	YMR224C
YCR077C	YNL147W
YCR079W	YDR087C
YCR079W	YLL022C
YCR079W	YMR239C
YCR079W	YOL005C
YCR081W	YLR071C
YCR081W	YPL042C
YCR082W	YDR448W
YCR082W	YOR023C
YCR084C	YKL213C
YCR089W	YDR097C
YCR089W	YDR172W
YCR093W	YDR127W
YCR093W	YDR363W-A
YCR093W	YDR427W
YCR093W	YNL288W
YCR093W	YOR209C
YCR093W	YPR110C
YCR095C	YEL052W
YCR095C	YHL029C
YCR095C	YPR007C
YDL004W	YER151C
YDL004W	YMR173W
YDL004W	YPL160W
YDL005C	YER022W
YDL005C	YGL025C
YDL005C	YGL151W
YDL005C	YGR104C
YDL005C	YHR041C
YDL005C	YLR071C
YDL005C	YNL236W
YDL005C	YOR174W
YDL005C	YPR070W
YDL007W	YDL036C
YDL007W	YDL147W
YDL007W	YDR363W-A
YDL007W	YDR394W
YDL007W	YDR427W
YDL007W	YEL037C
YDL007W	YFR004W
YDL007W	YFR010W
YDL007W	YGL048C
YDL007W	YHR027C
YDL007W	YJL171C
YDL007W	YKL145W
YDL007W	YMR191W
YDL007W	YOR259C
YDL007W	YOR261C
YDL008W	YER047C
YDL014W	YDL060W
YDL014W	YDL112W
YDL014W	YDL134C
YDL014W	YDL208W
YDL014W	YDR060W
YDL014W	YDR083W
YDL014W	YDR207C
YDL014W	YDR365C
YDL014W	YDR440W
YDL014W	YDR496C
YDL014W	YEL001C
YDL014W	YEL054C
YDL014W	YEL055C
YDL014W	YER063W
YDL014W	YER164W
YDL014W	YGL120C
YDL014W	YGL167C
YDL014W	YGL213C
YDL014W	YGR103W
YDL014W	YHL034C
YDL014W	YHR052W
YDL014W	YHR066W
YDL014W	YHR118C
YDL014W	YHR193C
YDL014W	YIL126W
YDL014W	YJL033W
YDL014W	YJR010C-A
YDL014W	YKL023W
YDL014W	YKL035W
YDL014W	YKL052C
YDL014W	YKL075C
YDL014W	YKR024C
YDL014W	YKR092C
YDL014W	YLR175W
YDL014W	YLR197W
YDL014W	YLR369W
YDL014W	YLR429W
YDL014W	YLR455W
YDL014W	YML065W
YDL014W	YML112W
YDL014W	YMR229C
YDL014W	YNL023C
YDL014W	YNL168C
YDL014W	YNL201C
YDL014W	YNL248C
YDL014W	YNR054C
YDL014W	YOL076W
YDL014W	YOL144W
YDL014W	YOR078W
YDL014W	YOR310C
YDL014W	YOR381W
YDL014W	YPL037C
YDL014W	YPL066W
YDL014W	YPL220W
YDL014W	YPR046W
YDL015C	YJR010C-A
YDL017W	YDR052C
YDL017W	YLR429W
YDL019C	YDR060W
YDL019C	YDR129C
YDL019C	YDR184C
YDL019C	YGL137W
YDL019C	YGL216W
YDL019C	YGR258C
YDL019C	YJL207C
YDL019C	YJR126C
YDL019C	YPL146C
YDL022W	YIL148W
YDL022W	YKR018C
YDL025C	YMR186W
YDL027C	YIR010W
YDL029W	YEL037C
YDL029W	YJL033W
YDL029W	YJR065C
YDL029W	YLR203C
YDL029W	YLR370C
YDL029W	YMR229C
YDL029W	YPL022W
YDL030W	YDL043C
YDL030W	YDR295C
YDL030W	YDR363W-A
YDL030W	YGR104C
YDL030W	YJL203W
YDL030W	YOR261C
YDL036C	YDL063C
YDL036C	YDL147W
YDL038C	YDR478W
YDL038C	YGR104C
YDL042C	YDL223C
YDL042C	YKR025W
YDL042C	YMR229C
YDL042C	YNL113W
YDL042C	YOR116C
YDL042C	YOR124C
YDL042C	YPR110C
YDL043C	YDR163W
YDL043C	YER029C
YDL043C	YGL174W
YDL043C	YGR074W
YDL043C	YHR165C
YDL043C	YJL203W
YDL043C	YJR050W
YDL043C	YLR117C
YDL043C	YLR150W
YDL043C	YLR275W
YDL043C	YML049C
YDL043C	YMR288W
YDL043C	YOR319W
YDL043C	YPL151C
YDL043C	YPL242C
YDL043C	YPR052C
YDL045W-A	YIL070C
YDL045W-A	YIL093C
YDL045W-A	YJL063C
YDL045W-A	YJR113C
YDL047W	YKR028W
YDL051W	YKL122C
YDL051W	YMR180C
YDL051W	YPL243W
YDL052C	YKR024C
YDL054C	YOR315W
YDL058W	YDR225W
YDL060W	YDR365C
YDL060W	YEL054C
YDL060W	YGL106W
YDL060W	YGR126W
YDL060W	YIL095W
YDL060W	YJL129C
YDL060W	YKL145W
YDL060W	YLR150W
YDL060W	YLR197W
YDL060W	YLR435W
YDL060W	YML065W
YDL060W	YNR054C
YDL060W	YOL087C
YDL060W	YPL090C
YDL060W	YPL146C
YDL060W	YPR052C
YDL066W	YMR173W
YDL066W	YMR304W
YDL074C	YER062C
YDL074C	YER164W
YDL074C	YFR024C-A
YDL074C	YGR184C
YDL074C	YHR001W
YDL074C	YKL035W
YDL074C	YKL112W
YDL074C	YLL021W
YDL074C	YMR314W
YDL074C	YOR362C
YDL074C	YOR365C
YDL074C	YPR080W
YDL087C	YGL238W
YDL087C	YGR074W
YDL087C	YLR275W
YDL087C	YOR159C
YDL088C	YDR172W
YDL090C	YNL030W
YDL093W	YDR139C
YDL099W	YDR365C
YDL099W	YDR517W
YDL100C	YDR451C
YDL100C	YGL150C
YDL100C	YHL022C
YDL100C	YJR140C
YDL102W	YJR006W
YDL105W	YDR341C
YDL105W	YDR365C
YDL105W	YFR053C
YDL105W	YJL033W
YDL105W	YLR197W
YDL105W	YOL034W
YDL105W	YOR310C
YDL105W	YPL146C
YDL108W	YDR460W
YDL108W	YLR005W
YDL108W	YPR056W
YDL110C	YFR015C
YDL111C	YGR158C
YDL111C	YHR069C
YDL111C	YOR076C
YDL112W	YDR496C
YDL112W	YGR103W
YDL112W	YJL115W
YDL112W	YLR175W
YDL112W	YPL220W
YDL132W	YDR179C
YDL132W	YLR197W
YDL134C	YDR363W-A
YDL134C	YFR004W
YDL134C	YGL190C
YDL134C	YHR068W
YDL134C	YLR259C
YDL134C	YLR429W
YDL134C	YML109W
YDL134C	YMR186W
YDL134C	YNL312W
YDL134C	YOL098C
YDL134C	YOR353C
YDL134C	YOR386W
YDL134C	YPL146C
YDL134C	YPL242C
YDL141W	YDR087C
YDL141W	YMR239C
YDL141W	YOR124C
YDL143W	YDR087C
YDL143W	YDR150W
YDL143W	YDR188W
YDL143W	YGR086C
YDL143W	YIL142W
YDL143W	YKL142W
YDL143W	YLR429W
YDL147W	YDL215C
YDL147W	YDR055W
YDL147W	YDR179C
YDL147W	YDR266C
YDL147W	YDR363W-A
YDL147W	YDR394W
YDL147W	YDR427W
YDL147W	YER151C
YDL147W	YFR004W
YDL147W	YFR010W
YDL147W	YGL048C
YDL147W	YGL233W
YDL147W	YHR027C
YDL147W	YHR078W
YDL147W	YIL071C
YDL147W	YIL099W
YDL147W	YJL070C
YDL147W	YJL080C
YDL147W	YJL201W
YDL147W	YKL145W
YDL147W	YLL040C
YDL147W	YMR190C
YDL147W	YMR191W
YDL147W	YNL288W
YDL147W	YOL117W
YDL147W	YOR209C
YDL147W	YOR259C
YDL147W	YOR261C
YDL147W	YPL242C
YDL147W	YPR003C
YDL150W	YKL144C
YDL150W	YKR025W
YDL150W	YNL113W
YDL150W	YNR003C
YDL150W	YOR116C
YDL150W	YOR224C
YDL150W	YPR110C
YDL150W	YPR187W
YDL153C	YER144C
YDL153C	YGL120C
YDL153C	YJR119C
YDL153C	YKL035W
YDL154W	YJR070C
YDL160C	YEL015W
YDL160C	YGR253C
YDL160C	YIL148W
YDL160C	YJL138C
YDL160C	YNL147W
YDL160C	YPL160W
YDL171C	YEL037C
YDL171C	YLL029W
YDL175C	YFR010W
YDL175C	YGL120C
YDL176W	YIL097W
YDL176W	YJL087C
YDL176W	YJR104C
YDL181W	YGL106W
YDL181W	YOR159C
YDL185W	YEL023C
YDL185W	YLR090W
YDL185W	YMR186W
YDL185W	YNL153C
YDL185W	YOL133W
YDL193W	YDR392W
YDL193W	YNL201C
YDL194W	YML062C
YDL195W	YER022W
YDL195W	YLR208W
YDL197C	YLR442C
YDL208W	YGR103W
YDL208W	YLR150W
YDL208W	YLR175W
YDL208W	YOL008W
YDL209C	YOR157C
YDL215C	YDR171W
YDL215C	YDR254W
YDL215C	YFR015C
YDL215C	YFR031C
YDL215C	YGL120C
YDL215C	YGR104C
YDL215C	YHR077C
YDL215C	YIL156W
YDL215C	YLR258W
YDL215C	YML126C
YDL215C	YML131W
YDL215C	YMR108W
YDL215C	YMR186W
YDL215C	YMR284W
YDL215C	YMR304W
YDL215C	YNL031C
YDL215C	YOL034W
YDL215C	YOR057W
YDL215C	YOR303W
YDL215C	YPR103W
YDL223C	YGR104C
YDL225W	YHR107C
YDL225W	YJL033W
YDL225W	YLR218C
YDL225W	YPL167C
YDL236W	YPR080W
YDR007W	YPL181W
YDR009W	YFR031C
YDR011W	YOR157C
YDR017C	YDR099W
YDR017C	YDR310C
YDR017C	YER177W
YDR017C	YGL106W
YDR017C	YLR429W
YDR017C	YMR196W
YDR017C	YNL267W
YDR022C	YLR423C
YDR027C	YDR484W
YDR032C	YLR429W
YDR034C	YHR077C
YDR035W	YIL094C
YDR035W	YPR080W
YDR046C	YDR301W
YDR046C	YIL148W
YDR046C	YNL317W
YDR046C	YPR107C
YDR055W	YLL022C
YDR058C	YML106W
YDR060W	YDR243C
YDR060W	YER048C
YDR060W	YGL120C
YDR060W	YGL173C
YDR060W	YHL002W
YDR060W	YHR066W
YDR060W	YJL033W
YDR060W	YKR024C
YDR060W	YLR418C
YDR060W	YMR229C
YDR060W	YNL088W
YDR060W	YNL233W
YDR060W	YOR355W
YDR063W	YLR429W
YDR069C	YDR207C
YDR071C	YDR365C
YDR071C	YPR052C
YDR073W	YOR290C
YDR074W	YDR416W
YDR074W	YKR001C
YDR074W	YKR042W
YDR074W	YLL043W
YDR074W	YML100W
YDR074W	YOR141C
YDR075W	YDR225W
YDR075W	YDR293C
YDR075W	YGR063C
YDR075W	YJL138C
YDR075W	YNL201C
YDR083W	YDR341C
YDR087C	YDR153C
YDR087C	YDR362C
YDR087C	YFR010W
YDR087C	YFR021W
YDR087C	YGL106W
YDR087C	YIL017C
YDR087C	YJL033W
YDR087C	YJL044C
YDR087C	YJL154C
YDR087C	YKR029C
YDR087C	YLR131C
YDR087C	YLR362W
YDR087C	YLR371W
YDR087C	YLR429W
YDR087C	YMR048W
YDR087C	YMR110C
YDR087C	YNL277W
YDR087C	YOR057W
YDR087C	YOR374W
YDR087C	YPL091W
YDR091C	YDR363W-A
YDR091C	YLR150W
YDR091C	YLR192C
YDR091C	YNL260C
YDR097C	YOL090W
YDR099W	YDR219C
YDR099W	YDR362C
YDR099W	YEL023C
YDR099W	YEL061C
YDR099W	YER027C
YDR099W	YER053C
YDR099W	YER086W
YDR099W	YER133W
YDR099W	YER177W
YDR099W	YFL049W
YDR099W	YGL035C
YDR099W	YIL095W
YDR099W	YIL148W
YDR099W	YIR003W
YDR099W	YJL033W
YDR099W	YKL072W
YDR099W	YLR135W
YDR099W	YLR176C
YDR099W	YLR262C
YDR099W	YLR345W
YDR099W	YMR023C
YDR099W	YMR037C
YDR099W	YMR186W
YDR099W	YMR224C
YDR099W	YMR288W
YDR099W	YMR291W
YDR099W	YNL267W
YDR099W	YNR014W
YDR099W	YNR034W
YDR099W	YNR047W
YDR099W	YOR159C
YDR099W	YOR257W
YDR099W	YOR267C
YDR099W	YPL032C
YDR099W	YPL074W
YDR099W	YPR049C
YDR099W	YPR171W
YDR103W	YDR148C
YDR103W	YEL023C
YDR104C	YER098W
YDR107C	YGR104C
YDR109C	YDR427W
YDR109C	YLR203C
YDR120C	YLR309C
YDR127W	YMR186W
YDR127W	YOL013C
YDR129C	YEL037C
YDR129C	YFR010W
YDR129C	YFR015C
YDR129C	YFR024C-A
YDR129C	YIL129C
YDR129C	YIR010W
YDR129C	YJL092W
YDR129C	YJL138C
YDR129C	YLR052W
YDR129C	YLR203C
YDR129C	YLR310C
YDR129C	YMR229C
YDR129C	YOL013C
YDR129C	YOL098C
YDR129C	YPL012W
YDR129C	YPL022W
YDR132C	YNL287W
YDR139C	YNL281W
YDR139C	YOR216C
YDR145W	YDR167W
YDR145W	YDR176W
YDR145W	YDR392W
YDR145W	YDR448W
YDR145W	YER148W
YDR145W	YGL066W
YDR145W	YGL112C
YDR145W	YGR274C
YDR145W	YHR087W
YDR145W	YMR005W
YDR145W	YMR236W
YDR145W	YNR010W
YDR145W	YPL011C
YDR145W	YPL047W
YDR145W	YPL254W
YDR148C	YFL018C
YDR148C	YHR137W
YDR148C	YIL125W
YDR148C	YNL262W
YDR150W	YJL138C
YDR150W	YOR014W
YDR153C	YGL213C
YDR153C	YJL033W
YDR153C	YKL023W
YDR153C	YPL146C
YDR153C	YPR189W
YDR156W	YER070W
YDR156W	YJL138C
YDR156W	YJR063W
YDR156W	YNL097C
YDR156W	YNL113W
YDR156W	YNL248C
YDR156W	YOR341W
YDR156W	YPR010C
YDR156W	YPR049C
YDR156W	YPR110C
YDR158W	YFR031C
YDR162C	YHL007C
YDR167W	YDR176W
YDR167W	YDR448W
YDR167W	YGL066W
YDR167W	YGL112C
YDR167W	YGR274C
YDR167W	YLR399C
YDR167W	YML098W
YDR167W	YMR005W
YDR167W	YPL011C
YDR167W	YPL047W
YDR167W	YPL254W
YDR168W	YDR463W
YDR168W	YGL006W
YDR168W	YHR052W
YDR168W	YHR107C
YDR168W	YMR186W
YDR168W	YNL243W
YDR168W	YPL240C
YDR171W	YER053C
YDR171W	YGL106W
YDR171W	YIL148W
YDR171W	YJL092W
YDR171W	YJR148W
YDR171W	YNL031C
YDR171W	YNL085W
YDR171W	YOL164W
YDR171W	YOR086C
YDR171W	YPR144C
YDR172W	YDR335W
YDR172W	YDR495C
YDR172W	YDR537C
YDR172W	YEL037C
YDR172W	YGL006W
YDR172W	YGL112C
YDR172W	YGR197C
YDR172W	YGR243W
YDR172W	YGR274C
YDR172W	YHR165C
YDR172W	YJL115W
YDR172W	YJR042W
YDR172W	YJR162C
YDR172W	YKR054C
YDR172W	YKR084C
YDR172W	YLR005W
YDR172W	YLR153C
YDR172W	YLR223C
YDR172W	YLR374C
YDR172W	YLR405W
YDR172W	YML021C
YDR172W	YMR186W
YDR172W	YMR191W
YDR172W	YMR230W
YDR172W	YNL098C
YDR172W	YNL233W
YDR172W	YNR016C
YDR172W	YOR003W
YDR172W	YOR259C
YDR175C	YGR165W
YDR175C	YIL070C
YDR175C	YIL093C
YDR175C	YJL063C
YDR175C	YJR113C
YDR175C	YOR158W
YDR176W	YDR208W
YDR176W	YDR392W
YDR176W	YDR448W
YDR176W	YEL046C
YDR176W	YGL066W
YDR176W	YGL112C
YDR176W	YNL317W
YDR176W	YOR023C
YDR176W	YPL047W
YDR176W	YPL254W
YDR176W	YPR008W
YDR177W	YIL148W
YDR179C	YDR328C
YDR179C	YIL071C
YDR179C	YMR025W
YDR179C	YOL117W
YDR180W	YOR310C
YDR184C	YMR120C
YDR188W	YIL148W
YDR188W	YJL033W
YDR188W	YLR429W
YDR190C	YGL150C
YDR190C	YGR002C
YDR190C	YGR086C
YDR190C	YHR034C
YDR190C	YJL081C
YDR190C	YKL023W
YDR190C	YLR052W
YDR190C	YML041C
YDR190C	YMR186W
YDR190C	YNL215W
YDR190C	YOR141C
YDR190C	YOR189W
YDR190C	YOR310C
YDR194C	YGR104C
YDR194C	YJL033W
YDR198C	YNL097C
YDR204W	YMR304W
YDR207C	YGR275W
YDR207C	YIL084C
YDR207C	YLR175W
YDR207C	YPL137C
YDR212W	YGR198W
YDR212W	YLR429W
YDR212W	YMR229C
YDR221W	YHR193C
YDR221W	YPL012W
YDR221W	YPL037C
YDR225W	YDR310C
YDR225W	YJL042W
YDR225W	YJR031C
YDR225W	YKL188C
YDR225W	YLR087C
YDR225W	YLR384C
YDR225W	YNL201C
YDR225W	YOL054W
YDR229W	YEL037C
YDR229W	YFR010W
YDR229W	YMR304W
YDR243C	YLR275W
YDR243C	YLR429W
YDR254W	YER012W
YDR254W	YGR111W
YDR254W	YLR315W
YDR254W	YOL054W
YDR258C	YGL161C
YDR266C	YLR175W
YDR266C	YMR165C
YDR266C	YPR114W
YDR267C	YHR122W
YDR270W	YGL105W
YDR272W	YDR310C
YDR272W	YER062C
YDR272W	YJR104C
YDR272W	YLR043C
YDR272W	YLR381W
YDR272W	YMR186W
YDR283C	YGR167W
YDR283C	YKL101W
YDR283C	YLL005C
YDR283C	YLR150W
YDR283C	YML057W
YDR283C	YMR255W
YDR283C	YOR257W
YDR283C	YPR052C
YDR287W	YNL035C
YDR289C	YOR151C
YDR293C	YER033C
YDR293C	YFR010W
YDR293C	YHL034C
YDR293C	YIL152W
YDR293C	YKR028W
YDR293C	YLR022C
YDR293C	YMR304W
YDR293C	YNL201C
YDR293C	YOR355W
YDR293C	YPL220W
YDR295C	YER030W
YDR295C	YLR241W
YDR295C	YNL021W
YDR295C	YNL031C
YDR295C	YOR138C
YDR295C	YPR179C
YDR299W	YDR365C
YDR299W	YGR145W
YDR299W	YJL033W
YDR299W	YNL132W
YDR301W	YER070W
YDR301W	YFR015C
YDR301W	YNL222W
YDR301W	YNL317W
YDR301W	YOR093C
YDR301W	YPR107C
YDR310C	YIL070C
YDR311W	YDR460W
YDR311W	YLR005W
YDR311W	YPR056W
YDR318W	YER030W
YDR318W	YGL137W
YDR318W	YLR315W
YDR318W	YPR046W
YDR325W	YFR031C
YDR325W	YLR272C
YDR328C	YIL071C
YDR328C	YMR258C
YDR328C	YOL117W
YDR330W	YGR048W
YDR332W	YGR220C
YDR335W	YGL156W
YDR335W	YGR103W
YDR341C	YDR365C
YDR341C	YDR427W
YDR341C	YDR440W
YDR341C	YEL055C
YDR341C	YER016W
YDR341C	YER164W
YDR341C	YFR004W
YDR341C	YGL120C
YDR341C	YGL213C
YDR341C	YGR103W
YDR341C	YHR052W
YDR341C	YHR066W
YDR341C	YHR118C
YDR341C	YHR127W
YDR341C	YJL033W
YDR341C	YJR017C
YDR341C	YKL023W
YDR341C	YKL035W
YDR341C	YKR024C
YDR341C	YKR046C
YDR341C	YLL022C
YDR341C	YLR022C
YDR341C	YLR203C
YDR341C	YLR429W
YDR341C	YLR455W
YDR341C	YMR229C
YDR341C	YNL099C
YDR341C	YNL110C
YDR341C	YNR053C
YDR341C	YOL076W
YDR341C	YOR213C
YDR358W	YFR010W
YDR362C	YER062C
YDR362C	YFR053C
YDR362C	YJL138C
YDR362C	YMR102C
YDR362C	YOR110W
YDR362C	YPL007C
YDR362C	YPL037C
YDR363W-A	YDR394W
YDR363W-A	YDR427W
YDR363W-A	YEL037C
YDR363W-A	YER122C
YDR363W-A	YER151C
YDR363W-A	YFR004W
YDR363W-A	YFR010W
YDR363W-A	YGL048C
YDR363W-A	YGL094C
YDR363W-A	YHL030W
YDR363W-A	YHR027C
YDR363W-A	YIL148W
YDR363W-A	YKL145W
YDR363W-A	YLR246W
YDR363W-A	YMR173W
YDR363W-A	YMR191W
YDR363W-A	YOR057W
YDR363W-A	YOR209C
YDR363W-A	YOR257W
YDR363W-A	YOR259C
YDR363W-A	YOR261C
YDR365C	YDR377W
YDR365C	YDR466W
YDR365C	YER122C
YDR365C	YGL120C
YDR365C	YGR050C
YDR365C	YGR126W
YDR365C	YGR145W
YDR365C	YIL142W
YDR365C	YJL033W
YDR365C	YKL101W
YDR365C	YKL104C
YDR365C	YLR129W
YDR365C	YLR175W
YDR365C	YLR197W
YDR365C	YML125C
YDR365C	YNL085W
YDR365C	YNL099C
YDR365C	YNR054C
YDR365C	YOR007C
YDR365C	YOR061W
YDR365C	YOR310C
YDR365C	YPL012W
YDR365C	YPL146C
YDR368W	YFL024C
YDR369C	YER179W
YDR369C	YMR224C
YDR369C	YNL250W
YDR370C	YJR031C
YDR372C	YLR033W
YDR379W	YKR009C
YDR383C	YLR315W
YDR383C	YPR046W
YDR390C	YOR075W
YDR390C	YPR180W
YDR392W	YDR448W
YDR392W	YGL071W
YDR392W	YGL112C
YDR392W	YMR236W
YDR392W	YPL047W
YDR392W	YPL254W
YDR394W	YDR427W
YDR394W	YEL037C
YDR394W	YFR004W
YDR394W	YFR010W
YDR394W	YGL048C
YDR394W	YHR027C
YDR394W	YOR261C
YDR404C	YOL005C
YDR405W	YIL070C
YDR405W	YML025C
YDR405W	YML056C
YDR405W	YNL284C
YDR405W	YPL173W
YDR409W	YGR126W
YDR409W	YLL029W
YDR409W	YLR303W
YDR416W	YHR165C
YDR416W	YJR050W
YDR416W	YLL036C
YDR416W	YLR117C
YDR419W	YDR477W
YDR419W	YER027C
YDR419W	YML112W
YDR420W	YJL033W
YDR427W	YEL037C
YDR427W	YFR004W
YDR427W	YFR010W
YDR427W	YGL048C
YDR427W	YGR104C
YDR427W	YHR027C
YDR427W	YJR149W
YDR427W	YKL145W
YDR427W	YMR191W
YDR427W	YOR209C
YDR427W	YOR259C
YDR427W	YOR261C
YDR430C	YFR024C-A
YDR430C	YLR375W
YDR430C	YMR110C
YDR430C	YMR176W
YDR440W	YGL173C
YDR440W	YGR086C
YDR440W	YLR309C
YDR440W	YLR429W
YDR440W	YMR086W
YDR440W	YPL146C
YDR448W	YGL066W
YDR448W	YGL112C
YDR448W	YMR236W
YDR448W	YPL047W
YDR448W	YPL254W
YDR451C	YKR018C
YDR452W	YKR092C
YDR457W	YDR463W
YDR457W	YER099C
YDR457W	YFR010W
YDR457W	YFR053C
YDR457W	YGL106W
YDR457W	YGR218W
YDR457W	YHR193C
YDR457W	YIL148W
YDR457W	YLL021W
YDR457W	YLR192C
YDR457W	YMR186W
YDR457W	YMR304W
YDR457W	YOL025W
YDR460W	YER171W
YDR460W	YLR005W
YDR460W	YPR056W
YDR472W	YMR304W
YDR473C	YER172C
YDR473C	YHR165C
YDR473C	YNL147W
YDR473C	YNR011C
YDR475C	YER133W
YDR475C	YLR096W
YDR475C	YOR289W
YDR477W	YER027C
YDR477W	YER129W
YDR477W	YGL208W
YDR478W	YHR062C
YDR478W	YHR118C
YDR478W	YJL072C
YDR478W	YLR335W
YDR478W	YNL221C
YDR478W	YNL282W
YDR478W	YOR075W
YDR478W	YPL117C
YDR478W	YPL183C
YDR481C	YFR044C
YDR486C	YLR181C
YDR491C	YLL022C
YDR494W	YIL070C
YDR495C	YPR110C
YDR496C	YHL034C
YDR496C	YHR066W
YDR496C	YKL023W
YDR496C	YKL122C
YDR496C	YLR150W
YDR496C	YLR197W
YDR496C	YLR259C
YDR496C	YLR455W
YDR496C	YMR180C
YDR496C	YMR229C
YDR496C	YPR144C
YDR499W	YNL312W
YDR516C	YMR229C
YDR517W	YIL109C
YDR517W	YLR429W
YDR517W	YLR435W
YDR517W	YML079W
YDR517W	YMR016C
YDR517W	YNR011C
YDR517W	YPL095C
YDR517W	YPR103W
YDR533C	YHR081W
YDR533C	YKL135C
YDR533C	YMR322C
YDR533C	YNR001C
YDR538W	YMR304W
YEL001C	YGR126W
YEL001C	YLR429W
YEL001C	YMR186W
YEL005C	YGL079W
YEL005C	YLR408C
YEL005C	YNL086W
YEL013W	YLR381W
YEL013W	YNL168C
YEL015W	YKL104C
YEL015W	YLR150W
YEL015W	YLR419W
YEL015W	YNL118C
YEL015W	YNL147W
YEL015W	YOL149W
YEL021W	YMR074C
YEL022W	YHR027C
YEL023C	YFR053C
YEL023C	YHL002W
YEL023C	YJL203W
YEL023C	YKL216W
YEL023C	YMR186W
YEL023C	YOR305W
YEL023C	YOR362C
YEL023C	YOR368W
YEL037C	YER048C
YEL037C	YER125W
YEL037C	YFR004W
YEL037C	YGL011C
YEL037C	YGL106W
YEL037C	YGR080W
YEL037C	YHR027C
YEL037C	YHR029C
YEL037C	YIL148W
YEL037C	YJL080C
YEL037C	YJR065C
YEL037C	YKL145W
YEL037C	YLL050C
YEL037C	YLR014C
YEL037C	YLR429W
YEL037C	YNL055C
YEL037C	YOR259C
YEL037C	YOR261C
YEL037C	YPL096W
YEL037C	YPR171W
YEL048C	YGL137W
YEL048C	YPR110C
YEL052W	YJL078C
YEL052W	YOR070C
YEL053C	YPR051W
YEL054C	YGL120C
YEL054C	YOR293W
YEL055C	YHR196W
YEL055C	YKR092C
YEL055C	YOR362C
YEL055C	YPL093W
YEL055C	YPL126W
YEL055C	YPL190C
YEL056W	YER006W
YEL056W	YER161C
YEL056W	YGR104C
YEL056W	YHR041C
YEL056W	YHR118C
YEL056W	YHR193C
YEL056W	YLL022C
YEL056W	YLR259C
YEL056W	YML065W
YEL056W	YML131W
YEL056W	YMR230W
YEL056W	YNL030W
YEL056W	YNL031C
YEL056W	YOR386W
YEL056W	YPL047W
YEL056W	YPR014C
YEL060C	YOR168W
YEL061C	YER012W
YEL061C	YGR253C
YER004W	YOR249C
YER006W	YER070W
YER006W	YGL213C
YER006W	YHR118C
YER006W	YIL070C
YER006W	YKL117W
YER006W	YLR022C
YER006W	YLR197W
YER006W	YLR319C
YER006W	YLR371W
YER006W	YLR429W
YER006W	YLR455W
YER006W	YML065W
YER006W	YML116W
YER006W	YMR229C
YER006W	YNL099C
YER006W	YNL110C
YER006W	YNR053C
YER006W	YOL097C
YER006W	YOR355W
YER006W	YPL047W
YER006W	YPL240C
YER008C	YKL075C
YER012W	YER094C
YER012W	YFR050C
YER012W	YGL011C
YER012W	YGR253C
YER012W	YJL092W
YER012W	YJL132W
YER012W	YML092C
YER012W	YMR067C
YER012W	YMR314W
YER012W	YOR157C
YER012W	YOR362C
YER012W	YPR103W
YER015W	YKL216W
YER016W	YER177W
YER016W	YPL146C
YER017C	YGR063C
YER018C	YER172C
YER018C	YMR117C
YER022W	YGL025C
YER022W	YGL151W
YER022W	YGR086C
YER022W	YGR104C
YER022W	YHR041C
YER022W	YKL035W
YER022W	YLR071C
YER022W	YLR380W
YER022W	YMR230W
YER022W	YNL236W
YER022W	YNL278W
YER022W	YNR010W
YER022W	YOL135C
YER022W	YOR174W
YER022W	YPL042C
YER022W	YPL085W
YER022W	YPR070W
YER023W	YGL094C
YER023W	YIL070C
YER023W	YJR090C
YER023W	YOL061W
YER027C	YER129W
YER029C	YGR074W
YER029C	YHR165C
YER029C	YLR275W
YER029C	YNL092W
YER029C	YOR159C
YER029C	YPR101W
YER030W	YIL017C
YER030W	YIL097W
YER030W	YJR060W
YER030W	YKL193C
YER030W	YLR435W
YER030W	YMR186W
YER030W	YPL090C
YER031C	YER136W
YER033C	YHR027C
YER043C	YHR196W
YER043C	YIR007W
YER047C	YGL106W
YER048C	YIL148W
YER048C	YIR010W
YER048C	YLR429W
YER048C	YPL022W
YER053C	YGL120C
YER053C	YHR027C
YER059W	YPL031C
YER060W	YFL002C
YER061C	YHL007C
YER062C	YER171W
YER062C	YJL033W
YER062C	YKR084C
YER062C	YNL281W
YER062C	YOR241W
YER062C	YPR073C
YER063W	YIL070C
YER063W	YMR229C
YER064C	YGR074W
YER064C	YJL070C
YER064C	YKL157W
YER064C	YKR038C
YER064C	YLR370C
YER064C	YML065W
YER067W	YGR228W
YER070W	YER136W
YER070W	YJR031C
YER070W	YMR163C
YER070W	YOR076C
YER071C	YIL152W
YER071C	YIR003W
YER073W	YHR087W
YER073W	YIL070C
YER086W	YFL037W
YER086W	YFR053C
YER086W	YGR126W
YER086W	YIL070C
YER086W	YIL148W
YER086W	YLR150W
YER086W	YLR259C
YER086W	YLR355C
YER086W	YMR186W
YER086W	YOR257W
YER094C	YFR050C
YER094C	YGL011C
YER094C	YML092C
YER094C	YOR157C
YER094C	YPR103W
YER098W	YGL179C
YER098W	YOL087C
YER098W	YPL181W
YER104W	YNL312W
YER109C	YKL129C
YER110C	YGR198W
YER110C	YHR066W
YER110C	YJL138C
YER110C	YMR229C
YER110C	YOL034W
YER111C	YPL160W
YER116C	YLR150W
YER116C	YMR072W
YER116C	YNL088W
YER116C	YOR058C
YER122C	YGL137W
YER122C	YLR022C
YER122C	YLR150W
YER122C	YNL287W
YER122C	YPL090C
YER125W	YMR275C
YER125W	YOR124C
YER125W	YOR138C
YER129W	YGR167W
YER132C	YMR304W
YER133W	YFR003C
YER133W	YIL070C
YER133W	YKL193C
YER133W	YMR086W
YER133W	YMR224C
YER133W	YMR311C
YER133W	YNL233W
YER133W	YNL317W
YER133W	YNR034W
YER133W	YPL137C
YER136W	YLR262C
YER136W	YOR089C
YER144C	YKL149C
YER145C	YJR010C-A
YER145C	YOR014W
YER148W	YJL123C
YER148W	YML098W
YER148W	YMR005W
YER148W	YMR186W
YER148W	YPL011C
YER151C	YGL106W
YER151C	YGL145W
YER151C	YHL034C
YER151C	YJL197W
YER151C	YKL149C
YER151C	YLR150W
YER151C	YLR187W
YER151C	YMR118C
YER151C	YMR173W
YER151C	YMR229C
YER151C	YNL317W
YER151C	YPL126W
YER159C	YLR355C
YER161C	YGL120C
YER161C	YLL022C
YER164W	YLR175W
YER164W	YLR197W
YER164W	YMR072W
YER164W	YMR229C
YER164W	YNL004W
YER164W	YOR061W
YER166W	YKL129C
YER166W	YPL160W
YER167W	YLR132C
YER171W	YPR056W
YER172C	YFL029C
YER172C	YFR031C
YER172C	YGR074W
YER172C	YHL019C
YER172C	YHR140W
YER172C	YHR165C
YER172C	YLR150W
YER172C	YLR275W
YER172C	YMR229C
YER172C	YNL147W
YER172C	YNR011C
YER172C	YOR159C
YER172C	YOR168W
YER177W	YGL181W
YER177W	YIR003W
YER177W	YMR086W
YER177W	YNR014W
YER177W	YNR047W
YER177W	YOL013C
YER177W	YOR220W
YER179W	YGR063C
YER179W	YMR224C
YFL002C	YMR097C
YFL002C	YOR355W
YFL007W	YFR024C-A
YFL024C	YGR002C
YFL024C	YJL081C
YFL024C	YJR082C
YFL024C	YNL097C
YFL033C	YIL126W
YFL037W	YGR155W
YFL037W	YGR218W
YFL037W	YMR229C
YFL041W	YML102W
YFL044C	YIL070C
YFL049W	YJL176C
YFL049W	YOR290C
YFR001W	YHR066W
YFR001W	YKR024C
YFR001W	YMR229C
YFR003C	YKL193C
YFR004W	YFR010W
YFR004W	YGL048C
YFR004W	YHR027C
YFR004W	YJR051W
YFR004W	YKL145W
YFR004W	YMR191W
YFR004W	YOR209C
YFR004W	YOR259C
YFR004W	YOR261C
YFR010W	YGL048C
YFR010W	YGR086C
YFR010W	YHR027C
YFR010W	YKL145W
YFR010W	YLR429W
YFR010W	YML056C
YFR010W	YOL081W
YFR010W	YOR046C
YFR010W	YOR124C
YFR010W	YOR259C
YFR010W	YOR261C
YFR010W	YPL242C
YFR014C	YOL016C
YFR015C	YJL137C
YFR015C	YLL003W
YFR015C	YLR258W
YFR015C	YML042W
YFR015C	YMR229C
YFR015C	YNL267W
YFR021W	YNL254C
YFR022W	YJR010C-A
YFR024C-A	YGL137W
YFR024C-A	YGR103W
YFR024C-A	YKL104C
YFR024C-A	YLR355C
YFR024C-A	YLR429W
YFR024C-A	YMR180C
YFR024C-A	YNL262W
YFR024C-A	YNR016C
YFR024C-A	YOR310C
YFR031C	YGR104C
YFR031C	YJL010C
YFR031C	YLR272C
YFR031C	YPL074W
YFR034C	YFR053C
YFR034C	YKL035W
YFR034C	YNL015W
YFR044C	YGR235C
YFR044C	YKL087C
YFR044C	YOL013C
YFR044C	YOL078W
YFR044C	YPL082C
YFR050C	YGL011C
YFR050C	YGR253C
YFR050C	YML092C
YFR050C	YMR314W
YFR050C	YOR157C
YFR050C	YOR362C
YFR050C	YPR103W
YFR051C	YGL137W
YFR053C	YIL148W
YFR053C	YLR131C
YFR053C	YLR135W
YFR053C	YLR262C
YFR053C	YMR186W
YFR053C	YMR276W
YFR053C	YPR073C
YGL004C	YGL048C
YGL004C	YGR063C
YGL005C	YGL223C
YGL006W	YHR104W
YGL008C	YGL167C
YGL008C	YJR010C-A
YGL011C	YGR253C
YGL011C	YIL099W
YGL011C	YKR070W
YGL011C	YML092C
YGL011C	YMR314W
YGL011C	YOR157C
YGL011C	YOR362C
YGL011C	YPR103W
YGL013C	YNL045W
YGL013C	YNL312W
YGL022W	YIL156W
YGL025C	YGL151W
YGL025C	YGR104C
YGL025C	YLR071C
YGL025C	YNL236W
YGL025C	YNR010W
YGL025C	YOR174W
YGL025C	YPR070W
YGL027C	YHR027C
YGL037C	YLR212C
YGL043W	YLR203C
YGL043W	YMR044W
YGL043W	YOL005C
YGL043W	YPR008W
YGL045W	YMR312W
YGL045W	YOR253W
YGL048C	YGL141W
YGL048C	YGR271W
YGL048C	YHL030W
YGL048C	YHR027C
YGL048C	YHR135C
YGL048C	YIL148W
YGL048C	YJL008C
YGL048C	YKL145W
YGL048C	YMR016C
YGL048C	YMR191W
YGL048C	YOR259C
YGL048C	YOR261C
YGL048C	YPL088W
YGL055W	YIL148W
YGL055W	YJR010C-A
YGL061C	YIL070C
YGL061C	YKL052C
YGL061C	YKR037C
YGL061C	YKR083C
YGL061C	YOR157C
YGL063W	YLL050C
YGL066W	YGL112C
YGL066W	YIL148W
YGL066W	YJL080C
YGL066W	YMR186W
YGL066W	YMR236W
YGL066W	YPL047W
YGL066W	YPL254W
YGL068W	YML025C
YGL068W	YNL118C
YGL073W	YLR355C
YGL073W	YLR419W
YGL073W	YNL045W
YGL079W	YLR408C
YGL081W	YIL156W
YGL094C	YKR024C
YGL105W	YHL029C
YGL105W	YIR033W
YGL105W	YJL092W
YGL105W	YLR247C
YGL105W	YNL021W
YGL105W	YPL240C
YGL106W	YGR086C
YGL106W	YGR188C
YGL106W	YGR261C
YGL106W	YJL033W
YGL106W	YJL138C
YGL106W	YKL124W
YGL106W	YKR010C
YGL106W	YLR144C
YGL106W	YLR203C
YGL106W	YLR288C
YGL106W	YLR319C
YGL106W	YLR356W
YGL106W	YLR418C
YGL106W	YLR429W
YGL106W	YMR005W
YGL106W	YMR071C
YGL106W	YMR173W
YGL106W	YMR180C
YGL106W	YMR288W
YGL106W	YMR304W
YGL106W	YNL023C
YGL106W	YNL031C
YGL106W	YNL123W
YGL106W	YOL057W
YGL106W	YOL098C
YGL106W	YOR035C
YGL106W	YOR057W
YGL106W	YOR138C
YGL106W	YOR249C
YGL106W	YOR368W
YGL106W	YPR171W
YGL111W	YOR380W
YGL112C	YGR274C
YGL112C	YLR055C
YGL112C	YLR150W
YGL112C	YML098W
YGL112C	YMR005W
YGL112C	YMR236W
YGL112C	YPL011C
YGL112C	YPL047W
YGL112C	YPL254W
YGL120C	YGL128C
YGL120C	YGL173C
YGL120C	YGR145W
YGL120C	YHR018C
YGL120C	YHR066W
YGL120C	YHR082C
YGL120C	YHR085W
YGL120C	YJL033W
YGL120C	YKR092C
YGL120C	YLR022C
YGL120C	YLR150W
YGL120C	YLR424W
YGL120C	YML106W
YGL120C	YMR086W
YGL120C	YMR229C
YGL120C	YNR054C
YGL120C	YOL118C
YGL120C	YOL136C
YGL120C	YOR211C
YGL120C	YOR310C
YGL120C	YPR018W
YGL128C	YLR424W
YGL131C	YIL101C
YGL131C	YLR319C
YGL134W	YLR218C
YGL137W	YLL010C
YGL137W	YLR315W
YGL137W	YML012W
YGL137W	YMR224C
YGL137W	YNL287W
YGL137W	YPL010W
YGL137W	YPL061W
YGL137W	YPL240C
YGL137W	YPR046W
YGL150C	YJL081C
YGL150C	YLR052W
YGL150C	YLR436C
YGL150C	YOR141C
YGL150C	YOR189W
YGL151W	YGL173C
YGL151W	YGR104C
YGL151W	YNL236W
YGL151W	YNR010W
YGL151W	YOL135C
YGL151W	YOR174W
YGL151W	YPR070W
YGL157W	YJL023C
YGL157W	YJR031C
YGL158W	YPL194W
YGL167C	YLR075W
YGL167C	YNL055C
YGL167C	YOL006C
YGL170C	YML041C
YGL172W	YGR119C
YGL173C	YGL213C
YGL173C	YGR086C
YGL173C	YHL034C
YGL173C	YKL023W
YGL173C	YKL216W
YGL173C	YLR150W
YGL173C	YLR175W
YGL173C	YNL147W
YGL173C	YOL097C
YGL173C	YPR110C
YGL176C	YHR027C
YGL179C	YGR104C
YGL187C	YNL052W
YGL190C	YML109W
YGL190C	YMR304W
YGL190C	YOR162C
YGL195W	YKR037C
YGL195W	YMR186W
YGL197W	YLR310C
YGL197W	YNL273W
YGL201C	YLR355C
YGL201C	YOR157C
YGL213C	YIL033C
YGL213C	YKL023W
YGL213C	YLR150W
YGL213C	YPR189W
YGL229C	YLL022C
YGL232W	YNL177C
YGL232W	YPL212C
YGL233W	YIL148W
YGL237C	YMR312W
YGL237C	YOR358W
YGL238W	YLR258W
YGR002C	YJL081C
YGR002C	YJR082C
YGR002C	YLR399C
YGR002C	YNL097C
YGR010W	YMR172W
YGR017W	YLR410W
YGR023W	YLR096W
YGR031W	YIL107C
YGR031W	YJR089W
YGR032W	YIL148W
YGR033C	YLR218C
YGR048W	YHR124W
YGR048W	YLR455W
YGR052W	YMR284W
YGR059W	YNL262W
YGR059W	YPR103W
YGR063C	YJL140W
YGR063C	YML059C
YGR063C	YNL201C
YGR063C	YOR061W
YGR063C	YOR151C
YGR063C	YPL090C
YGR063C	YPR187W
YGR067C	YGR103W
YGR070W	YLR371W
YGR072W	YHR077C
YGR072W	YLR203C
YGR074W	YHR165C
YGR074W	YJL203W
YGR074W	YLR275W
YGR074W	YNL092W
YGR074W	YOR159C
YGR074W	YPL190C
YGR078C	YJL179W
YGR078C	YLR258W
YGR078C	YML094W
YGR078C	YNL153C
YGR080W	YLR203C
YGR080W	YPL022W
YGR086C	YHR027C
YGR086C	YIL159W
YGR086C	YJR156C
YGR086C	YKL142W
YGR086C	YKR092C
YGR086C	YLR079W
YGR086C	YLR144C
YGR086C	YLR175W
YGR086C	YLR429W
YGR086C	YML095C
YGR086C	YMR086W
YGR086C	YMR120C
YGR086C	YMR186W
YGR086C	YOR035C
YGR086C	YOR091W
YGR086C	YOR195W
YGR086C	YPL074W
YGR086C	YPR115W
YGR103W	YJL089W
YGR103W	YJL138C
YGR103W	YJL192C
YGR103W	YML059C
YGR103W	YMR023C
YGR103W	YMR229C
YGR103W	YNL054W
YGR103W	YOL103W
YGR103W	YOR061W
YGR103W	YOR355W
YGR103W	YPL093W
YGR103W	YPL248C
YGR104C	YHR041C
YGR104C	YIL110W
YGR104C	YJL207C
YGR104C	YLL034C
YGR104C	YLR071C
YGR104C	YLR258W
YGR104C	YML097C
YGR104C	YMR080C
YGR104C	YMR230W
YGR104C	YNL168C
YGR104C	YNL236W
YGR104C	YNR010W
YGR104C	YOL135C
YGR104C	YOR013W
YGR104C	YOR141C
YGR104C	YOR355W
YGR104C	YPL158C
YGR104C	YPR070W
YGR115C	YKR018C
YGR126W	YJR119C
YGR126W	YLR435W
YGR126W	YOR138C
YGR126W	YOR386W
YGR126W	YPR093C
YGR136W	YKL117W
YGR136W	YLR144C
YGR136W	YMR048W
YGR145W	YNR054C
YGR155W	YHR007C
YGR155W	YIL126W
YGR155W	YML076C
YGR155W	YMR323W
YGR155W	YOR124C
YGR155W	YOR151C
YGR155W	YPL061W
YGR155W	YPR080W
YGR158C	YGR195W
YGR158C	YHR069C
YGR158C	YHR081W
YGR158C	YNL161W
YGR158C	YOL142W
YGR158C	YOR076C
YGR165W	YIL070C
YGR165W	YIL093C
YGR165W	YJL063C
YGR165W	YJR113C
YGR165W	YNL306W
YGR165W	YOR158W
YGR167W	YKL104C
YGR167W	YOR174W
YGR167W	YPR018W
YGR184C	YLR096W
YGR186W	YOL005C
YGR188C	YMR304W
YGR195W	YOR076C
YGR198W	YLR197W
YGR198W	YLR380W
YGR209C	YIL107C
YGR209C	YJL033W
YGR209C	YJL115W
YGR209C	YLL060C
YGR209C	YLR039C
YGR209C	YNL262W
YGR220C	YNL284C
YGR224W	YML056C
YGR240C	YIL148W
YGR240C	YJL157C
YGR240C	YMR146C
YGR240C	YOL013C
YGR240C	YOR124C
YGR250C	YJL008C
YGR250C	YML051W
YGR253C	YML092C
YGR253C	YMR314W
YGR253C	YNL168C
YGR253C	YOR148C
YGR253C	YOR157C
YGR253C	YOR362C
YGR253C	YPR103W
YGR255C	YNL330C
YGR261C	YLR429W
YGR261C	YPL195W
YGR274C	YML098W
YGR274C	YMR005W
YGR274C	YMR236W
YGR274C	YMR312W
YGR274C	YPL011C
YGR274C	YPL167C
YGR275W	YIL126W
YGR275W	YJL176C
YGR275W	YKL112W
YGR275W	YLR033W
YGR275W	YLR357W
YGR275W	YOR290C
YGR275W	YPL016W
YGR278W	YLL036C
YGR278W	YLR117C
YGR278W	YLR153C
YHL007C	YLR380W
YHL007C	YOR075W
YHL014C	YPL240C
YHL019C	YKL135C
YHL024W	YHR077C
YHL024W	YLR429W
YHL027W	YIL107C
YHL027W	YJR010C-A
YHL027W	YML112W
YHL027W	YNL031C
YHL027W	YOL090W
YHL030W	YOR159C
YHL034C	YHR193C
YHL034C	YIL148W
YHL034C	YJL033W
YHL034C	YLR175W
YHL034C	YMR229C
YHL034C	YNR053C
YHL034C	YOR310C
YHL034C	YPL022W
YHR001W	YJL115W
YHR001W	YLR424W
YHR015W	YOR141C
YHR027C	YHR196W
YHR027C	YIL071C
YHR027C	YIL156W
YHR027C	YKL145W
YHR027C	YLR262C
YHR027C	YLR319C
YHR027C	YMR191W
YHR027C	YMR312W
YHR027C	YNL246W
YHR027C	YOL022C
YHR027C	YOR259C
YHR027C	YOR261C
YHR027C	YPL240C
YHR029C	YNL317W
YHR034C	YMR186W
YHR034C	YOR310C
YHR034C	YPL240C
YHR041C	YNR010W
YHR041C	YOL135C
YHR041C	YOR174W
YHR052W	YKR018C
YHR052W	YLR131C
YHR052W	YMR229C
YHR052W	YNL110C
YHR052W	YPR052C
YHR054C	YML062C
YHR061C	YNR060W
YHR062C	YLR145W
YHR062C	YNL221C
YHR062C	YNL282W
YHR062C	YOL013C
YHR066W	YKR024C
YHR066W	YLR175W
YHR066W	YMR229C
YHR066W	YMR239C
YHR066W	YPL012W
YHR066W	YPR143W
YHR068W	YIL070C
YHR068W	YJL033W
YHR068W	YNL250W
YHR069C	YHR081W
YHR069C	YKL129C
YHR069C	YOL142W
YHR069C	YOR076C
YHR077C	YJR122W
YHR077C	YLR382C
YHR077C	YML052W
YHR077C	YOR159C
YHR081W	YNL048W
YHR081W	YOL142W
YHR082C	YIL156W
YHR082C	YKL210W
YHR082C	YLR022C
YHR085W	YIL070C
YHR087W	YIL162W
YHR087W	YNL031C
YHR111W	YOL005C
YHR118C	YIR007W
YHR118C	YLR175W
YHR118C	YLR429W
YHR118C	YML065W
YHR118C	YMR072W
YHR118C	YNL088W
YHR118C	YPR052C
YHR118C	YPR171W
YHR124W	YIL156W
YHR124W	YPR117W
YHR127W	YKL067W
YHR137W	YHR183W
YHR137W	YOR310C
YHR138C	YIL094C
YHR146W	YPL154C
YHR154W	YNL155W
YHR160C	YML092C
YHR160C	YMR180C
YHR165C	YLR275W
YHR165C	YNL246W
YHR165C	YNR011C
YHR165C	YOR159C
YHR167W	YML062C
YHR167W	YNL004W
YHR182W	YNL233W
YHR183W	YNL250W
YHR193C	YJR011C
YHR193C	YNL088W
YHR193C	YNL112W
YHR193C	YNL248C
YHR193C	YPL037C
YHR193C	YPL225W
YHR193C	YPL249C-A
YHR196W	YJL033W
YHR196W	YLR175W
YHR196W	YPL126W
YIL014W	YPL195W
YIL017C	YIL097W
YIL017C	YMR135C
YIL033C	YOR057W
YIL070C	YIL093C
YIL070C	YJR113C
YIL070C	YKL009W
YIL070C	YLR429W
YIL070C	YNL031C
YIL070C	YNL168C
YIL070C	YNL306W
YIL070C	YOR035C
YIL070C	YOR158W
YIL070C	YPL032C
YIL070C	YPL116W
YIL071C	YMR025W
YIL071C	YNL004W
YIL071C	YOL117W
YIL071C	YPR080W
YIL084C	YJL123C
YIL084C	YNL097C
YIL084C	YNL330C
YIL084C	YPL181W
YIL093C	YJL063C
YIL093C	YJR113C
YIL093C	YOR157C
YIL093C	YOR158W
YIL094C	YKR003W
YIL094C	YNL304W
YIL094C	YNR053C
YIL095W	YJL033W
YIL095W	YLR022C
YIL097W	YMR135C
YIL097W	YPL061W
YIL107C	YLR089C
YIL107C	YML106W
YIL107C	YOR116C
YIL112W	YKR029C
YIL115C	YJL061W
YIL115C	YOR046C
YIL125W	YIL156W
YIL126W	YJR070C
YIL126W	YLR033W
YIL126W	YLR357W
YIL126W	YNL312W
YIL126W	YOR290C
YIL129C	YNL250W
YIL129C	YPR103W
YIL135C	YLR175W
YIL135C	YOL076W
YIL143C	YLR258W
YIL148W	YJL138C
YIL148W	YKL080W
YIL148W	YKL104C
YIL148W	YKL210W
YIL148W	YKL213C
YIL148W	YKR001C
YIL148W	YLL022C
YIL148W	YLL060C
YIL148W	YLR175W
YIL148W	YLR380W
YIL148W	YLR455W
YIL148W	YMR186W
YIL148W	YMR230W
YIL148W	YMR276W
YIL148W	YNL248C
YIL148W	YNL250W
YIL148W	YNL262W
YIL148W	YNR016C
YIL148W	YOR046C
YIL148W	YOR253W
YIL148W	YOR355W
YIL148W	YPR107C
YIL152W	YJR092W
YIL156W	YIR003W
YIL156W	YJR147W
YIL156W	YLR014C
YIL156W	YNL297C
YIL156W	YNR016C
YIL156W	YOR124C
YIL159W	YKL142W
YIL159W	YLR197W
YIL159W	YOL097C
YIL161W	YNL023C
YIL162W	YNL031C
YIL166C	YMR304W
YIR007W	YLR027C
YIR007W	YMR186W
YIR007W	YNL023C
YIR007W	YPR080W
YIR010W	YKL089W
YIR010W	YLR429W
YIR010W	YMR117C
YIR022W	YJR010C-A
YIR022W	YML012W
YIR025W	YKL022C
YJL008C	YJL033W
YJL010C	YLR197W
YJL033W	YJL138C
YJL033W	YKR025W
YJL033W	YLL034C
YJL033W	YLR043C
YJL033W	YLR150W
YJL033W	YLR197W
YJL033W	YLR259C
YJL033W	YLR429W
YJL033W	YLR442C
YJL033W	YLR455W
YJL033W	YMR229C
YJL033W	YNL132W
YJL033W	YNR039C
YJL033W	YOL006C
YJL033W	YOR310C
YJL035C	YLR275W
YJL042W	YLR429W
YJL044C	YLR150W
YJL044C	YNL123W
YJL053W	YJL154C
YJL053W	YOR132W
YJL063C	YJR113C
YJL063C	YNL306W
YJL063C	YPL183C
YJL069C	YLR129W
YJL069C	YLR409C
YJL069C	YPL086C
YJL070C	YJL157C
YJL070C	YML035C
YJL070C	YML125C
YJL070C	YNR016C
YJL080C	YLL027W
YJL080C	YMR186W
YJL080C	YOL013C
YJL081C	YJR082C
YJL081C	YLR052W
YJL081C	YLR399C
YJL081C	YML041C
YJL081C	YNL097C
YJL081C	YOR141C
YJL081C	YOR189W
YJL087C	YLR418C
YJL091C	YKL112W
YJL092W	YJL115W
YJL092W	YLR429W
YJL101C	YJR122W
YJL102W	YLL022C
YJL115W	YJR104C
YJL115W	YJR140C
YJL115W	YLL034C
YJL115W	YMR086W
YJL115W	YNL030W
YJL115W	YNL031C
YJL115W	YNL113W
YJL115W	YNL312W
YJL115W	YOL145C
YJL115W	YOR061W
YJL118W	YKL093W
YJL123C	YNL330C
YJL123C	YPL183C
YJL129C	YKL142W
YJL132W	YLR258W
YJL137C	YLR258W
YJL137C	YOR157C
YJL138C	YJR064W
YJL138C	YJR140C
YJL138C	YLR027C
YJL138C	YLR371W
YJL138C	YLR380W
YJL138C	YLR429W
YJL138C	YMR196W
YJL138C	YNL250W
YJL138C	YOL013C
YJL138C	YOR061W
YJL138C	YOR341W
YJL138C	YPR010C
YJL140W	YOL005C
YJL140W	YOR224C
YJL146W	YPL154C
YJL154C	YKL195W
YJL154C	YOR132W
YJL157C	YJR011C
YJL157C	YOR216C
YJL157C	YPR115W
YJL162C	YLR197W
YJL176C	YLR258W
YJL176C	YNR010W
YJL176C	YOR290C
YJL176C	YPL016W
YJL179W	YML094W
YJL179W	YNL153C
YJL197W	YJR031C
YJL197W	YLR087C
YJL197W	YOL092W
YJL197W	YOL159C
YJL199C	YPL240C
YJL203W	YLR011W
YJL203W	YML049C
YJL203W	YMR288W
YJL203W	YOR159C
YJL206C	YPL090C
YJL217W	YPR118W
YJR002W	YKL035W
YJR005W	YJR058C
YJR010C-A	YKL009W
YJR010C-A	YLR066W
YJR010C-A	YLR075W
YJR010C-A	YLR150W
YJR010C-A	YLR342W
YJR010C-A	YML055W
YJR010C-A	YML072C
YJR010C-A	YMR229C
YJR010C-A	YMR312W
YJR010C-A	YOR086C
YJR010C-A	YOR310C
YJR010C-A	YPL249C-A
YJR011C	YPL037C
YJR017C	YOR151C
YJR017C	YOR224C
YJR031C	YKL112W
YJR031C	YOR310C
YJR031C	YPL116W
YJR036C	YOR157C
YJR050W	YPR101W
YJR051W	YOL142W
YJR058C	YOL062C
YJR060W	YOR158W
YJR063W	YNL113W
YJR063W	YNL248C
YJR063W	YOR341W
YJR063W	YPR010C
YJR063W	YPR110C
YJR063W	YPR187W
YJR065C	YLR203C
YJR065C	YLR370C
YJR065C	YLR429W
YJR065C	YMR028W
YJR065C	YPL022W
YJR070C	YLR309C
YJR070C	YOR372C
YJR082C	YLR150W
YJR082C	YLR455W
YJR104C	YKL117W
YJR104C	YKR003W
YJR110W	YLR424W
YJR113C	YNL306W
YJR113C	YOR158W
YJR119C	YLL040C
YJR119C	YLR335W
YJR119C	YMR072W
YJR119C	YMR312W
YJR119C	YNL215W
YJR119C	YPR052C
YJR122W	YOL090W
YJR129C	YML100W
YJR131W	YKR072C
YJR139C	YMR186W
YJR140C	YLR175W
YJR140C	YNL312W
YJR140C	YOR128C
YJR148W	YLR418C
YJR156C	YLR423C
YKL009W	YPR080W
YKL016C	YOR058C
YKL017C	YLR399C
YKL020C	YPR018W
YKL035W	YLR177W
YKL035W	YNL075W
YKL035W	YOR310C
YKL035W	YPL061W
YKL035W	YPR144C
YKL040C	YLL027W
YKL052C	YKR037C
YKL052C	YKR083C
YKL057C	YNL153C
YKL072W	YKL157W
YKL074C	YLR116W
YKL075C	YLR197W
YKL075C	YMR229C
YKL075C	YOR091W
YKL100C	YMR170C
YKL104C	YLR039C
YKL104C	YLR336C
YKL104C	YNL229C
YKL104C	YOR362C
YKL105C	YLR429W
YKL105C	YOR057W
YKL112W	YMR109W
YKL112W	YNL031C
YKL112W	YPL137C
YKL116C	YOR078W
YKL117W	YMR173W
YKL117W	YOR262W
YKL122C	YKL129C
YKL122C	YPL243W
YKL129C	YLR175W
YKL129C	YMR109W
YKL134C	YNL021W
YKL135C	YLR455W
YKL142W	YOR046C
YKL142W	YOR128C
YKL142W	YPR008W
YKL144C	YKR025W
YKL144C	YNL113W
YKL145W	YOR261C
YKL149C	YNR016C
YKL157W	YLL028W
YKL157W	YML065W
YKL176C	YKL210W
YKL193C	YML062C
YKL210W	YLR084C
YKL210W	YMR108W
YKL210W	YNL246W
YKL210W	YNL250W
YKL210W	YNL275W
YKL210W	YNR016C
YKL210W	YOR184W
YKL210W	YPR201W
YKL213C	YLR362W
YKL214C	YML062C
YKL214C	YPL178W
YKL216W	YLR113W
YKL216W	YLR239C
YKR001C	YLR262C
YKR014C	YMR258C
YKR018C	YLL052C
YKR024C	YML056C
YKR024C	YMR229C
YKR024C	YOR310C
YKR025W	YOR116C
YKR025W	YPR110C
YKR037C	YKR083C
YKR038C	YML036W
YKR046C	YML065W
YKR046C	YNL317W
YKR054C	YLR381W
YKR063C	YNL233W
YKR064W	YOR249C
YKR067W	YOR174W
YKR072C	YOR061W
YKR092C	YLR197W
YKR092C	YLR429W
YKR092C	YLR435W
YKR092C	YNL049C
YKR092C	YOR310C
YLL019C	YLR052W
YLL021W	YMR224C
YLL021W	YOR362C
YLL022C	YLR259C
YLL022C	YLR429W
YLL022C	YNL030W
YLL022C	YNL031C
YLL022C	YNL147W
YLL022C	YNR060W
YLL022C	YPL194W
YLL023C	YLL029W
YLL029W	YLR150W
YLL029W	YOR124C
YLL029W	YOR138C
YLL029W	YPL016W
YLL029W	YPL240C
YLL033W	YPR107C
YLL034C	YLR150W
YLL034C	YNL271C
YLL035W	YMR120C
YLL036C	YLR117C
YLL036C	YLR132C
YLL036C	YPL151C
YLL036C	YPR101W
YLL036C	YPR134W
YLL040C	YOR261C
YLL050C	YLR039C
YLL050C	YLR203C
YLL050C	YNL262W
YLL050C	YPR073C
YLL060C	YLR043C
YLL060C	YLR258W
YLL060C	YLR429W
YLL061W	YLR027C
YLL062C	YOR064C
YLR005W	YPR056W
YLR022C	YLR150W
YLR022C	YLR175W
YLR022C	YLR197W
YLR022C	YMR229C
YLR022C	YNL163C
YLR022C	YPL146C
YLR026C	YNL153C
YLR027C	YMR186W
YLR027C	YMR323W
YLR027C	YNL172W
YLR033W	YLR357W
YLR033W	YPL022W
YLR035C	YMR186W
YLR039C	YLR380W
YLR039C	YOR014W
YLR043C	YLR203C
YLR043C	YNL250W
YLR052W	YNL215W
YLR052W	YOR141C
YLR052W	YOR189W
YLR055C	YMR007W
YLR055C	YMR236W
YLR064W	YMR123W
YLR071C	YNL025C
YLR071C	YNL236W
YLR071C	YNR010W
YLR071C	YOR174W
YLR071C	YPL042C
YLR071C	YPR070W
YLR072W	YNL031C
YLR072W	YOR141C
YLR074C	YNR053C
YLR075W	YNR053C
YLR075W	YPL220W
YLR079W	YLR417W
YLR079W	YPR179C
YLR089C	YLR259C
YLR095C	YMR044W
YLR096W	YLR187W
YLR096W	YPL063W
YLR113W	YNL162W
YLR117C	YPL151C
YLR117C	YPR101W
YLR129W	YLR409C
YLR129W	YNR054C
YLR131C	YNL254C
YLR132C	YMR186W
YLR132C	YPL240C
YLR132C	YPR191W
YLR143W	YMR170C
YLR143W	YOR341W
YLR144C	YLR175W
YLR144C	YLR429W
YLR144C	YML041C
YLR144C	YMR109W
YLR150W	YLR333C
YLR150W	YLR355C
YLR150W	YLR418C
YLR150W	YLR435W
YLR150W	YLR455W
YLR150W	YML100W
YLR150W	YML102W
YLR150W	YMR173W
YLR150W	YMR229C
YLR150W	YNL110C
YLR150W	YNL250W
YLR150W	YNL262W
YLR150W	YNL317W
YLR150W	YNR053C
YLR150W	YOL061W
YLR150W	YOL135C
YLR150W	YOR058C
YLR150W	YOR257W
YLR150W	YOR359W
YLR150W	YPL037C
YLR150W	YPL146C
YLR150W	YPL150W
YLR150W	YPL195W
YLR152C	YLR258W
YLR153C	YMR111C
YLR153C	YOL013C
YLR153C	YOR257W
YLR153C	YPR080W
YLR167W	YLR435W
YLR175W	YLR197W
YLR175W	YLR371W
YLR175W	YLR410W
YLR175W	YML017W
YLR175W	YMR037C
YLR175W	YMR229C
YLR175W	YMR304W
YLR175W	YOR191W
YLR175W	YOR310C
YLR175W	YPL090C
YLR175W	YPL240C
YLR178C	YNL009W
YLR187W	YML056C
YLR189C	YOR124C
YLR192C	YMR186W
YLR192C	YPL183C
YLR194C	YNL050C
YLR197W	YLR380W
YLR197W	YLR455W
YLR197W	YML012W
YLR197W	YMR304W
YLR197W	YNL045W
YLR197W	YNL088W
YLR197W	YNL250W
YLR197W	YNR054C
YLR197W	YOL093W
YLR197W	YOL144W
YLR197W	YOR078W
YLR197W	YOR310C
YLR203C	YLR429W
YLR203C	YPL146C
YLR218C	YLR429W
YLR223C	YMR224C
YLR257W	YOR157C
YLR258W	YLR357W
YLR258W	YML001W
YLR258W	YMR198W
YLR258W	YMR304W
YLR258W	YOL090W
YLR258W	YOR157C
YLR258W	YPR010C
YLR259C	YML056C
YLR259C	YNL085W
YLR259C	YPR180W
YLR262C	YMR186W
YLR270W	YOR173W
YLR275W	YNL147W
YLR275W	YNR011C
YLR275W	YOR159C
YLR275W	YOR305W
YLR275W	YPR101W
YLR288C	YOR368W
YLR292C	YOR254C
YLR299W	YOR168W
YLR315W	YLR381W
YLR315W	YPR046W
YLR319C	YOL016C
YLR333C	YML056C
YLR345W	YML098W
YLR354C	YPL236C
YLR355C	YNL250W
YLR355C	YNL262W
YLR355C	YPL225W
YLR362W	YNL262W
YLR371W	YMR277W
YLR375W	YML059C
YLR380W	YLR381W
YLR380W	YLR429W
YLR380W	YOR355W
YLR381W	YPL082C
YLR384C	YMR312W
YLR384C	YPL086C
YLR408C	YNL086W
YLR409C	YNR053C
YLR409C	YNR054C
YLR418C	YLR429W
YLR418C	YMR113W
YLR418C	YMR186W
YLR418C	YOL145C
YLR418C	YOR061W
YLR418C	YOR138C
YLR418C	YPL242C
YLR418C	YPL243W
YLR423C	YPR049C
YLR429W	YMR086W
YLR429W	YMR229C
YLR429W	YNL031C
YLR429W	YNL032W
YLR429W	YOL098C
YLR429W	YOR124C
YLR429W	YPL022W
YLR429W	YPL146C
YLR429W	YPR010C
YLR429W	YPR093C
YLR429W	YPR171W
YLR435W	YNL230C
YLR435W	YOR128C
YLR435W	YOR310C
YLR435W	YPL146C
YLR435W	YPL231W
YLR435W	YPL249C-A
YLR436C	YMR304W
YLR454W	YNL153C
YLR455W	YMR229C
YLR455W	YNL088W
YLR455W	YNL248C
YLR455W	YOR064C
YLR455W	YOR310C
YML012W	YML055W
YML025C	YPL173W
YML031W	YNL304W
YML031W	YPL177C
YML032C	YMR186W
YML049C	YMR288W
YML049C	YOR319W
YML056C	YMR186W
YML056C	YNL053W
YML056C	YNL287W
YML056C	YOR128C
YML056C	YOR360C
YML057W	YPR184W
YML062C	YNL004W
YML062C	YOR191W
YML065W	YMR072W
YML065W	YPR052C
YML078W	YPR184W
YML092C	YMR314W
YML092C	YOL136C
YML092C	YOR157C
YML092C	YOR355W
YML092C	YOR362C
YML092C	YPR103W
YML094W	YNL153C
YML095C	YPL022W
YML098W	YMR005W
YML098W	YMR236W
YML098W	YPL137C
YML100W	YNL317W
YML100W	YNR060W
YML102W	YPR018W
YML106W	YPR052C
YML109W	YML131W
YML131W	YMR191W
YML131W	YOL154W
YMR005W	YMR236W
YMR005W	YPL011C
YMR020W	YNL246W
YMR028W	YOR157C
YMR029C	YOR303W
YMR044W	YMR072W
YMR048W	YNL273W
YMR048W	YOL154W
YMR101C	YOR191W
YMR109W	YOR141C
YMR118C	YMR173W
YMR120C	YNR034W
YMR146C	YNL287W
YMR146C	YOR254C
YMR146C	YPL178W
YMR165C	YNL050C
YMR165C	YPL031C
YMR172W	YMR276W
YMR172W	YOR061W
YMR173W	YMR277W
YMR173W	YNL248C
YMR173W	YPL126W
YMR180C	YMR304W
YMR180C	YPL231W
YMR186W	YNL281W
YMR186W	YNR016C
YMR186W	YNR022C
YMR186W	YOL013C
YMR186W	YOR057W
YMR186W	YPL051W
YMR186W	YPL146C
YMR186W	YPL240C
YMR186W	YPR093C
YMR191W	YPL084W
YMR196W	YMR275C
YMR200W	YOR021C
YMR207C	YNR016C
YMR217W	YNL288W
YMR229C	YNL088W
YMR229C	YOL076W
YMR229C	YOR253W
YMR230W	YNL250W
YMR232W	YMR304W
YMR236W	YPL011C
YMR236W	YPL254W
YMR239C	YPL212C
YMR239C	YPR134W
YMR255W	YOR046C
YMR260C	YNR050C
YMR275C	YOL098C
YMR275C	YPL146C
YMR277W	YOL117W
YMR288W	YOR159C
YMR291W	YNL118C
YMR304W	YNR047W
YMR304W	YOR124C
YMR307W	YPL240C
YMR312W	YOR358W
YMR314W	YNL168C
YMR314W	YOR157C
YMR314W	YOR362C
YMR314W	YPR103W
YNL009W	YOL013C
YNL009W	YOR089C
YNL015W	YOR168W
YNL021W	YOR138C
YNL021W	YPR179C
YNL022C	YOR209C
YNL030W	YNL031C
YNL030W	YOL054W
YNL031C	YNL049C
YNL031C	YNL079C
YNL031C	YNL312W
YNL031C	YOL054W
YNL031C	YOR061W
YNL032W	YNL099C
YNL045W	YNL288W
YNL045W	YNR001C
YNL045W	YPL003W
YNL049C	YPL085W
YNL071W	YNL330C
YNL071W	YPL139C
YNL088W	YOR310C
YNL088W	YOR356W
YNL088W	YPL220W
YNL088W	YPR072W
YNL088W	YPR144C
YNL092W	YOR159C
YNL097C	YNL330C
YNL097C	YPL139C
YNL097C	YPL181W
YNL099C	YNR054C
YNL110C	YNR053C
YNL110C	YPL093W
YNL110C	YPL146C
YNL112W	YPL037C
YNL113W	YNL248C
YNL113W	YNR003C
YNL113W	YOR116C
YNL113W	YOR341W
YNL113W	YPR010C
YNL113W	YPR049C
YNL113W	YPR110C
YNL113W	YPR187W
YNL115C	YOR261C
YNL117W	YOR290C
YNL118C	YOL149W
YNL118C	YOR191W
YNL130C	YPL212C
YNL132W	YNR054C
YNL147W	YOR159C
YNL162W	YOL097C
YNL162W	YPR144C
YNL168C	YOR124C
YNL168C	YPL037C
YNL172W	YPR171W
YNL188W	YOR057W
YNL215W	YOR141C
YNL221C	YNL282W
YNL222W	YNL317W
YNL222W	YPR107C
YNL233W	YPL240C
YNL236W	YNR010W
YNL236W	YOL135C
YNL236W	YOR174W
YNL236W	YPR070W
YNL248C	YNR003C
YNL248C	YOL090W
YNL248C	YOR224C
YNL248C	YOR310C
YNL248C	YOR341W
YNL248C	YPR010C
YNL248C	YPR110C
YNL248C	YPR187W
YNL250W	YNR053C
YNL250W	YPL146C
YNL262W	YPL090C
YNL271C	YOR157C
YNL287W	YPR007C
YNL287W	YPR117W
YNL304W	YNR016C
YNL306W	YOR158W
YNL312W	YOR355W
YNL317W	YOL081W
YNL317W	YOR289W
YNL317W	YPR052C
YNL317W	YPR107C
YNL330C	YOR046C
YNL330C	YPL139C
YNL330C	YPL181W
YNR003C	YOR116C
YNR003C	YPR010C
YNR003C	YPR110C
YNR003C	YPR187W
YNR010W	YOR174W
YNR010W	YPL042C
YNR010W	YPR070W
YNR011C	YOR159C
YNR011C	YPL012W
YNR014W	YPL240C
YNR016C	YOL005C
YNR016C	YOL113W
YNR016C	YOR216C
YNR046W	YOL124C
YNR053C	YPL093W
YNR053C	YPL146C
YNR053C	YPL249C-A
YNR054C	YOR310C
YNR054C	YPL240C
YOL005C	YOR151C
YOL005C	YOR224C
YOL005C	YPR187W
YOL013C	YPL160W
YOL013C	YPL240C
YOL013C	YPR069C
YOL054W	YOR132W
YOL072W	YPR080W
YOL081W	YOR310C
YOL098C	YPL146C
YOL098C	YPR171W
YOL101C	YPR103W
YOL111C	YOR007C
YOL111C	YOR164C
YOL135C	YOR174W
YOL135C	YPR070W
YOL142W	YOR076C
YOL144W	YOR310C
YOL145C	YOR061W
YOR046C	YPL139C
YOR057W	YOR261C
YOR058C	YPL146C
YOR076C	YPL037C
YOR078W	YOR310C
YOR089C	YOR370C
YOR093C	YOR310C
YOR093C	YPR144C
YOR116C	YPR110C
YOR116C	YPR187W
YOR119C	YOR157C
YOR124C	YOR138C
YOR141C	YOR189W
YOR151C	YOR224C
YOR151C	YPR187W
YOR157C	YOR169C
YOR157C	YOR362C
YOR157C	YPR093C
YOR157C	YPR103W
YOR159C	YOR305W
YOR159C	YPR101W
YOR174W	YOR349W
YOR174W	YPR070W
YOR209C	YOR257W
YOR209C	YOR261C
YOR223W	YOR290C
YOR224C	YOR341W
YOR224C	YPL225W
YOR241W	YOR303W
YOR257W	YPL032C
YOR257W	YPL116W
YOR259C	YOR261C
YOR290C	YOR355W
YOR290C	YPL016W
YOR310C	YOR371C
YOR310C	YPR144C
YOR341W	YPR010C
YOR341W	YPR110C
YOR341W	YPR187W
YOR355W	YPR180W
YOR362C	YPR103W
YPL022W	YPL146C
YPL022W	YPL183C
YPL022W	YPR171W
YPL031C	YPL219W
YPL037C	YPL183C
YPL042C	YPR018W
YPL047W	YPL254W
YPL051W	YPR080W
YPL085W	YPL227C
YPL110C	YPR117W
YPL116W	YPL220W
YPL139C	YPL181W
YPL151C	YPR101W
YPL151C	YPR134W
YPL195W	YPL212C
YPL220W	YPR080W
YPL240C	YPR189W
YPR010C	YPR110C
YPR010C	YPR187W
YPR046W	YPR052C
YPR049C	YPR110C
YPR080W	YPR107C
YPR110C	YPR187W
